,Name,Season,Age,Tm,Lg,Pos,G,GS,MP,FG,FGA,FG%,3P,3PA,3P%,2P,2PA,2P%,eFG%,FT,FTA,FT%,ORB,DRB,TRB,AST,STL,BLK,TOV,PF,PTS,MidSeasonTrade,"Career high, Points","Career high, Rebounds","Career high, Assists","Career high, Steals","Career high, Blocks","Career high, Game Score",Triple-Doubles,College,Image URL,All Star Games,Championships,HOF,Pick #,Draft Year
0,Shai Gilgeous-Alexander,2018-19,20.0,['LAC' 'OKC'],NBA,PG,82.0,73.0,35.5,10.4,20.3,0.51,2.0,5.3,0.418,9.5,17.8,0.547,0.571,9.8,10.9,0.905,0.9,5.2,5.9,5.9,1.6,1.0,3.0,2.8,31.4,0,44.0,20.0,14.0,5.0,4.0,41.7,2.0,['KENTUCKY'],https://www.basketball-reference.com/req/202106291/images/headshots/gilgesh01.jpg,1,0,0,11,2018
0,Bill Gabor,1949-50,27.0,['SYR'],NBA,SG,69.0,,19.9,4.2,12.2,0.37,,,,,,,,3.1,4.1,0.776,,,2.5,3.7,,,,3.8,11.3,0,32.0,8.0,8.0,,,,,['SYRACUSE'],,1,0,0,,1948
0,Rubén Garcés,2000-01,27.0,['TOT' 'PHO' 'GSW'],NBA,PF,13.0,0.0,6.2,0.7,2.3,0.467,0.0,0.0,,0.7,2.3,0.467,0.467,0.2,0.8,0.25,1.3,1.0,2.3,0.4,0.3,0.3,0.5,1.4,1.6,1,6.0,11.0,1.0,1.0,1.0,4.6,,['PROVIDENCE'],,0,0,0,,
0,A.J. Guyton,2000-01,22.0,['CHI' 'GSW'],NBA,PG,45.0,8.0,19.1,2.4,5.8,0.406,1.0,2.7,0.391,1.5,3.7,0.415,0.477,0.5,0.6,0.833,0.3,0.8,1.1,1.9,0.5,0.2,0.8,1.1,6.0,0,24.0,5.0,7.0,2.0,2.0,20.7,,['INDIANA'],,0,0,0,3,2000
0,Chuck Gardner,1967-68,23.0,['DNR'],ABA,PF,42.0,,11.6,1.7,4.2,0.406,0.0,0.1,0.0,1.7,4.1,0.415,0.406,1.3,1.9,0.696,,,3.2,0.3,,,1.2,1.8,4.7,0,19.0,8.0,,,,,,['COLORADO'],,0,0,0,3,1966
0,Glen Gondrezick,1977-78,22.0,['NYK' 'DEN'],NBA,SF,80.0,2.0,21.4,3.1,6.2,0.517,0.0,0.1,0.333,3.1,6.2,0.521,0.521,2.0,2.7,0.818,2.0,3.7,5.7,1.9,1.3,0.5,1.3,3.0,8.3,0,27.0,16.0,8.0,6.0,3.0,32.7,,['UNLV'],,0,0,0,4,1977
0,Brian Grant,1994-95,22.0,['SAC' 'POR' 'MIA' 'LAL' 'PHO'],NBA,PF,82.0,82.0,33.8,5.9,12.3,0.511,0.1,0.2,0.5,5.9,12.3,0.513,0.511,3.8,4.7,0.875,3.6,7.3,10.2,1.9,0.8,1.5,2.4,3.7,15.2,0,34.0,24.0,7.0,5.0,6.0,36.6,,['XAVIER'],https://www.basketball-reference.com/req/202106291/images/headshots/grantbr01.jpg,0,0,0,8,1994
0,Steve Goodrich,2000-01,24.0,['CHI' 'NJN'],NBA,PF,12.0,0.0,11.1,0.6,1.5,0.389,0.1,0.3,0.333,0.5,1.3,0.4,0.417,0.3,0.6,0.571,0.6,1.2,1.8,0.6,0.2,0.2,0.7,1.2,1.6,0,4.0,7.0,4.0,1.0,2.0,5.3,,['PRINCETON'],,0,0,0,,
0,Si Green,1956-57,23.0,['ROC' 'TOT' 'CIN' 'STL' 'CHP' 'CHZ' 'BAL' 'BOS'],NBA,SG,76.0,,37.1,5.3,14.1,0.415,,,,,,,,3.8,5.3,0.8,,,7.0,5.8,,,,3.8,13.8,1,29.0,21.0,19.0,,,,2.0,['DUQUESNE'],,0,0,0,1,1956
0,Anthony Goldwire,1995-96,24.0,['CHH' 'TOT' 'DEN' 'SAS' 'WAS' 'MIN' 'NJN' 'DET' 'MIL' 'LAC'],NBA,PG,82.0,32.0,27.0,3.3,7.8,0.571,1.2,3.0,1.0,2.5,5.8,0.5,0.643,1.8,2.3,1.0,0.5,1.8,2.1,4.6,1.0,0.1,1.5,1.9,9.2,1,22.0,9.0,15.0,4.0,1.0,24.8,,['HOUSTON'],,0,0,0,25,1994
0,Mickaël Gelabale,2006-07,23.0,['SEA' 'MIN'],NBA,SF,70.0,14.0,17.9,2.0,4.0,0.518,0.4,1.4,0.432,1.6,3.1,0.644,0.576,0.9,1.2,0.875,0.9,1.9,2.8,0.8,0.4,0.3,0.7,1.5,5.0,0,21.0,9.0,7.0,3.0,2.0,18.0,,,https://www.basketball-reference.com/req/202106291/images/headshots/gelabmi01.jpg,0,0,0,18,2005
0,Dean Garrett,1989-90,23.0,['MIN' 'DEN' 'TOT' 'GSW'],Did Not Play (other pro league—Italy),Did Not Play (other pro league—Italy),82.0,82.0,32.1,3.3,6.9,0.573,0.0,0.0,,3.3,6.9,0.573,0.573,1.4,2.1,0.745,2.8,5.1,7.9,1.1,0.7,1.6,1.0,2.4,8.0,1,25.0,21.0,4.0,4.0,7.0,24.4,,['INDIANA'],https://www.basketball-reference.com/req/202106291/images/headshots/garrede01.jpg,0,0,0,13,1988
0,Coulby Gunther,1946-47,23.0,['PIT' 'STB'],BAA,,52.0,,,4.9,14.5,0.336,,,,,,,,4.3,6.8,0.644,,,,1.0,,,,2.3,14.1,0,32.0,,2.0,,,,,,,0,0,0,,
0,Leo Gottlieb,1946-47,26.0,['NYK'],BAA,,57.0,,,2.6,8.7,0.302,,,,,,,,0.6,1.0,0.655,,,,0.4,,,,1.3,5.9,0,22.0,,1.0,,,,,,,0,0,0,,
0,Richie Guerin,1956-57,24.0,['NYK' 'TOT' 'STL' 'ATL'],NBA,SG,80.0,,42.9,10.8,24.3,0.688,,,,,,,,8.0,9.8,1.0,,,7.9,6.9,,,,3.9,29.5,1,57.0,19.0,21.0,,,,16.0,['IONA'],https://www.basketball-reference.com/req/202106291/images/headshots/gueriri01.jpg,6,0,0,8,1954
0,Pau Gasol,2001-02,21.0,['MEM' 'TOT' 'LAL' 'CHI' 'SAS' 'MIL'],NBA,PF,82.0,82.0,39.2,7.8,14.9,0.589,0.9,1.6,0.538,7.8,14.8,0.59,0.589,5.3,7.7,0.823,3.7,9.0,11.8,4.6,0.7,2.1,2.9,2.7,20.8,1,46.0,22.0,14.0,4.0,9.0,38.9,10.0,,https://www.basketball-reference.com/req/202106291/images/headshots/gasolpa01.jpg,6,2,0,3,2001
0,Taurean Green,2007-08,21.0,['TOT' 'POR' 'DEN'],NBA,"PG,SG",17.0,0.0,5.5,0.5,2.0,0.333,0.1,1.0,0.333,0.4,1.0,0.375,0.389,1.0,1.0,1.0,0.0,0.7,0.7,1.0,0.1,0.0,0.9,0.4,2.1,1,6.0,3.0,2.0,1.0,,4.4,,['FLORIDA'],,0,0,0,22,2007
0,Gary Grant,1988-89,23.0,['LAC' 'NYK' 'MIA' 'POR'],NBA,PG,78.0,65.0,34.8,5.5,11.8,0.714,0.5,1.6,0.368,5.4,11.4,0.714,0.714,2.0,2.6,0.857,1.3,3.1,4.4,10.0,2.5,0.2,4.7,2.8,13.1,0,31.0,11.0,21.0,8.0,3.0,28.1,1.0,['MICHIGAN'],,0,0,0,15,1988
0,Earl Gardner,1948-49,25.0,['MNL'],BAA,,50.0,,,0.8,2.0,0.376,,,,,,,,0.3,0.6,0.464,,,,0.4,,,,1.0,1.8,0,12.0,,,,,,,,,0,1,0,,1948
0,Patricio Garino,2016-17,23.0,['ORL'],NBA,SG,5.0,0.0,8.6,0.0,1.4,0.0,0.0,1.0,0.0,0.0,0.4,0.0,0.0,0.0,0.0,,0.2,1.2,1.4,0.0,0.0,0.0,0.6,0.8,0.0,0,,4.0,,,,0.0,,['GEORGEWASH'],https://www.basketball-reference.com/req/202106291/images/headshots/garinpa01.jpg,0,0,0,,
0,John Greig,1982-83,21.0,['SEA'],NBA,SF,9.0,0.0,2.9,0.8,1.4,0.538,0.0,0.0,,0.8,1.4,0.538,0.538,0.6,0.7,0.833,0.2,0.4,0.7,0.0,0.0,0.1,0.2,0.4,2.1,0,8.0,2.0,,,1.0,4.6,,['OREGON'],,0,0,0,19,1982
0,J.R. Giddens,2008-09,23.0,['BOS' 'TOT' 'NYK'],NBA,SF,32.0,1.0,12.7,1.7,3.5,0.667,0.0,0.7,0.0,1.7,2.8,0.667,0.667,0.6,1.0,0.636,1.1,1.7,2.8,0.6,0.5,0.1,0.9,1.7,4.1,1,10.0,9.0,2.0,2.0,1.0,9.0,,['KANSAS' 'NMEXICO'],,0,0,0,30,2008
0,Eric Gordon,2008-09,20.0,['LAC' 'NOH' 'NOP' 'HOU' 'TOT'],NBA,SG,78.0,65.0,37.7,7.6,16.9,0.475,3.3,8.8,0.448,5.9,11.8,0.573,0.597,5.4,7.2,0.888,0.8,2.6,2.9,4.4,1.4,0.5,2.8,2.4,22.3,1,50.0,8.0,11.0,5.0,3.0,43.2,,['INDIANA'],https://www.basketball-reference.com/req/202106291/images/headshots/gordoer01.jpg,0,0,0,7,2008
0,Jacob Gilyard,2022-23,24.0,['MEM'],NBA,PG,1.0,0.0,41.0,1.0,3.0,0.333,1.0,3.0,0.333,0.0,0.0,,0.5,0.0,0.0,,0.0,4.0,4.0,7.0,3.0,0.0,2.0,3.0,3.0,0,3.0,4.0,7.0,3.0,,7.2,,['RICHMOND'],https://www.basketball-reference.com/req/202106291/images/headshots/gilyaja01.jpg,0,0,0,,
0,Thomas Gardner,2007-08,22.0,['CHI' 'ATL'],NBA,SG,16.0,0.0,11.3,2.3,5.8,0.391,0.8,3.0,0.25,1.5,2.8,0.545,0.457,0.1,0.5,0.5,0.8,0.4,1.0,0.3,0.3,0.1,1.0,1.0,5.3,0,14.0,3.0,1.0,4.0,1.0,3.1,,['MISSOURI'],,0,0,0,,
0,Marcin Gortat,2005-06,21.0,['ORL' 'TOT' 'PHO' 'WAS' 'LAC'],Did Not Play (other pro league—Germany),Did Not Play (other pro league—Germany),82.0,82.0,32.8,6.5,11.7,0.579,0.0,0.1,1.0,6.5,11.6,0.58,0.579,2.5,3.8,0.731,3.0,7.5,10.4,1.8,0.7,1.6,1.6,2.6,15.4,1,31.0,20.0,7.0,4.0,7.0,27.9,,,https://www.basketball-reference.com/req/202106291/images/headshots/gortama01.jpg,0,0,0,27,2005
0,Mike Gminski,1980-81,21.0,['NJN' 'TOT' 'PHI' 'CHH' 'MIL'],NBA,C,82.0,82.0,37.6,6.8,14.2,0.517,0.0,0.3,0.333,6.8,14.1,0.518,0.517,4.5,5.1,0.938,3.5,7.0,10.5,2.0,1.0,1.8,2.4,2.3,17.2,1,41.0,22.0,9.0,5.0,8.0,39.9,,['DUKE'],https://www.basketball-reference.com/req/202106291/images/headshots/gminsmi01.jpg,0,0,0,7,1980
0,Darrell Griffith,1980-81,22.0,['UTA'],NBA,SG,82.0,82.0,36.2,9.8,20.4,0.49,1.2,3.3,0.372,9.3,18.5,0.518,0.525,2.8,4.0,0.78,1.6,3.1,4.4,3.5,1.8,0.5,3.3,2.7,22.6,0,41.0,13.0,10.0,6.0,3.0,34.0,,['LOUISVILLE'],https://www.basketball-reference.com/req/202106291/images/headshots/griffda01.jpg,0,0,0,2,1980
0,Josh Grant,1993-94,26.0,['GSW'],NBA,PF,53.0,0.0,7.2,1.1,2.8,0.404,0.3,1.2,0.279,0.8,1.6,0.494,0.462,0.4,0.5,0.759,0.5,1.2,1.7,0.5,0.3,0.2,0.6,1.2,3.0,0,16.0,7.0,3.0,4.0,1.0,14.8,,['UTAH'],,0,0,0,16,1993
0,Gerald Glass,1990-91,23.0,['MIN' 'TOT' 'DET' 'NJN' 'CHH'],NBA,SF,75.0,41.0,24.3,5.1,11.6,0.44,0.2,0.7,0.296,4.9,10.9,0.5,0.449,1.0,1.7,1.0,1.4,2.0,3.5,2.3,0.9,0.4,1.4,2.3,11.5,1,32.0,13.0,7.0,5.0,2.0,24.8,,['DELTAST' 'OLEMISS'],,0,0,0,20,1990
0,Josh Green,2020-21,20.0,['DAL'],NBA,SG,67.0,21.0,25.7,3.4,6.4,0.537,1.1,2.8,0.402,2.3,3.6,0.643,0.626,1.1,1.6,0.723,0.9,2.1,3.0,1.7,0.7,0.2,1.2,2.6,9.1,0,29.0,12.0,10.0,4.0,2.0,23.9,,['ARIZONA'],https://www.basketball-reference.com/req/202106291/images/headshots/greenjo02.jpg,0,0,0,18,2020
0,Harvey Grant,1988-89,23.0,['WSB' 'POR' 'WAS' 'PHI'],NBA,PF,81.0,76.0,37.3,7.9,16.0,0.498,0.4,1.1,0.315,7.9,15.8,0.502,0.498,3.0,4.2,0.8,2.5,4.9,7.2,2.8,1.2,0.8,1.7,3.0,18.6,0,41.0,16.0,8.0,6.0,6.0,33.0,,['CLEMSON' 'OKLAHOMA'],https://www.basketball-reference.com/req/202106291/images/headshots/grantha01.jpg,0,0,0,12,1988
0,Stewart Granger,1983-84,22.0,['CLE' 'ATL' 'NYK'],NBA,PG,56.0,13.0,13.2,1.7,4.0,0.429,0.1,0.2,0.308,1.7,3.8,0.437,0.438,0.9,1.3,0.818,0.4,0.8,1.1,2.4,0.5,0.1,1.5,1.7,4.5,0,16.0,4.0,9.0,2.0,1.0,14.7,,['VILLANOVA'],,0,0,0,24,1983
0,Mike Glenn,1977-78,22.0,['BUF' 'NYK' 'ATL' 'MIL'],NBA,SG,82.0,5.0,18.8,3.9,6.8,0.588,0.0,0.1,0.5,3.8,6.8,0.591,0.588,1.3,1.8,0.959,0.4,1.4,1.5,2.1,0.9,0.1,0.9,1.8,8.6,0,31.0,6.0,8.0,5.0,2.0,28.6,,['SILLINOIS'],,0,0,0,1,1977
0,Josh Gray,2017-18,24.0,['PHO' 'NOP'],NBA,PG,5.0,0.0,17.2,2.2,8.2,0.5,0.6,2.6,0.231,1.6,5.6,0.5,0.5,1.4,2.2,0.636,0.5,1.6,2.0,2.4,1.6,0.4,2.5,1.6,6.4,0,9.0,4.0,7.0,4.0,1.0,7.6,,['TXTECH' 'LSU'],https://www.basketball-reference.com/req/202106291/images/headshots/grayjo01.jpg,0,0,0,,
0,Elmer Gainer,1947-48,29.0,['BLB' 'WAT'],BAA,,15.0,,,0.6,2.3,0.257,,,,,,,,0.6,1.2,0.75,,,,0.6,,,,1.9,1.6,0,6.0,,2.0,,,,,,,0,0,0,,1947
0,Ben Gordon,2004-05,21.0,['CHI' 'DET' 'CHA' 'ORL'],NBA,SG,82.0,76.0,36.6,7.4,16.3,0.455,2.1,5.1,0.435,5.5,11.7,0.476,0.521,4.6,5.4,0.908,0.7,2.8,3.5,3.6,0.9,0.3,3.0,3.1,21.4,0,48.0,9.0,9.0,4.0,2.0,38.0,,['UCONN'],https://www.basketball-reference.com/req/202106291/images/headshots/gordobe01.jpg,0,0,0,3,2004
0,Chris Garner,1997-98,22.0,['TOR' 'GSW'],NBA,PG,38.0,0.0,18.6,0.9,4.6,0.329,0.1,0.9,0.286,0.9,3.8,0.339,0.357,0.6,0.8,0.833,0.3,1.3,1.5,2.3,0.9,0.1,1.1,2.3,2.4,0,13.0,4.0,7.0,3.0,1.0,11.4,,['MEMPHIS'],,0,0,0,,
0,Marcus Garrett,2021-22,23.0,['MIA'],NBA,SG,12.0,0.0,10.7,0.4,1.8,0.238,0.1,0.3,0.25,0.3,1.4,0.235,0.262,0.2,0.4,0.4,0.8,1.2,1.9,0.6,0.4,0.3,0.2,1.3,1.1,0,5.0,5.0,2.0,3.0,1.0,4.8,,['KANSAS'],https://www.basketball-reference.com/req/202106291/images/headshots/garrema01.jpg,0,0,0,,
0,Pétur Guðmundsson,1981-82,23.0,['POR' 'LAL' 'SAS'],NBA,C,69.0,9.0,16.0,2.5,5.0,0.541,0.0,0.0,1.0,2.5,5.0,0.541,0.541,2.3,3.4,0.807,2.1,3.3,4.8,1.2,0.4,0.9,1.6,3.1,7.3,0,21.0,15.0,5.0,2.0,4.0,20.3,,['WASHINGTON'],,0,0,0,15,1981
0,Sylvester Gray,1988-89,21.0,['MIA'],NBA,SF,55.0,15.0,22.2,3.0,7.2,0.42,0.0,0.1,0.25,3.0,7.2,0.421,0.421,1.9,2.8,0.673,2.1,3.1,5.2,2.1,0.7,0.5,1.9,2.6,8.0,0,25.0,14.0,7.0,3.0,2.0,21.9,,['MEMPHIS'],,0,0,0,10,1988
0,Rowland Garrett,1972-73,22.0,['CHI' 'TOT' 'CLE' 'MIL'],NBA,SF,70.0,,23.1,4.1,9.4,0.481,,,,,,,,2.7,3.1,0.864,1.9,3.4,5.4,0.6,0.6,0.3,,2.3,10.9,1,22.0,16.0,3.0,3.0,3.0,,,['FLORIDAST'],,0,0,0,15,1972
0,Dan Godfread,1990-91,23.0,['MIN' 'HOU'],NBA,C,10.0,0.0,2.0,0.5,1.2,0.417,0.0,0.1,0.0,0.5,1.1,0.455,0.417,0.3,0.4,0.75,0.0,0.2,0.2,0.0,0.1,0.4,0.0,0.5,1.3,0,4.0,1.0,,1.0,2.0,4.0,,['EVANSVILLE'],,0,0,0,,
0,Paul George,2010-11,20.0,['IND' 'OKC' 'LAC'],NBA,SG,81.0,81.0,37.6,9.2,21.0,0.467,3.8,9.8,0.412,5.7,12.2,0.537,0.557,5.9,7.0,0.898,1.4,6.8,8.2,5.7,2.2,0.6,4.1,2.9,28.0,0,48.0,17.0,12.0,8.0,4.0,43.4,4.0,['FRESNOST'],https://www.basketball-reference.com/req/202106291/images/headshots/georgpa01.jpg,8,0,0,10,2010
0,Jim Garvin,1973-74,23.0,['BUF'],NBA,PF,6.0,,1.8,0.2,0.7,0.25,,,,,,,,0.0,0.0,,0.2,0.7,0.8,0.0,0.0,0.0,,0.2,0.3,0,2.0,2.0,,,,,,['BOSTONUNIV'],,0,0,0,2,1973
0,Dee Gibson,1949-50,26.0,['TRI'],NBA,,44.0,,,1.8,5.6,0.314,,,,,,,,2.9,4.0,0.718,,,,2.9,,,,2.6,6.4,0,16.0,,3.0,,,,,['WKENTUCKY'],,0,0,0,,1948
0,Normie Glick,1949-50,22.0,['MNL'],NBA,,1.0,,,1.0,1.0,1.0,,,,,,,,0.0,0.0,,,,,0.0,,,,1.0,2.0,0,2.0,,,,,,,,,0,0,0,,
0,Jack Garfinkel,1946-47,28.0,['BOS'],BAA,,43.0,,,2.7,8.8,0.3,,,,,,,,1.1,1.6,0.761,,,,1.9,,,,2.1,6.1,0,18.0,,6.0,,,,,,,0,0,0,,
0,Bill Garner,1967-68,27.0,['ANA'],ABA,C,53.0,,9.7,0.5,1.9,0.272,0.0,0.0,0.0,0.5,1.9,0.275,0.272,0.5,0.9,0.5,,,2.2,0.5,,,0.9,1.9,1.5,0,6.0,4.0,,,,,,['PORTLAND'],,0,0,0,8,1962
0,Kenny Green,1985-86,21.0,['TOT' 'WSB' 'PHI'],NBA,SF,41.0,0.0,11.1,2.2,5.1,0.436,0.0,0.1,0.0,2.2,5.0,0.44,0.436,1.1,1.3,0.808,0.9,1.2,1.9,0.4,0.2,0.4,0.9,1.3,5.5,1,20.0,7.0,2.0,2.0,2.0,14.9,,['WAKE'],,0,0,0,12,1985
0,Gerald Green,2005-06,20.0,['BOS' 'TOT' 'MIN' 'HOU' 'DAL' 'NJN' 'IND' 'PHO' 'MIA'],NBA,SG,82.0,48.0,28.4,5.5,12.3,1.0,2.7,7.3,0.4,3.6,6.8,1.0,1.0,2.4,2.8,0.85,2.0,3.0,3.5,1.5,0.9,0.5,1.8,2.7,15.8,1,41.0,12.0,6.0,5.0,4.0,32.0,,,https://www.basketball-reference.com/req/202106291/images/headshots/greenge01.jpg,0,0,0,18,2005
0,Alex Groza,1949-50,23.0,['INO'],NBA,,66.0,,,8.1,17.0,0.478,,,,,,,,7.1,9.7,0.786,,,10.7,2.5,,,,3.6,23.4,0,43.0,23.0,3.0,,,,,['KENTUCKY'],,1,0,0,2,1949
0,Draymond Green,2012-13,22.0,['GSW'],NBA,SF,82.0,81.0,34.7,5.0,10.1,0.527,1.4,4.2,0.388,3.7,6.9,0.612,0.57,2.8,4.1,0.818,1.7,7.8,9.5,8.9,2.0,1.4,3.2,3.2,14.0,0,31.0,20.0,19.0,10.0,6.0,37.6,31.0,['MICHIGANST'],https://www.basketball-reference.com/req/202106291/images/headshots/greendr01.jpg,4,4,0,5,2012
0,Orien Greene,2005-06,23.0,['BOS' 'IND' 'SAC' 'NJN'],NBA,PG,80.0,5.0,15.4,1.3,3.2,0.5,0.1,0.5,0.225,1.1,2.7,0.5,0.5,0.6,0.9,0.662,0.5,1.4,1.8,1.6,1.0,0.1,1.4,2.3,3.2,0,14.0,8.0,6.0,5.0,1.0,14.4,,['FLORIDA' 'ULALA'],https://www.basketball-reference.com/req/202106291/images/headshots/greenor01.jpg,0,0,0,23,2005
0,Stuart Gray,1984-85,21.0,['IND' 'TOT' 'CHH' 'NYK'],NBA,C,74.0,3.0,11.9,1.2,2.6,0.5,0.0,0.2,0.0,1.2,2.6,0.5,0.5,0.7,1.1,1.0,1.2,2.4,3.4,0.6,0.3,0.6,1.0,2.1,3.0,1,15.0,16.0,3.0,3.0,4.0,14.9,,['UCLA'],,0,0,0,5,1984
0,Greg Griffin,1977-78,25.0,['PHO'],NBA,SF,36.0,,11.7,1.7,4.7,0.361,,,,,,,,0.6,1.0,0.639,1.2,1.6,2.9,0.7,0.4,0.0,1.1,1.6,4.0,0,15.0,9.0,3.0,2.0,,13.7,,['IDAHOST'],,0,0,0,5,1977
0,Travis Grant,1972-73,23.0,['LAL' 'TOT' 'SDA' 'KEN' 'INA'],NBA,SF,59.0,,37.7,10.9,20.0,0.544,0.0,0.1,0.5,10.8,19.9,0.545,0.545,3.4,4.1,0.885,2.2,4.0,6.2,1.8,0.8,0.4,2.2,3.0,25.2,1,44.0,16.0,7.0,4.0,1.0,,,,,0,0,0,13,1972
0,Leonard Gray,1974-75,23.0,['SEA' 'TOT' 'WSB'],NBA,PF,83.0,,32.4,6.0,12.6,0.489,,,,,,,,2.4,3.1,0.756,1.8,4.6,6.4,3.1,1.1,0.5,,3.9,13.8,1,33.0,18.0,10.0,5.0,3.0,,1.0,['LONGBEACH'],,0,0,0,10,1973
0,Wyndol Gray,1946-47,24.0,['BOS' 'TOT' 'PRO' 'STB'],BAA,,55.0,,,2.5,8.7,0.292,,,,,,,,1.3,2.3,0.581,,,,0.9,,,,1.9,6.4,1,17.0,,,,,,,,,0,0,0,,
0,Gus Gerard,1974-75,21.0,['SSL' 'TOT' 'DNA' 'DEN' 'BUF' 'DET' 'KCK' 'SAS'],ABA,SF,84.0,,32.2,6.6,14.5,0.481,0.1,0.2,0.5,6.6,14.5,0.481,0.481,2.9,3.6,0.8,3.4,4.4,7.8,2.3,1.0,1.3,2.5,3.3,15.7,1,37.0,19.0,7.0,4.0,5.0,22.9,,['VIRGINIA'],,1,0,0,14,1975
0,Treveon Graham,2016-17,23.0,['CHO' 'BRK' 'TOT' 'MIN' 'ATL'],NBA,SG,63.0,21.0,20.4,1.9,5.5,0.475,1.1,3.7,0.6,1.3,2.8,0.457,0.588,0.8,1.1,0.818,1.0,2.4,3.1,1.0,0.5,0.2,0.6,2.0,5.3,1,21.0,7.0,5.0,4.0,3.0,16.2,,['VCU'],https://www.basketball-reference.com/req/202106291/images/headshots/grahatr01.jpg,0,0,0,,
0,Jorge Gutiérrez,2013-14,25.0,['BRK' 'TOT' 'MIL' 'CHO'],NBA,PG,20.0,2.0,16.3,1.7,3.6,0.556,0.2,0.8,0.25,1.5,2.8,0.667,0.556,0.8,1.0,0.909,0.5,1.3,1.8,2.0,0.7,0.1,0.9,2.5,4.1,1,13.0,4.0,5.0,3.0,1.0,12.3,,['CALIFORNIA'],https://www.basketball-reference.com/req/202106291/images/headshots/gutiejo01.jpg,0,0,0,,
0,Danny Green,2009-10,22.0,['CLE' 'SAS' 'TOR' 'LAL' 'PHI' 'TOT' 'MEM'],NBA,SG,81.0,80.0,28.5,4.0,9.1,0.5,2.5,6.3,0.455,1.7,3.7,0.667,0.671,1.4,1.6,1.0,0.8,3.6,4.2,2.0,1.3,1.1,1.2,2.1,11.7,1,33.0,12.0,7.0,5.0,6.0,27.4,,['UNC'],https://www.basketball-reference.com/req/202106291/images/headshots/greenda02.jpg,0,3,0,16,2009
0,Harry Giles,2018-19,20.0,['SAC' 'POR'],NBA,PF,58.0,17.0,14.5,3.0,6.0,0.554,0.2,0.6,0.348,3.0,5.9,0.558,0.554,1.0,1.6,0.776,1.1,3.2,4.1,1.5,0.5,0.4,1.3,2.6,7.0,0,23.0,12.0,6.0,4.0,3.0,21.0,,['DUKE'],https://www.basketball-reference.com/req/202106291/images/headshots/gilesha01.jpg,0,0,0,20,2017
0,Dick Gibbs,1971-72,23.0,['HOU' 'TOT' 'KCO' 'SEA' 'WSB' 'BUF'],NBA,SF,72.0,,21.5,4.3,9.9,0.431,,,,,,,,2.3,2.8,0.833,1.3,1.9,3.1,1.1,0.5,0.3,,2.7,10.8,1,30.0,14.0,5.0,3.0,1.0,,,['UTEP'],,0,0,0,14,1971
0,Tate George,1990-91,22.0,['NJN' 'MIL'],NBA,PG,70.0,11.0,14.8,2.4,5.5,0.427,0.0,0.3,0.167,2.3,5.4,0.5,0.429,1.2,1.5,1.0,0.5,1.0,1.5,2.3,0.6,0.1,1.2,1.4,6.0,0,22.0,8.0,10.0,4.0,1.0,26.4,,['UCONN'],,0,0,0,22,1990
0,Al Guokas,1949-50,24.0,['TOT' 'DNN' 'PHW'],NBA,,57.0,,,2.1,6.6,0.317,,,,,,,,0.6,1.1,1.0,,,,2.1,,,,2.8,4.8,1,15.0,,3.0,,,,,,,0,0,0,,
0,Butch Graves,1984-85,23.0,['CLE'],NBA,SG,4.0,0.0,2.8,0.5,1.5,0.333,0.0,0.3,0.0,0.5,1.3,0.4,0.333,0.3,1.3,0.2,0.0,0.5,0.5,0.3,0.3,0.0,0.3,1.0,1.3,0,3.0,2.0,1.0,1.0,,1.6,,['YALE'],,0,0,0,21,1984
0,Derrick Gervin,1985-86,22.0,['NJN'],Did Not Play (other pro league—CBA),Did Not Play (other pro league—CBA),56.0,4.0,16.1,4.4,9.4,0.472,0.1,0.5,0.25,4.4,9.2,0.479,0.472,3.1,4.2,0.789,1.4,1.7,3.1,0.5,1.0,0.3,0.8,2.2,12.0,0,34.0,11.0,3.0,3.0,4.0,24.9,,['UTSA'],,0,0,0,20,1985
0,Armen Gilliam,1987-88,23.0,['PHO' 'TOT' 'CHH' 'PHI' 'NJN' 'MIL' 'UTA'],NBA,PF,82.0,81.0,38.0,7.8,15.6,0.527,0.0,0.0,0.0,7.8,15.6,0.529,0.527,4.4,6.1,0.843,3.4,6.1,9.4,1.8,1.4,1.1,2.8,3.1,19.8,1,41.0,22.0,9.0,6.0,6.0,34.2,,['UNLV'],https://www.basketball-reference.com/req/202106291/images/headshots/gilliar01.jpg,0,0,0,2,1987
0,Langston Galloway,2014-15,23.0,['NYK' 'TOT' 'NOP' 'SAC' 'DET' 'PHO' 'BRK' 'MIL'],NBA,PG,82.0,41.0,32.4,4.5,11.4,0.449,2.0,5.0,0.475,3.2,7.4,0.6,0.571,1.4,1.7,0.957,0.8,3.4,4.2,3.3,1.2,0.3,1.4,2.9,11.8,1,32.0,11.0,7.0,5.0,3.0,26.5,,['STJOSEPHS'],https://www.basketball-reference.com/req/202106291/images/headshots/gallola01.jpg,0,0,0,,
0,Jerry Grote,1964-65,24.0,['LAL'],NBA,,11.0,,3.0,0.5,1.0,0.545,,,,,,,,0.2,0.2,1.0,,,0.4,0.4,,,,0.5,1.3,0,4.0,1.0,2.0,,,,,['LOYOLAMARY'],,0,0,0,3,1962
0,Jack Gillespie,1969-70,22.0,['NYA'],ABA,,2.0,,13.5,0.0,2.5,0.0,0.0,0.0,,0.0,2.5,0.0,0.0,1.0,1.0,1.0,1.0,2.5,3.5,0.0,,,0.0,1.5,1.0,0,2.0,,,,,,,['MONTANAST'],,0,0,0,11,1969
0,Andrés Guibert,1993-94,25.0,['MIN'],NBA,C,17.0,0.0,9.8,1.2,4.0,0.34,0.0,0.2,0.0,1.2,4.0,0.372,0.34,0.8,1.2,0.684,2.0,1.7,3.2,0.6,0.5,0.2,1.2,1.7,3.0,0,10.0,6.0,3.0,2.0,1.0,8.7,,,,0,0,0,,
0,Kyle Guy,2019-20,22.0,['SAC' 'MIA'],NBA,SG,31.0,0.0,9.8,1.4,3.4,0.4,0.7,2.1,0.35,0.7,1.4,1.0,0.508,0.5,0.6,0.8,0.2,1.0,1.1,1.0,0.4,0.1,0.7,0.6,3.9,0,17.0,6.0,5.0,3.0,1.0,18.4,,['VIRGINIA'],https://www.basketball-reference.com/req/202106291/images/headshots/guyky01.jpg,0,0,0,25,2019
0,Marko Guduric,2019-20,24.0,['MEM'],NBA,SG,44.0,0.0,11.0,1.4,3.6,0.395,0.6,1.9,0.301,0.8,1.7,0.5,0.475,0.5,0.6,0.923,0.3,1.3,1.7,1.0,0.3,0.2,0.8,0.8,3.9,0,17.0,8.0,4.0,2.0,1.0,14.8,,,https://www.basketball-reference.com/req/202106291/images/headshots/gudurma01.jpg,0,0,0,,
0,Lancaster Gordon,1984-85,22.0,['LAC'],NBA,SG,70.0,4.0,16.1,3.2,7.8,0.406,0.2,0.7,0.292,3.0,7.1,0.416,0.418,1.0,1.4,1.0,0.9,0.9,1.8,2.0,0.9,0.3,1.5,1.5,7.5,0,33.0,7.0,7.0,5.0,2.0,18.7,,['LOUISVILLE'],,0,0,0,8,1984
0,Smokey Gaines,1967-68,27.0,['KEN'],ABA,SG,3.0,,12.0,1.3,5.3,0.25,0.3,0.3,1.0,1.0,5.0,0.2,0.281,0.3,0.7,0.5,,,3.3,0.0,,,0.0,1.3,3.3,0,7.0,5.0,,,,,,,,0,0,0,,
0,Mike Gale,1971-72,21.0,['KEN' 'TOT' 'NYA' 'SAA' 'SAS' 'POR' 'GSW'],ABA,SG,82.0,70.0,33.1,4.3,9.5,0.524,0.1,0.3,0.333,4.3,9.2,0.528,0.527,1.7,2.2,0.87,1.6,3.3,4.8,5.8,2.3,1.1,2.6,3.3,10.3,1,24.0,11.0,14.0,8.0,4.0,26.7,1.0,['ELIZCITYST'],,0,1,0,12,1971
0,Taj Gibson,2009-10,24.0,['CHI' 'TOT' 'OKC' 'MIN' 'NYK' 'WAS'],NBA,PF,82.0,82.0,33.2,5.2,10.9,0.627,0.3,0.7,1.0,5.2,10.8,0.671,0.636,2.6,3.4,0.808,2.8,4.8,7.5,1.5,0.8,1.4,1.8,3.4,13.0,1,28.0,19.0,7.0,4.0,6.0,25.9,,['USC'],https://www.basketball-reference.com/req/202106291/images/headshots/gibsota01.jpg,0,0,0,26,2009
0,Darius Garland,2019-20,20.0,['CLE'],NBA,SG,69.0,69.0,35.7,8.0,17.3,0.462,2.6,6.7,0.41,5.4,10.6,0.512,0.537,4.0,4.7,0.892,0.6,2.7,3.3,8.6,1.3,0.1,3.6,2.1,21.7,0,51.0,10.0,19.0,5.0,2.0,43.3,1.0,['VANDY'],https://www.basketball-reference.com/req/202106291/images/headshots/garlada01.jpg,1,0,0,5,2019
0,Michael Gbinije,2016-17,24.0,['DET'],NBA,SG,9.0,0.0,3.6,0.1,1.1,0.1,0.0,0.4,0.0,0.1,0.7,0.167,0.1,0.2,0.2,1.0,0.2,0.1,0.3,0.2,0.0,0.0,0.0,0.2,0.4,0,2.0,1.0,1.0,,,1.7,,['DUKE' 'SYRACUSE'],https://www.basketball-reference.com/req/202106291/images/headshots/gbinimi01.jpg,0,0,0,19,2016
0,Alonzo Gee,2009-10,22.0,['WAS' 'TOT' 'SAS' 'CLE' 'DEN' 'POR' 'NOP'],NBA,SG,82.0,82.0,31.0,3.7,9.1,0.518,0.8,2.7,0.778,2.9,6.6,0.59,0.551,2.7,3.4,0.8,1.6,3.5,5.1,1.8,1.3,0.4,1.8,2.4,10.6,1,22.0,13.0,6.0,6.0,3.0,20.1,,['ALABAMA'],https://www.basketball-reference.com/req/202106291/images/headshots/geeal01.jpg,0,0,0,,
0,Gary Garland,1979-80,22.0,['DEN'],NBA,PG,78.0,,14.2,2.0,4.6,0.435,0.1,0.2,0.316,1.9,4.3,0.442,0.444,0.2,0.3,0.692,0.6,1.1,1.8,1.9,0.7,0.1,0.9,1.0,4.3,0,17.0,6.0,10.0,6.0,1.0,19.4,,['DEPAUL'],,0,0,0,8,1979
0,Luther Green,1969-70,23.0,['NYA' 'PHI'],ABA,PF,59.0,,12.5,1.9,5.1,0.455,0.0,0.2,0.0,1.9,5.1,0.476,0.455,0.9,1.8,0.567,1.6,2.8,4.5,0.5,,,0.9,2.0,4.8,0,18.0,16.0,2.0,,,,,['LONGISLAND'],,0,0,0,12,1969
0,Dion Glover,1999-00,21.0,['ATL' 'TOT' 'TOR' 'SAS'],NBA,SG,76.0,42.0,26.6,3.7,9.5,0.427,0.7,2.1,0.354,3.1,7.6,0.5,0.471,2.0,2.6,0.8,1.0,3.3,4.3,2.1,0.9,0.4,1.5,1.9,10.1,1,28.0,11.0,8.0,5.0,3.0,25.9,,['GATECH'],,0,0,0,20,1999
0,Danilo Gallinari,2008-09,20.0,['NYK' 'TOT' 'DEN' 'LAC' 'OKC' 'ATL'],NBA,SG,81.0,74.0,34.8,6.0,13.2,0.463,2.9,7.1,0.444,3.8,8.7,0.491,0.576,7.1,8.2,0.963,1.0,5.3,6.1,2.7,1.0,0.7,1.8,2.4,19.8,1,47.0,18.0,8.0,5.0,4.0,41.9,,,https://www.basketball-reference.com/req/202106291/images/headshots/gallida01.jpg,0,0,0,6,2008
0,Hal Greer,1958-59,22.0,['SYR' 'PHI'],NBA,SG,82.0,,41.6,9.5,20.3,0.478,,,,,,,,5.4,6.7,0.834,,,7.4,5.1,,,,3.9,24.1,0,50.0,17.0,14.0,,,,1.0,['MARSHALL'],https://www.basketball-reference.com/req/202106291/images/headshots/greerha01.jpg,10,1,0,6,1958
0,Donté Greene,2008-09,20.0,['SAC'],NBA,SF,76.0,50.0,21.4,3.2,7.3,0.441,0.9,2.4,0.377,2.3,4.9,0.516,0.504,1.2,1.8,0.853,0.7,2.4,3.1,0.9,0.5,0.7,1.2,2.0,8.5,0,31.0,11.0,5.0,4.0,6.0,23.9,,['SYRACUSE'],https://www.basketball-reference.com/req/202106291/images/headshots/greendo01.jpg,0,0,0,28,2008
0,Chuck Gilmur,1946-47,24.0,['CHS' 'WSC'],BAA,,68.0,,,3.8,12.4,0.391,,,,,,,,2.4,3.5,0.68,,,4.7,2.2,,,,4.8,9.6,0,22.0,4.0,3.0,,,,,,,0,0,0,,
0,Adrian Griffin,1999-00,25.0,['BOS' 'DAL' 'HOU' 'CHI' 'TOT' 'SEA'],NBA,SG,74.0,48.0,26.8,3.1,6.2,0.499,0.3,0.9,0.5,2.8,5.3,0.534,0.521,1.7,2.2,1.0,1.8,3.4,5.2,2.5,1.6,0.2,1.3,3.1,7.2,1,23.0,15.0,7.0,7.0,3.0,19.3,,['SETONHALL'],,0,0,0,,
0,Sidney Green,1983-84,23.0,['CHI' 'DET' 'NYK' 'ORL' 'SAS' 'TOT' 'CHH'],NBA,PF,82.0,69.0,28.8,5.1,10.9,0.472,0.0,0.1,0.333,5.1,10.8,0.474,0.472,3.3,4.2,0.867,2.7,5.8,8.2,1.7,0.9,0.6,2.8,3.9,13.5,1,36.0,23.0,8.0,5.0,4.0,33.1,,['UNLV'],,0,0,0,5,1983
0,Manu Ginóbili,1999-00,22.0,['SAS'],Did Not Play (other pro league—Italy),Did Not Play (other pro league—Italy),80.0,79.0,31.1,6.1,13.3,0.526,2.1,5.5,0.413,4.0,8.0,0.616,0.618,5.1,6.0,0.884,1.1,4.0,4.8,4.9,1.8,0.4,2.7,2.6,19.5,0,48.0,15.0,15.0,8.0,4.0,46.6,,,https://www.basketball-reference.com/req/202106291/images/headshots/ginobma01.jpg,2,4,0,28,1999
0,Jerami Grant,2014-15,20.0,['PHI' 'TOT' 'OKC' 'DEN' 'DET' 'POR'],NBA,SF,81.0,77.0,35.7,7.4,17.3,0.535,2.3,6.1,0.401,5.3,11.2,0.613,0.57,5.4,6.4,0.845,1.3,4.0,5.2,2.8,0.9,2.0,2.0,2.8,22.3,1,44.0,14.0,7.0,4.0,8.0,31.8,,['SYRACUSE'],https://www.basketball-reference.com/req/202106291/images/headshots/grantje01.jpg,0,0,0,9,2014
0,Ben Gillery,1988-89,23.0,['SAC'],NBA,C,24.0,0.0,3.5,0.3,0.8,0.316,0.0,0.0,,0.3,0.8,0.316,0.316,0.5,1.0,0.565,0.3,0.7,1.0,0.1,0.1,0.2,0.2,1.2,1.0,0,5.0,3.0,1.0,1.0,2.0,5.0,,['GEORGETOWN'],,0,0,0,,
0,John Garris,1983-84,24.0,['CLE'],NBA,PF,33.0,1.0,8.1,1.6,3.1,0.51,0.0,0.0,,1.6,3.1,0.51,0.51,0.8,1.0,0.794,1.1,1.3,2.3,0.3,0.2,0.2,0.3,1.2,4.0,0,20.0,9.0,2.0,2.0,2.0,19.0,,['MICHIGAN' 'BOSTONCOLL'],,0,0,0,3,1983
0,Marlon Garnett,1998-99,23.0,['BOS'],NBA,PG,24.0,0.0,8.5,0.6,2.1,0.294,0.3,1.0,0.261,0.4,1.2,0.321,0.353,0.6,0.8,0.75,0.1,0.8,0.9,0.8,0.2,0.0,0.5,0.8,2.1,0,10.0,3.0,3.0,1.0,1.0,9.3,,['SANTACLARA'],,0,0,0,,
0,Devin Green,2005-06,23.0,['LAL'],NBA,SG,27.0,0.0,5.0,0.2,1.0,0.214,0.0,0.1,0.0,0.2,1.0,0.231,0.214,0.5,0.8,0.619,0.4,0.5,0.9,0.3,0.1,0.0,0.2,0.5,0.9,0,5.0,5.0,2.0,1.0,,5.6,,['HAMPTON'],,0,0,0,,
0,Javonte Green,2019-20,26.0,['BOS' 'TOT' 'CHI'],NBA,SG,65.0,45.0,23.4,2.7,5.0,0.565,0.6,1.6,0.375,2.2,3.4,0.658,0.625,1.2,1.5,1.0,1.4,2.8,4.2,0.9,1.0,0.7,0.6,2.0,7.2,1,23.0,9.0,4.0,4.0,3.0,18.7,,['RADFORD'],https://www.basketball-reference.com/req/202106291/images/headshots/greenja02.jpg,0,0,0,,
0,Drew Gooden,2002-03,21.0,['TOT' 'MEM' 'ORL' 'CLE' 'CHI' 'SAC' 'SAS' 'DAL' 'LAC' 'MIL' 'WAS'],NBA,"PF,SF",82.0,80.0,31.0,5.7,12.1,0.556,0.5,1.4,0.412,5.6,11.9,0.556,0.556,3.9,4.2,1.0,3.5,10.0,13.0,2.6,0.9,1.3,3.0,3.3,14.8,1,33.0,21.0,13.0,5.0,5.0,27.8,2.0,['KANSAS'],https://www.basketball-reference.com/req/202106291/images/headshots/goodedr01.jpg,0,0,0,4,2002
0,Billy Garrett,2018-19,24.0,['NYK'],NBA,SG,4.0,0.0,15.8,2.8,6.8,0.407,0.0,2.0,0.0,2.8,4.8,0.579,0.407,1.0,1.0,1.0,0.0,0.8,0.8,1.8,0.3,0.3,0.5,0.8,6.5,0,8.0,2.0,2.0,1.0,1.0,5.9,,['DEPAUL'],https://www.basketball-reference.com/req/202106291/images/headshots/garrebi01.jpg,0,0,0,,
0,Jorge Garbajosa,2006-07,29.0,['TOR'],NBA,PF,67.0,60.0,28.5,3.3,7.9,0.42,1.0,2.9,0.375,2.3,5.0,0.464,0.482,0.9,1.2,0.731,0.7,4.2,4.9,1.9,1.2,0.2,1.0,1.3,8.5,0,22.0,12.0,7.0,4.0,2.0,19.9,,,,0,0,0,,
0,Jerry Greenspan,1963-64,22.0,['PHI'],NBA,SG,20.0,,14.0,1.6,4.5,0.615,,,,,,,,1.7,2.5,1.0,,,3.6,0.6,,,,2.7,4.9,0,12.0,10.0,2.0,,,,,['MARYLAND'],,0,0,0,7,1963
0,Marc Gasol,2007-08,23.0,['MEM' 'TOT' 'TOR' 'LAL'],Did Not Play (other pro league—Spain),Did Not Play (other pro league—Spain),82.0,81.0,36.5,7.2,15.7,0.581,1.5,4.4,0.667,6.5,13.5,0.582,0.582,4.3,5.4,0.848,3.0,7.5,9.3,4.7,1.1,1.9,2.7,3.7,19.5,1,42.0,17.0,14.0,5.0,8.0,34.5,5.0,,https://www.basketball-reference.com/req/202106291/images/headshots/gasolma01.jpg,3,1,0,18,2007
0,Kiwane Lemorris Garris,1997-98,23.0,['DEN' 'ORL'],NBA,SG,28.0,0.0,8.0,0.8,3.3,0.338,0.2,0.5,0.357,0.7,3.0,0.333,0.377,0.7,0.9,0.76,0.1,0.6,0.7,1.0,0.3,0.0,0.5,0.8,2.4,0,7.0,3.0,4.0,2.0,1.0,6.6,,['ILLINOIS'],,0,0,0,,
0,Diante Garrett,2012-13,24.0,['PHO' 'UTA'],NBA,PG,71.0,0.0,14.8,1.4,3.7,0.381,0.5,1.4,0.375,0.9,2.4,0.385,0.449,0.3,0.5,0.833,0.3,1.2,1.4,1.7,0.6,0.1,1.1,1.1,3.5,0,15.0,6.0,8.0,4.0,1.0,12.7,,['IOWAST'],https://www.basketball-reference.com/req/202106291/images/headshots/garredi02.jpg,0,0,0,,
0,Ryan Gomes,2005-06,23.0,['BOS' 'MIN' 'LAC' 'OKC'],NBA,PF,82.0,76.0,31.9,5.1,11.9,0.487,1.3,3.5,0.381,4.4,9.3,0.5,0.497,2.6,3.2,0.83,1.7,4.2,5.8,1.8,0.8,0.3,1.6,2.3,13.3,0,35.0,17.0,10.0,4.0,2.0,29.7,1.0,['PROVIDENCE'],https://www.basketball-reference.com/req/202106291/images/headshots/gomesry01.jpg,0,0,0,20,2005
0,Ricky Grace,1993-94,26.0,['ATL'],NBA,PG,3.0,0.0,2.7,0.7,1.0,0.667,0.0,0.0,,0.7,1.0,0.667,0.667,0.0,0.7,0.0,0.0,0.3,0.3,0.3,0.0,0.0,0.0,1.0,1.3,0,4.0,1.0,1.0,,,1.5,,['MIDLANDCC' 'OKLAHOMA'],,0,0,0,17,1988
0,Bud Grant,1949-50,22.0,['MNL'],NBA,,61.0,,,1.2,3.3,0.365,,,,,,,,0.9,1.4,0.627,,,1.9,1.2,,,,1.7,2.6,0,14.0,4.0,4.0,,,,,['MINNESOTA'],,0,1,0,11,1950
0,George Gervin,1972-73,20.0,['VIR' 'TOT' 'SAA' 'SAS' 'CHI'],ABA,SG,84.0,79.0,37.6,13.1,25.2,0.544,0.4,1.3,0.417,12.7,24.7,0.544,0.544,7.0,8.1,0.879,2.9,6.3,8.5,3.7,1.7,1.8,3.8,3.9,33.1,1,63.0,18.0,11.0,7.0,7.0,44.1,,['EMICHIGAN'],https://www.basketball-reference.com/req/202106291/images/headshots/gervige01.jpg,12,0,0,4,1974
0,Ed Gray,1997-98,22.0,['ATL'],NBA,SG,30.0,3.0,15.7,2.6,6.7,0.381,0.6,1.5,0.391,2.0,5.2,0.378,0.426,1.8,2.2,0.846,0.3,1.2,1.5,1.1,0.5,0.4,1.0,2.4,7.6,0,20.0,5.0,5.0,4.0,2.0,14.4,,['TENNESSEE' 'CALIFORNIA'],,0,0,0,22,1997
0,Chuck Grigsby,1954-55,26.0,['NYK'],NBA,,7.0,,6.4,1.0,2.7,0.368,,,,,,,,0.3,1.1,0.25,,,1.6,1.0,,,,1.3,2.3,0,7.0,1.0,2.0,,,,,['DAYTON'],,0,0,0,,1952
0,Devonte' Graham,2018-19,23.0,['CHO' 'NOP' 'TOT' 'SAS'],NBA,PG,76.0,63.0,35.1,5.8,15.3,0.382,3.5,9.3,0.375,2.4,6.0,0.463,0.513,3.0,3.7,0.843,0.7,2.7,3.4,7.5,1.0,0.3,2.9,1.8,18.2,1,40.0,9.0,15.0,5.0,2.0,32.3,,['KANSAS'],https://www.basketball-reference.com/req/202106291/images/headshots/grahade01.jpg,0,0,0,4,2018
0,Jay Guidinger,1992-93,23.0,['CLE'],NBA,C,32.0,5.0,6.7,0.6,1.7,0.5,0.0,0.0,,0.6,1.7,0.5,0.5,0.5,0.8,0.714,0.8,1.2,2.0,0.5,0.3,0.3,0.5,1.5,1.6,0,7.0,7.0,3.0,2.0,3.0,6.7,,['MNDULUTH'],,0,0,0,,
0,Calvin Garrett,1980-81,24.0,['HOU' 'LAL'],NBA,SF,70.0,22.0,23.4,2.7,5.9,0.513,0.1,0.3,0.333,2.7,5.9,0.521,0.52,0.7,1.0,1.0,1.2,2.6,3.8,1.9,0.7,0.1,1.3,2.4,6.1,0,22.0,13.0,10.0,4.0,1.0,21.5,,['AUSTINPEAY' 'ORALROB'],,0,0,0,3,1979
0,Lamar Green,1969-70,22.0,['PHO' 'TOT' 'NOJ' 'VIR'],NBA,PF,80.0,,25.6,2.8,6.5,0.453,0.0,0.0,,2.8,6.5,0.453,0.453,1.1,1.6,0.754,1.9,5.4,9.3,1.1,0.4,0.5,1.2,3.3,6.7,1,22.0,23.0,5.0,2.0,4.0,7.0,,['MOREHEAD'],,0,0,0,4,1969
0,Dick Garrett,1969-70,23.0,['LAL' 'BUF' 'TOT' 'NYK' 'MIL'],NBA,SG,78.0,,31.8,5.0,12.0,0.442,,,,,,,,2.9,3.3,0.873,0.4,0.6,3.9,3.5,0.3,0.0,,3.9,12.9,1,28.0,10.0,10.0,2.0,1.0,,,['SILLINOIS'],,0,0,0,12,1969
0,Kendall Gill,1990-91,22.0,['CHH' 'SEA' 'TOT' 'NJN' 'MIA' 'MIN' 'CHI' 'MIL'],NBA,SG,82.0,81.0,39.0,8.4,18.1,0.481,0.9,2.7,0.368,8.4,17.7,0.509,0.504,5.2,6.5,0.9,2.2,3.9,6.1,6.3,2.7,0.8,3.1,3.3,21.8,1,41.0,13.0,12.0,11.0,6.0,38.7,3.0,['ILLINOIS'],https://www.basketball-reference.com/req/202106291/images/headshots/gillke01.jpg,0,0,0,5,1990
0,Tom Garrick,1988-89,22.0,['LAC' 'TOT' 'SAS' 'MIN' 'DAL'],NBA,SG,73.0,22.0,23.6,2.8,5.8,0.494,0.1,0.3,0.5,2.8,5.5,0.51,0.499,1.4,1.8,1.0,0.6,1.8,2.2,4.0,1.3,0.2,1.6,2.1,7.0,1,23.0,8.0,18.0,5.0,2.0,29.7,,['RHODEISLE'],,0,0,0,20,1988
0,Dennis Grey,1968-69,21.0,['LAS' 'NYA'],ABA,C,58.0,,22.7,3.2,7.6,0.419,0.0,0.0,0.0,3.2,7.6,0.42,0.419,2.7,5.0,0.538,2.8,3.6,6.3,0.9,,,2.2,3.8,9.1,0,31.0,12.0,2.0,,,,,,,0,0,0,,
0,Rudy Gay,2006-07,20.0,['MEM' 'TOT' 'TOR' 'SAC' 'SAS' 'UTA'],NBA,SF,81.0,81.0,39.9,7.7,18.6,0.504,1.7,4.8,0.402,6.7,15.3,0.537,0.554,5.0,5.8,0.882,2.0,5.9,7.4,3.7,1.7,1.3,3.3,2.9,21.1,1,41.0,15.0,10.0,6.0,6.0,35.2,,['UCONN'],https://www.basketball-reference.com/req/202106291/images/headshots/gayru01.jpg,0,0,0,8,2006
0,Gorham Getchell,1946-47,26.0,['PIT'],BAA,,16.0,,,0.0,0.5,0.0,,,,,,,,0.3,0.3,1.0,,,,0.0,,,,0.3,0.3,0,3.0,,,,,,,,,0,0,0,,
0,Frank Gates,1949-50,29.0,['AND'],NBA,,64.0,,,1.8,6.3,0.281,,,,,,,,1.0,1.5,0.622,,,,1.4,,,,2.3,4.5,0,15.0,,4.0,,,,,,,0,0,0,,
0,George Glamack,1948-49,30.0,['INJ'],BAA,,11.0,,,2.7,11.0,0.248,,,,,,,,3.8,5.0,0.764,,,,1.7,,,,2.5,9.3,0,25.0,,1.0,,,,,['UNC'],,0,0,0,,
0,Dick Groat,1952-53,22.0,['FTW'],NBA,PG,26.0,,25.5,3.8,10.5,0.368,,,,,,,,4.2,5.3,0.79,,,3.3,2.7,,,,3.5,11.9,0,25.0,,5.0,,,,,['DUKE'],,0,0,0,3,1952
0,Hoot Gibson,1949-50,28.0,['TOT' 'BOS' 'WAT'],NBA,,32.0,,,2.1,6.4,0.75,,,,,,,,1.4,2.0,0.683,,,,1.2,,,,3.4,5.6,1,18.0,,2.0,,,,,,,0,0,0,,
0,Ed Gayda,1950-51,23.0,['TRI'],NBA,,15.0,,,1.3,3.1,0.413,,,,,,,,1.2,1.6,0.75,,,2.6,0.9,,,,2.3,3.7,0,9.0,,2.0,,,,,['WASHST'],,0,0,0,4,1950
0,Steve Green,1975-76,22.0,['TOT' 'UTS' 'SSL' 'IND'],ABA,SF,70.0,,33.4,6.0,12.2,0.492,0.0,0.1,0.0,6.0,12.2,0.492,0.492,2.9,3.5,0.821,2.9,4.1,7.0,1.8,0.8,0.2,2.5,4.4,14.9,1,29.0,16.0,4.0,3.0,2.0,12.3,,['INDIANA'],,0,0,0,12,1975
0,Deng Gai,2005-06,23.0,['PHI'],NBA,C,2.0,0.0,2.5,0.0,0.0,,0.0,0.0,,0.0,0.0,,,0.0,0.0,,0.0,0.0,0.0,0.0,0.0,0.0,0.0,0.0,0.0,0,,,,,,0.0,,['FAIRFIELD'],,0,0,0,,
0,Ron Grandison,1988-89,24.0,['BOS' 'CHH' 'NYK' 'TOT' 'MIA' 'ATL'],NBA,PF,72.0,3.0,13.1,1.2,2.5,0.5,0.2,0.7,0.308,1.2,2.5,0.667,0.5,2.0,3.3,0.738,1.5,2.7,3.7,1.0,0.7,0.3,1.0,1.5,3.3,1,15.0,8.0,5.0,3.0,1.0,13.3,,['UCIRVINE' 'NORLEANS'],,0,0,0,8,1987
0,Chris Gatling,1991-92,24.0,['GSW' 'TOT' 'MIA' 'DAL' 'NJN' 'MIL' 'ORL' 'DEN' 'CLE'],NBA,PF,85.0,23.0,30.7,7.0,14.3,0.633,0.4,1.2,0.304,7.0,14.3,0.634,0.633,5.0,7.1,0.938,2.9,5.2,7.9,1.0,1.3,0.9,2.6,4.3,19.1,1,38.0,20.0,5.0,4.0,4.0,27.1,,['OLDDOM'],,1,0,0,16,1991
0,Mel Gibson,1963-64,23.0,['LAL'],NBA,,9.0,,5.9,0.7,2.2,0.3,,,,,,,,0.1,0.2,0.5,,,0.4,0.7,,,,1.1,1.4,0,4.0,2.0,2.0,,,,,,,0,0,0,8,1963
0,Rudy Gobert,2013-14,21.0,['UTA' 'MIN'],NBA,C,82.0,81.0,34.3,5.9,8.8,0.713,0.0,0.1,0.0,5.9,8.8,0.718,0.713,4.6,6.7,0.69,3.9,11.0,14.7,2.0,0.8,2.7,1.9,3.2,15.9,0,35.0,28.0,8.0,5.0,9.0,38.9,,,https://www.basketball-reference.com/req/202106291/images/headshots/goberru01.jpg,3,0,0,27,2013
0,Dave Greenwood,1979-80,22.0,['CHI' 'SAS' 'TOT' 'DEN' 'DET'],NBA,PF,82.0,82.0,35.5,6.1,12.8,0.513,0.0,0.1,0.5,6.1,12.7,0.513,0.515,4.1,5.1,0.825,3.2,7.3,10.1,3.2,0.9,1.6,2.6,3.8,16.3,1,35.0,23.0,10.0,5.0,7.0,29.6,1.0,['UCLA'],https://www.basketball-reference.com/req/202106291/images/headshots/greenda01.jpg,0,1,0,2,1979
0,Jim Grandholm,1990-91,30.0,['DAL'],NBA,PF,26.0,0.0,6.5,1.2,2.2,0.517,0.3,0.7,0.529,0.8,1.6,0.512,0.595,0.4,0.8,0.476,0.8,1.2,1.9,0.3,0.1,0.3,0.4,1.3,3.0,0,10.0,5.0,2.0,1.0,3.0,10.9,,['FLORIDA' 'SFLORIDA'],,0,0,0,6,1984
0,Hassani Gravett,2021-22,25.0,['ORL'],NBA,PG,8.0,3.0,21.4,2.3,4.8,0.474,1.4,3.3,0.423,0.9,1.5,0.583,0.618,0.4,0.5,0.75,0.1,2.5,2.6,2.5,0.6,0.1,1.1,1.6,6.3,0,12.0,5.0,5.0,2.0,1.0,9.6,,['SCAROLINA'],https://www.basketball-reference.com/req/202106291/images/headshots/graveha01.jpg,0,0,0,,
0,Matt Guokas,1946-47,31.0,['PHW'],BAA,,47.0,,,0.6,2.2,0.269,,,,,,,,0.6,1.0,0.553,,,,0.2,,,,1.5,1.7,0,9.0,,,,,,,,,0,1,0,,
0,Gail Goodrich,1965-66,22.0,['LAL' 'PHO' 'NOJ'],NBA,SG,82.0,,40.0,10.1,21.6,0.495,,,,,,,,6.2,8.2,0.864,1.3,1.9,5.4,7.5,1.6,0.3,2.5,3.3,25.9,0,53.0,12.0,19.0,8.0,2.0,22.0,3.0,['UCLA'],https://www.basketball-reference.com/req/202106291/images/headshots/goodrga01.jpg,5,1,0,10,1965
0,Dick Grubar,1969-70,22.0,['INA'],ABA,,2.0,,4.0,1.0,1.5,0.667,0.0,0.0,,1.0,1.5,0.667,0.667,0.0,0.0,,0.0,0.0,0.0,0.5,,,0.0,0.5,2.0,0,4.0,,1.0,,,,,['UNC'],,0,0,0,12,1969
0,Corey Gaines,1988-89,23.0,['NJN' 'PHI' 'DEN' 'NYK'],NBA,SG,32.0,8.0,25.5,2.8,7.0,0.471,0.5,2.1,0.5,2.3,4.9,0.611,0.5,2.2,2.6,0.867,0.4,1.5,1.6,9.1,1.0,0.2,2.3,2.5,8.3,0,18.0,4.0,16.0,3.0,1.0,17.0,,['UCLA' 'LOYOLAMARY'],,0,0,0,15,1988
0,Gene Guarilia,1959-60,22.0,['BOS'],NBA,SF,48.0,,8.8,1.5,3.8,0.404,,,,,,,,0.9,1.4,0.707,,,2.8,0.4,,,,1.2,3.6,0,15.0,9.0,3.0,,,,,['GEORGEWASH'],,0,4,0,8,1959
0,Kevin Gamble,1987-88,22.0,['POR' 'BOS' 'MIA' 'TOT' 'SAC'],NBA,SF,82.0,77.0,33.0,6.7,11.4,0.587,0.9,2.1,0.482,6.7,11.3,0.592,0.587,2.3,2.8,0.885,1.0,2.5,3.5,3.1,1.2,0.5,1.8,2.9,15.6,1,37.0,12.0,10.0,5.0,3.0,32.7,1.0,['IOWA'],,0,0,0,17,1987
0,Marcus Georges-Hunt,2016-17,22.0,['ORL' 'MIN'],NBA,SG,42.0,0.0,9.6,0.5,1.4,0.438,0.2,0.4,0.5,0.4,1.0,0.515,0.479,1.8,2.0,0.9,0.2,1.6,1.8,0.6,0.2,0.0,0.4,1.0,2.8,0,12.0,7.0,2.0,2.0,,11.6,,['GATECH'],https://www.basketball-reference.com/req/202106291/images/headshots/georgma01.jpg,0,0,0,,
0,Aaron Gray,2007-08,23.0,['CHI' 'TOT' 'NOH' 'TOR' 'SAC'],NBA,C,61.0,40.0,16.6,1.7,3.3,0.667,0.0,0.0,0.0,1.7,3.3,0.667,0.667,0.9,1.6,0.857,1.7,4.0,5.7,0.8,0.4,0.5,1.0,2.6,4.3,1,22.0,22.0,5.0,3.0,3.0,23.5,,['PITT'],https://www.basketball-reference.com/req/202106291/images/headshots/grayaa01.jpg,0,0,0,19,2007
0,Donte Grantham,2018-19,23.0,['OKC'],NBA,SF,3.0,0.0,0.7,0.0,0.7,0.0,0.0,0.7,0.0,0.0,0.0,,0.0,0.0,0.0,,0.0,0.0,0.0,0.0,0.0,0.0,0.0,0.0,0.0,0,,,,,,0.0,,['CLEMSON'],https://www.basketball-reference.com/req/202106291/images/headshots/grantdo01.jpg,0,0,0,,
0,Gary Gray,1967-68,22.0,['CIN'],NBA,SG,44.0,,6.3,1.1,3.0,0.366,,,,,,,,0.2,0.2,0.7,,,0.5,0.6,,,,1.1,2.4,0,14.0,3.0,5.0,,,,,['OKCITY'],,0,0,0,7,1967
0,Greg Graham,1993-94,23.0,['PHI' 'TOT' 'NJN' 'SEA' 'CLE'],NBA,SG,70.0,7.0,16.0,2.1,4.5,0.583,0.9,1.8,0.5,1.8,4.0,0.778,0.641,1.9,2.1,1.0,0.6,1.3,1.9,1.4,0.9,0.1,2.1,2.0,7.0,1,20.0,7.0,6.0,5.0,1.0,17.5,,['INDIANA'],,0,0,0,17,1993
0,Anthony Grundy,2005-06,26.0,['ATL'],NBA,SG,12.0,0.0,9.0,1.6,3.2,0.5,0.4,1.3,0.333,1.2,1.9,0.609,0.566,0.8,1.2,0.643,0.1,1.3,1.4,0.8,0.6,0.0,0.8,1.2,4.3,0,11.0,6.0,2.0,3.0,,6.3,,['NCSTATE'],,0,0,0,,
0,Gene Gallette,1946-47,27.0,['WSC'],BAA,,14.0,,,0.1,0.8,0.091,,,,,,,,0.4,0.6,0.667,,,,0.1,,,,0.9,0.6,0,6.0,,,,,,,,,0,0,0,,
0,Luka Garza,2021-22,23.0,['DET' 'MIN'],NBA,C,32.0,5.0,12.2,2.3,4.6,0.543,0.5,1.5,0.359,1.8,3.1,0.636,0.603,1.5,1.9,0.788,1.8,1.3,3.1,0.6,0.3,0.2,0.6,1.7,6.5,0,25.0,14.0,4.0,2.0,2.0,21.1,,['IOWA'],https://www.basketball-reference.com/req/202106291/images/headshots/garzalu01.jpg,0,0,0,22,2021
0,Paul Gordon,1949-50,22.0,['BLB'],NBA,,4.0,,,0.0,1.5,0.0,,,,,,,,0.8,1.3,0.6,,,,0.8,,,,0.8,0.8,0,2.0,,,,,,,['NOTREDAME'],,0,0,0,,1949
0,Gordan Giriček,1999-00,22.0,['TOT' 'MEM' 'ORL' 'UTA' 'PHI' 'PHO'],Did Not Play (other pro league—Croatia),Did Not Play (other pro league—Croatia),81.0,62.0,35.6,5.3,12.0,0.497,1.4,4.4,0.426,4.6,10.3,0.55,0.557,2.7,3.1,1.0,0.8,4.1,4.8,2.5,1.1,0.2,1.9,2.4,14.3,1,33.0,10.0,8.0,4.0,2.0,22.5,,,https://www.basketball-reference.com/req/202106291/images/headshots/giricgo01.jpg,0,0,0,11,1999
0,AJ Griffin,2022-23,19.0,['ATL'],NBA,SF,72.0,12.0,19.5,3.4,7.4,0.465,1.4,3.6,0.39,2.0,3.8,0.536,0.56,0.6,0.7,0.894,0.5,1.6,2.1,1.0,0.6,0.2,0.6,1.2,8.9,0,24.0,7.0,4.0,3.0,2.0,21.0,,['DUKE'],https://www.basketball-reference.com/req/202106291/images/headshots/griffaj01.jpg,0,0,0,16,2022
0,Eddie Gill,2000-01,22.0,['NJN' 'MEM' 'POR' 'IND' 'TOT' 'SEA' 'MIL'],NBA,PG,73.0,5.0,19.0,2.0,5.1,0.667,0.5,1.6,0.667,1.6,4.0,0.667,0.778,1.3,1.7,1.0,0.3,1.6,1.7,3.0,0.8,0.2,1.5,1.7,5.0,1,21.0,5.0,7.0,3.0,2.0,18.2,,['WEBERST'],https://www.basketball-reference.com/req/202106291/images/headshots/gilled01.jpg,0,0,0,,
0,RaiQuan Gray,2022-23,23.0,['BRK'],NBA,PF,1.0,0.0,35.0,6.0,12.0,0.5,2.0,5.0,0.4,4.0,7.0,0.571,0.583,2.0,2.0,1.0,3.0,6.0,9.0,7.0,0.0,1.0,4.0,5.0,16.0,0,16.0,9.0,7.0,,1.0,13.5,,['FLORIDAST'],,0,0,0,29,2021
0,Trey Gilder,2009-10,25.0,['MEM'],NBA,SF,2.0,0.0,2.5,0.5,0.5,1.0,0.0,0.0,,0.5,0.5,1.0,1.0,0.0,0.0,,0.0,0.5,0.5,0.0,0.5,0.0,0.0,0.0,1.0,0,2.0,1.0,,1.0,,3.0,,['MCNEESE' 'NWSTATE'],https://www.basketball-reference.com/req/202106291/images/headshots/gildetr01.jpg,0,0,0,,
0,Jordan Goodwin,2021-22,23.0,['WAS'],NBA,SG,62.0,7.0,17.8,2.5,5.7,0.448,0.6,1.9,0.322,1.9,3.8,0.511,0.501,0.9,1.1,0.768,0.9,2.4,3.3,2.7,0.9,0.4,0.9,1.5,6.6,0,22.0,9.0,9.0,6.0,3.0,20.7,,['STLOUIS'],https://www.basketball-reference.com/req/202106291/images/headshots/goodwjo01.jpg,0,0,0,,
0,Sean Green,1991-92,21.0,['IND' 'TOT' 'PHI' 'UTA'],NBA,SG,36.0,0.0,9.5,2.2,5.2,0.509,0.3,1.2,0.3,1.9,4.2,0.556,0.536,0.4,0.8,0.75,0.6,0.7,1.2,0.6,0.5,0.2,0.8,0.9,4.8,1,17.0,5.0,5.0,3.0,2.0,11.3,,['NCSTATE' 'IONA'],,0,0,0,14,1991
0,Bill Gaines,1968-69,22.0,['HSM'],ABA,,1.0,,5.0,1.0,2.0,0.5,0.0,0.0,,1.0,2.0,0.5,0.5,0.0,0.0,,1.0,0.0,1.0,0.0,,,1.0,0.0,2.0,0,2.0,,,,,,,,,0,0,0,1,1968
0,Mike Grosso,1971-72,24.0,['PTC'],ABA,C,25.0,,13.4,1.8,4.1,0.441,0.0,0.0,,1.8,4.1,0.441,0.441,0.5,0.9,0.565,2.0,3.0,4.9,0.4,,,0.8,2.6,4.1,0,15.0,10.0,2.0,,,,,['LOUISVILLE'],,0,0,0,13,1969
0,Archie Goodwin,2013-14,19.0,['PHO' 'TOT' 'NOP' 'BRK'],NBA,SG,57.0,13.0,19.5,3.1,7.4,0.557,0.4,1.7,0.5,2.7,5.7,0.625,0.59,3.3,3.4,1.0,0.7,2.0,2.5,2.1,0.5,0.3,1.8,1.5,8.9,1,29.0,7.0,12.0,3.0,3.0,24.0,,['KENTUCKY'],https://www.basketball-reference.com/req/202106291/images/headshots/goodwar01.jpg,0,0,0,29,2013
0,Jerian Grant,2015-16,23.0,['NYK' 'CHI' 'ORL' 'WAS'],NBA,PG,76.0,28.0,22.8,2.8,6.8,0.425,0.8,2.5,0.366,2.0,4.3,0.473,0.509,1.9,2.5,0.89,0.4,1.9,2.3,4.6,0.9,0.2,1.2,1.8,8.4,0,24.0,8.0,13.0,5.0,1.0,25.2,,['NOTREDAME'],https://www.basketball-reference.com/req/202106291/images/headshots/grantje02.jpg,0,0,0,19,2015
0,Andreas Glyniadakis,2006-07,25.0,['SEA'],NBA,C,13.0,4.0,6.2,0.6,1.3,0.471,0.0,0.0,,0.6,1.3,0.471,0.471,0.1,0.2,0.5,0.2,0.5,0.6,0.1,0.0,0.0,0.7,1.5,1.3,0,8.0,3.0,1.0,,,1.6,,,,0,0,0,29,2003
0,Chad Gallagher,1993-94,24.0,['UTA'],NBA,C,2.0,0.0,1.5,1.5,1.5,1.0,0.0,0.0,,1.5,1.5,1.0,1.0,0.0,0.0,,0.0,0.0,0.0,0.0,0.0,0.0,0.0,1.0,3.0,0,4.0,,,,,3.0,,['CREIGHTON'],,0,0,0,5,1991
0,Jack George,1953-54,25.0,['PHW' 'TOT' 'NYK'],NBA,PG,72.0,,39.4,4.9,13.1,0.385,,,,,,,,4.1,5.4,0.824,,,5.4,6.3,,,,3.0,13.9,1,33.0,14.0,13.0,,,,1.0,['LASALLE'],,2,1,0,,1953
0,Orlando Graham,1988-89,23.0,['GSW'],NBA,PF,7.0,0.0,3.1,0.4,1.4,0.3,0.0,0.0,,0.4,1.4,0.3,0.3,0.3,0.6,0.5,1.1,0.4,1.6,0.0,0.0,0.0,0.3,0.9,1.1,0,2.0,3.0,,,,2.4,,['WTEXASAM' 'AUBURNMONT'],,0,0,0,15,1988
0,Jalen Green,2021-22,19.0,['HOU'],NBA,SG,76.0,76.0,34.2,7.4,17.9,0.426,2.5,7.3,0.343,5.0,10.6,0.502,0.508,4.8,6.1,0.797,0.6,3.2,3.7,3.7,0.8,0.3,2.6,1.7,22.1,0,42.0,8.0,9.0,4.0,2.0,34.4,,,https://www.basketball-reference.com/req/202106291/images/headshots/greenja05.jpg,0,0,0,2,2021
0,Artis Gilmore,1971-72,22.0,['KEN' 'CHI' 'SAS' 'TOT' 'BOS'],ABA,C,84.0,82.0,43.6,9.6,16.7,0.67,0.0,0.1,1.0,9.6,16.7,0.67,0.67,6.2,9.1,0.768,5.7,12.7,18.3,3.9,0.8,5.0,4.5,4.1,24.6,1,45.0,40.0,11.0,5.0,11.0,42.1,6.0,['GARDWEBB' 'JACKSONVIL'],https://www.basketball-reference.com/req/202106291/images/headshots/gilmoar01.jpg,11,1,0,15,1971
0,Paul Graham,1991-92,24.0,['ATL'],NBA,SG,80.0,11.0,22.0,3.9,8.7,0.457,0.7,1.8,0.39,3.2,6.9,0.511,0.495,1.6,2.2,0.765,0.9,2.0,3.0,2.2,1.2,0.3,1.5,2.5,10.1,0,29.0,7.0,9.0,5.0,2.0,23.8,,['OHIO'],,0,0,0,,
0,Tommie Green,1978-79,22.0,['NOJ'],NBA,PG,59.0,,13.7,1.6,4.0,0.388,,,,,,,,0.8,1.1,0.762,0.3,0.8,1.2,2.4,1.0,0.1,1.5,1.9,3.9,0,16.0,4.0,13.0,5.0,2.0,8.4,,,,0,0,0,13,1978
0,Drew Gordon,2014-15,24.0,['PHI'],NBA,PF,9.0,0.0,7.9,0.9,2.1,0.421,0.0,0.3,0.0,0.9,1.8,0.5,0.421,0.1,0.2,0.5,0.8,1.2,2.0,0.2,0.1,0.0,0.9,0.8,1.9,0,4.0,5.0,2.0,1.0,,2.1,,['UCLA' 'NMEXICO'],https://www.basketball-reference.com/req/202106291/images/headshots/gordodr01.jpg,0,0,0,,
0,John Gianelli,1972-73,22.0,['NYK' 'TOT' 'BUF' 'MIL' 'UTA'],NBA,C,82.0,,35.0,4.5,9.6,0.488,0.0,0.0,,4.5,9.6,0.488,0.488,1.8,2.5,0.76,3.2,6.2,9.4,2.3,0.7,1.5,1.8,3.3,10.9,1,25.0,21.0,9.0,4.0,6.0,20.7,,['PACIFIC'],https://www.basketball-reference.com/req/202106291/images/headshots/gianejo01.jpg,0,1,0,7,1972
0,Andrew Goudelock,2011-12,23.0,['LAL' 'HOU'],NBA,SG,40.0,0.0,10.5,1.7,4.4,0.45,0.7,1.9,0.373,1.0,2.5,0.727,0.475,0.4,0.5,0.917,1.0,0.7,1.0,0.5,0.8,0.3,0.9,0.8,4.4,0,14.0,5.0,3.0,2.0,1.0,10.4,,['CHARLESTON'],https://www.basketball-reference.com/req/202106291/images/headshots/goudean01.jpg,0,0,0,16,2011
0,Dave Gunther,1962-63,25.0,['SFW'],NBA,,1.0,,5.0,1.0,2.0,0.5,,,,,,,,0.0,0.0,,,,3.0,3.0,,,,1.0,2.0,0,2.0,3.0,3.0,,,,,['IOWA'],,0,0,0,3,1959
0,Wenyen Gabriel,2019-20,22.0,['TOT' 'SAC' 'POR' 'NOP' 'BRK' 'LAC' 'LAL'],NBA,PF,68.0,5.0,16.4,2.6,5.1,0.596,0.6,1.5,0.417,2.3,3.9,0.647,0.615,1.2,2.0,0.75,1.8,2.5,4.3,0.6,0.4,0.5,0.7,3.0,6.7,1,17.0,14.0,3.0,3.0,3.0,15.8,,['KENTUCKY'],https://www.basketball-reference.com/req/202106291/images/headshots/gabriwe01.jpg,0,0,0,,
0,Ernie Grunfeld,1977-78,22.0,['MIL' 'KCK' 'NYK'],NBA,SG,82.0,11.0,23.4,5.2,10.1,0.535,0.3,0.8,0.5,5.2,10.0,0.535,0.535,2.3,3.1,0.833,1.5,2.9,4.4,3.4,0.9,0.5,1.8,2.7,12.7,0,30.0,13.0,12.0,6.0,4.0,29.8,,['TENNESSEE'],,0,0,0,11,1977
0,Bato Govedarica,1953-54,25.0,['SYR'],NBA,PG,23.0,,11.2,1.1,3.4,0.316,,,,,,,,1.1,1.6,0.676,,,0.8,1.0,,,,1.9,3.3,0,12.0,4.0,4.0,,,,,['DEPAUL'],,0,0,0,5,1951
0,Norm Grekin,1953-54,23.0,['PHW'],NBA,,1.0,,1.0,0.0,0.0,,,,,,,,,0.0,0.0,,,,0.0,0.0,,,,1.0,0.0,0,,,,,,,,['LASALLE'],,0,0,0,,1953
0,Anthony Gill,2020-21,28.0,['WAS'],NBA,PF,59.0,8.0,10.6,1.4,2.5,0.569,0.3,0.9,0.538,1.1,1.9,0.65,0.633,1.0,1.2,0.813,0.8,1.3,2.0,0.6,0.4,0.3,0.4,1.3,4.1,0,18.0,10.0,4.0,2.0,2.0,14.6,,['SCAROLINA' 'VIRGINIA'],https://www.basketball-reference.com/req/202106291/images/headshots/gillan01.jpg,0,0,0,,
0,Derek Grimm,1997-98,23.0,['SAC'],NBA,SF,9.0,0.0,3.8,0.4,1.6,0.286,0.4,1.3,0.333,0.0,0.2,0.0,0.429,0.2,0.2,1.0,0.0,0.4,0.4,0.0,0.3,0.1,0.3,0.7,1.6,0,6.0,1.0,,2.0,1.0,3.5,,['MISSOURI'],,0,0,0,,
0,Clarence Glover,1971-72,24.0,['BOS'],NBA,PF,25.0,,4.8,1.0,2.2,0.455,,,,,,,,0.6,1.3,0.469,,,1.8,0.2,,,,1.0,2.6,0,6.0,6.0,1.0,,,,,['WKENTUCKY'],,0,0,0,10,1971
0,Reggie Geary,1996-97,23.0,['CLE' 'SAS'],NBA,PG,62.0,2.0,11.0,0.9,2.7,0.379,0.2,0.6,0.381,0.7,2.1,0.378,0.448,0.5,0.9,0.5,0.3,0.8,1.1,1.2,0.6,0.2,0.7,1.5,2.5,0,13.0,5.0,5.0,3.0,3.0,14.5,,['ARIZONA'],,0,0,0,27,1996
0,Gary Gregor,1968-69,23.0,['PHO' 'ATL' 'POR' 'TOT' 'MIL' 'NYA'],NBA,PF,82.0,,28.9,5.0,12.0,0.485,0.1,0.1,1.0,5.0,12.0,0.483,0.488,1.4,2.0,0.821,1.0,2.8,8.9,2.3,0.2,0.0,1.0,3.1,11.1,1,29.0,20.0,7.0,,,3.5,,['SCAROLINA'],,0,0,0,5,1967
0,Danny Granger,2005-06,22.0,['IND' 'TOT' 'LAC' 'MIA'],NBA,SF,82.0,80.0,36.7,8.5,19.1,0.462,2.7,7.1,0.404,5.8,12.3,0.497,0.522,6.0,6.9,0.962,1.7,4.9,6.1,2.8,1.5,1.4,2.6,3.6,25.8,1,44.0,17.0,10.0,6.0,6.0,36.7,,['BRADLEY' 'NMEXICO'],https://www.basketball-reference.com/req/202106291/images/headshots/grangda01.jpg,1,0,0,17,2005
0,Bob Greacen,1969-70,22.0,['MIL' 'NYA'],NBA,SF,41.0,,21.5,1.1,6.0,0.5,0.0,0.0,,1.1,6.0,0.5,0.5,1.5,3.5,0.643,0.3,0.3,3.0,6.5,,,0.5,3.5,2.6,0,18.0,6.0,8.0,,,,,['RUTGERS'],,0,1,0,2,1969
0,Horace Grant,1987-88,22.0,['CHI' 'ORL' 'SEA' 'LAL'],NBA,PF,81.0,81.0,37.3,6.6,12.5,0.578,0.0,0.1,0.2,6.6,12.5,0.58,0.578,2.9,3.9,0.775,4.4,6.6,11.0,3.4,1.5,1.6,1.6,3.2,15.1,0,31.0,23.0,10.0,5.0,7.0,32.9,,['CLEMSON'],https://www.basketball-reference.com/req/202106291/images/headshots/grantho01.jpg,1,4,0,10,1987
0,Bill Garnett,1982-83,22.0,['DAL' 'IND'],NBA,C,80.0,34.0,19.1,2.3,4.8,0.533,0.0,0.0,0.0,2.3,4.7,0.538,0.533,1.8,2.7,0.741,1.9,3.5,5.4,1.6,0.6,0.9,1.4,3.3,6.4,0,21.0,18.0,11.0,5.0,4.0,17.9,,['WYOMING'],,0,0,0,4,1982
0,Kenny Gattison,1986-87,22.0,['PHO' 'CHH' 'VAN'],NBA,PF,82.0,71.0,27.1,5.2,9.7,0.55,0.0,0.0,1.0,5.2,9.7,0.549,0.552,2.4,3.5,0.688,2.2,4.9,7.1,1.6,0.8,0.9,1.7,3.3,12.7,0,29.0,18.0,5.0,5.0,4.0,26.9,,['OLDDOM'],https://www.basketball-reference.com/req/202106291/images/headshots/gattike01.jpg,0,0,0,8,1986
0,Blake Griffin,2009-10,20.0,['LAC' 'TOT' 'DET' 'BRK' 'BOS'],Did Not Play (injury—knee),Did Not Play (injury—knee),82.0,82.0,38.0,9.0,17.9,0.549,2.5,7.0,0.4,8.8,16.7,0.625,0.574,6.0,8.5,0.785,3.3,8.8,12.1,6.2,1.2,0.7,3.4,3.3,24.5,1,50.0,20.0,12.0,4.0,4.0,40.0,10.0,['OKLAHOMA'],https://www.basketball-reference.com/req/202106291/images/headshots/griffbl01.jpg,6,0,0,1,2009
0,Paul Griffin,1976-77,23.0,['NOJ' 'SAS'],NBA,PF,82.0,0.0,23.5,2.1,4.4,0.553,0.0,0.0,,2.1,4.4,0.553,0.553,2.1,3.1,0.725,2.2,4.3,6.2,3.0,1.1,0.6,1.8,3.7,6.3,0,20.0,25.0,10.0,8.0,4.0,23.0,,['WMICHIGAN'],,0,0,0,6,1976
0,Claude Gregory,1985-86,27.0,['WSB' 'LAC'],NBA,PF,23.0,2.0,13.6,2.7,5.8,0.5,0.0,0.0,0.0,2.7,5.8,0.5,0.5,0.5,1.6,0.333,1.6,2.5,4.1,0.7,0.5,0.6,1.0,1.6,5.8,0,21.0,12.0,3.0,2.0,2.0,13.9,,['WISCONSIN'],,0,0,0,18,1981
0,Josh Giddey,2021-22,19.0,['OKC'],NBA,SF,76.0,76.0,31.5,7.1,14.7,0.482,1.0,3.9,0.325,6.1,11.6,0.524,0.516,1.4,1.9,0.731,1.9,6.0,7.9,6.4,0.9,0.4,3.2,1.9,16.6,0,31.0,18.0,17.0,4.0,2.0,26.6,8.0,,https://www.basketball-reference.com/req/202106291/images/headshots/giddejo01.jpg,0,0,0,6,2021
0,Calvin Graham,1967-68,23.0,['PTP'],ABA,,8.0,,6.5,0.5,1.8,0.286,0.0,0.0,,0.5,1.8,0.286,0.286,0.6,1.0,0.625,,,1.3,0.0,,,0.1,1.5,1.6,0,5.0,2.0,,,,,,,,0,0,0,,
0,Johnny Green,1959-60,26.0,['NYK' 'TOT' 'BAL' 'SDR' 'PHI' 'CIN' 'KCO'],NBA,PF,82.0,,34.9,7.3,15.8,0.599,,,,,,,,3.5,5.5,0.679,,,13.3,2.4,,,,3.4,18.1,1,39.0,25.0,7.0,,,,,['MICHIGANST'],,4,0,0,6,1959
0,Mal Graham,1967-68,22.0,['BOS'],NBA,PG,48.0,,16.4,2.4,5.7,0.43,,,,,,,,1.2,1.8,0.786,,,2.0,1.3,,,,2.6,6.0,0,18.0,7.0,5.0,,,,,['NEWYORKU'],,0,2,0,11,1967
0,Dick Garmaker,1955-56,23.0,['MNL' 'TOT' 'NYK'],NBA,SG,72.0,,34.6,5.8,14.5,0.44,,,,,,,,5.1,6.0,0.86,,,5.4,3.1,,,,3.4,16.3,1,39.0,13.0,10.0,,,,,['MINNESOTA'],,4,0,0,8,1954
0,Evric Gray,1996-97,27.0,['NJN'],NBA,SF,5.0,0.0,8.4,0.8,3.0,0.267,0.2,0.8,0.25,0.6,2.2,0.273,0.3,0.8,0.8,1.0,0.2,0.4,0.6,0.4,0.2,0.0,0.6,1.0,2.6,0,7.0,2.0,1.0,1.0,,2.7,,['UNLV'],,0,0,0,,
0,Ken Gardner,1975-76,26.0,['UTS'],ABA,SF,9.0,,5.7,0.7,2.0,0.333,0.0,0.0,,0.7,2.0,0.333,0.333,0.2,0.2,1.0,0.9,0.6,1.4,0.3,0.2,0.1,0.1,1.0,1.6,0,6.0,6.0,3.0,,,-1.8,,['UTAH'],,0,0,0,14,1971
0,A.J. Green,2022-23,23.0,['MIL'],NBA,SG,35.0,1.0,9.9,1.5,3.6,0.424,1.3,3.0,0.419,0.3,0.6,0.45,0.6,0.1,0.1,1.0,0.2,1.1,1.3,0.6,0.2,0.0,0.3,0.9,4.4,0,15.0,4.0,4.0,1.0,,12.3,,['NIOWA'],https://www.basketball-reference.com/req/202106291/images/headshots/greenaj01.jpg,0,0,0,,
0,Dan Gadzuric,2002-03,24.0,['MIL' 'TOT' 'GSW' 'NJN' 'NYK'],NBA,C,81.0,81.0,22.0,3.0,5.6,0.553,0.0,0.0,0.0,3.0,5.6,0.555,0.553,1.3,2.5,0.544,3.2,5.1,8.3,0.6,0.7,1.4,1.0,2.8,7.3,1,22.0,20.0,4.0,3.0,7.0,23.9,,['UCLA'],https://www.basketball-reference.com/req/202106291/images/headshots/gadzuda01.jpg,0,0,0,5,2002
0,Dave Gambee,1958-59,21.0,['STL' 'TOT' 'CIN' 'SYR' 'PHI' 'SDR' 'MIL' 'DET' 'SFW'],NBA,SF,80.0,,28.8,6.0,14.1,1.0,,,,,,,,4.8,5.9,0.856,,,7.9,1.4,,,,3.9,16.7,1,39.0,19.0,6.0,,,,,['OREGONST'],,0,1,0,7,1958
0,Quentin Grimes,2021-22,21.0,['NYK'],NBA,SG,71.0,66.0,29.9,4.0,8.5,0.468,2.2,5.7,0.386,1.8,2.7,0.641,0.599,1.1,1.4,0.796,0.7,2.5,3.2,2.1,0.7,0.4,1.0,2.5,11.3,0,36.0,9.0,8.0,4.0,2.0,32.4,,['KANSAS' 'HOUSTON'],https://www.basketball-reference.com/req/202106291/images/headshots/grimequ01.jpg,0,0,0,25,2021
0,Lynn Greer,2006-07,27.0,['MIL'],NBA,SG,41.0,0.0,10.5,1.5,3.4,0.433,0.4,1.3,0.346,1.0,2.2,0.483,0.496,0.7,0.8,0.844,0.0,0.6,0.7,1.3,0.4,0.0,0.4,0.8,4.1,0,19.0,3.0,4.0,3.0,1.0,15.1,,['TEMPLE'],,0,0,0,,
0,Devean George,1999-00,22.0,['LAL' 'DAL' 'GSW'],NBA,SF,82.0,48.0,23.8,2.8,7.0,0.432,1.4,3.9,0.39,2.0,4.7,0.494,0.549,1.2,1.5,0.79,1.3,3.0,4.0,1.4,1.0,0.5,1.1,2.5,7.4,0,25.0,12.0,6.0,5.0,4.0,20.8,,['AUGSBURGMN'],,0,3,0,23,1999
0,Daniel Gafford,2019-20,21.0,['CHI' 'TOT' 'WAS'],NBA,C,78.0,53.0,20.6,4.1,6.0,0.732,0.0,0.0,0.0,4.1,6.0,0.732,0.732,2.0,2.9,0.699,2.2,3.5,5.7,1.1,0.7,1.8,1.1,2.4,10.1,1,25.0,13.0,5.0,4.0,8.0,25.5,,['ARKANSAS'],https://www.basketball-reference.com/req/202106291/images/headshots/gaffoda01.jpg,0,0,0,8,2019
0,Kevin Garnett,1995-96,19.0,['MIN' 'BOS' 'BRK' 'TOT'],NBA,SF,82.0,82.0,40.5,9.8,19.6,0.581,0.5,1.4,0.37,9.7,19.1,0.6,0.581,5.5,6.7,0.862,3.5,10.9,13.9,6.0,1.7,2.2,3.3,3.2,24.2,1,47.0,25.0,12.0,7.0,8.0,41.5,16.0,,https://www.basketball-reference.com/req/202106291/images/headshots/garneke01.jpg,15,1,1,5,1995
0,Tom Gugliotta,1992-93,23.0,['WSB' 'TOT' 'GSW' 'MIN' 'PHO' 'UTA' 'BOS' 'ATL'],NBA,PF,81.0,81.0,38.7,7.8,16.5,0.502,0.9,2.8,0.5,7.7,15.4,0.513,0.504,5.7,7.0,1.0,3.0,6.9,9.6,4.5,3.5,1.8,3.6,3.4,20.6,1,39.0,20.0,11.0,8.0,5.0,36.2,1.0,['NCSTATE'],https://www.basketball-reference.com/req/202106291/images/headshots/guglito01.jpg,1,0,0,6,1992
0,Kevin Grevey,1975-76,22.0,['WSB' 'MIL'],NBA,SF,81.0,62.0,34.9,6.7,14.7,0.453,0.6,1.8,0.395,6.4,14.2,0.477,0.474,3.3,3.9,0.897,1.5,2.2,3.6,4.0,0.9,0.3,2.0,2.5,17.2,0,43.0,10.0,10.0,4.0,3.0,28.4,,['KENTUCKY'],,0,1,0,18,1975
0,Eddie Griffin,2001-02,19.0,['HOU' 'MIN'],NBA,PF,77.0,66.0,26.0,3.5,9.1,0.4,1.2,3.7,0.333,2.7,6.3,0.426,0.451,0.9,1.2,0.8,1.8,4.6,6.5,1.1,0.7,2.1,1.0,1.8,8.8,0,27.0,18.0,5.0,3.0,8.0,26.2,,['SETONHALL'],,0,0,0,7,2001
0,Matt Geiger,1992-93,23.0,['MIA' 'CHH' 'PHI'],NBA,C,78.0,50.0,30.8,5.3,11.1,0.574,0.1,0.4,0.4,5.3,11.0,0.579,0.575,2.8,3.5,0.797,2.7,5.8,8.4,1.2,0.9,1.1,2.0,3.8,13.5,0,29.0,21.0,6.0,5.0,5.0,26.4,,['AUBURN' 'GATECH'],,0,0,0,15,1992
0,Andrew Gaze,1993-94,28.0,['WSB' 'SAS'],NBA,SG,19.0,0.0,10.0,1.1,2.4,0.471,0.6,1.1,0.5,0.6,1.3,0.444,0.588,0.3,0.3,1.0,0.1,0.9,1.0,0.7,0.3,0.1,0.4,1.3,3.1,0,6.0,2.0,2.0,2.0,1.0,5.3,,['SETONHALL'],,0,1,0,,
0,Harry Gallatin,1948-49,21.0,['NYK' 'DET'],BAA,,72.0,,37.4,4.7,12.5,0.444,,,,,,,,6.0,7.7,0.814,,,15.3,2.7,,,,3.7,15.0,0,34.0,33.0,8.0,,,,,['TRUMANST'],https://www.basketball-reference.com/req/202106291/images/headshots/gallaha01.jpg,7,0,0,8,1947
0,Bob Gantt,1946-47,24.0,['WSC'],BAA,,23.0,,,1.3,3.9,0.326,,,,,,,,0.6,1.2,0.464,,,,0.2,,,,2.0,3.1,0,8.0,,,,,,,,,0,0,0,,
0,Joe Graboski,1948-49,19.0,['CHS' 'INO' 'PHW' 'TOT' 'STL' 'CHP' 'SYR'],BAA,,73.0,,40.1,5.5,15.7,0.387,,,,,,,,5.1,7.4,0.783,,,10.4,2.6,,,,4.4,14.7,1,36.0,29.0,9.0,,,,,,,0,1,0,,
0,A.C. Green,1985-86,22.0,['LAL' 'PHO' 'TOT' 'DAL' 'MIA'],NBA,PF,83.0,82.0,35.4,5.7,11.3,0.539,0.5,1.5,0.348,5.6,10.9,0.55,0.548,4.1,5.6,0.786,3.7,5.9,9.3,1.7,1.1,1.0,1.5,2.8,14.7,1,35.0,20.0,8.0,6.0,5.0,34.8,,['OREGONST'],https://www.basketball-reference.com/req/202106291/images/headshots/greenac01.jpg,1,3,0,23,1985
0,Alex Garcia,2003-04,23.0,['SAS' 'NOH'],NBA,SG,8.0,3.0,18.3,2.3,6.5,0.346,0.6,2.3,0.278,1.6,4.3,0.382,0.394,0.5,1.0,0.75,0.9,1.0,1.9,2.3,1.0,0.1,1.0,1.9,5.5,0,11.0,4.0,4.0,2.0,1.0,6.8,,,,0,0,0,,
0,JaMychal Green,2014-15,24.0,['TOT' 'SAS' 'MEM' 'LAC' 'DEN' 'GSW'],NBA,PF,78.0,75.0,28.0,4.1,8.9,0.575,1.5,3.8,0.413,3.3,6.6,0.8,0.623,1.7,2.2,0.871,2.7,5.8,8.4,1.4,0.8,0.6,1.6,3.2,10.3,1,29.0,18.0,7.0,5.0,4.0,28.0,,['ALABAMA'],https://www.basketball-reference.com/req/202106291/images/headshots/greenja01.jpg,0,0,0,,
0,Daniel Gibson,2006-07,20.0,['CLE'],NBA,PG,75.0,26.0,30.4,3.9,9.9,0.466,2.0,4.6,0.477,2.2,5.5,0.454,0.599,2.0,2.4,0.822,0.5,2.6,2.9,3.0,0.8,0.5,1.3,2.8,11.6,0,29.0,8.0,9.0,4.0,3.0,25.5,,['TEXAS'],https://www.basketball-reference.com/req/202106291/images/headshots/gibsoda01.jpg,0,0,0,12,2006
0,Stephen Graham,2005-06,23.0,['TOT' 'HOU' 'CHI' 'CLE' 'POR' 'IND' 'CHA' 'NJN'],NBA,SG,70.0,28.0,16.3,2.0,4.9,0.586,0.4,1.3,0.5,1.7,3.7,0.614,0.647,1.0,1.2,1.0,0.4,1.8,2.1,0.7,0.3,0.2,0.9,1.8,5.4,1,19.0,9.0,5.0,3.0,2.0,15.3,,['CFLORIDA' 'OKSTATE'],https://www.basketball-reference.com/req/202106291/images/headshots/grahast01.jpg,0,0,0,,
0,Grant Gondrezick,1986-87,24.0,['PHO' 'LAC'],NBA,SG,64.0,1.0,13.1,2.1,4.7,0.45,0.1,0.4,0.273,2.0,4.4,0.463,0.457,1.2,1.7,0.701,0.7,1.0,1.7,1.3,0.5,0.1,0.9,1.4,5.5,0,17.0,8.0,6.0,2.0,1.0,14.4,,['PEPPERDINE'],,0,0,0,7,1986
0,Walt Gilmore,1970-71,23.0,['POR'],NBA,PF,27.0,,9.7,0.9,2.0,0.426,,,,,,,,0.4,1.0,0.462,,,2.7,0.4,,,,1.8,2.1,0,11.0,9.0,2.0,,,,,,,0,0,0,8,1970
0,Don Grate,1949-50,26.0,['SHE'],NBA,,2.0,,,0.5,3.0,0.167,,,,,,,,1.0,1.0,1.0,,,,1.5,,,,1.5,2.0,0,4.0,,2.0,,,,,,,0,0,0,,
0,Sundiata Gaines,2009-10,23.0,['UTA' 'TOT' 'MIN' 'TOR' 'NJN'],NBA,PG,57.0,12.0,15.0,2.5,5.8,0.463,0.5,2.5,0.341,2.0,3.3,0.6,0.506,1.1,2.0,0.615,1.0,1.4,2.4,2.5,1.0,0.2,1.3,1.7,5.8,1,18.0,7.0,8.0,4.0,1.0,18.8,,['GEORGIA'],https://www.basketball-reference.com/req/202106291/images/headshots/gainesu01.jpg,0,0,0,,
0,Jeff Grayer,1988-89,23.0,['MIL' 'GSW' 'PHI' 'SAC' 'TOT' 'CHH'],NBA,SG,82.0,40.0,23.4,3.8,8.4,0.571,0.5,3.0,0.667,3.5,7.8,0.538,0.714,1.9,2.8,0.85,1.6,1.9,3.3,2.0,0.9,0.3,2.0,2.5,9.0,1,27.0,13.0,6.0,5.0,3.0,22.5,,['IOWAST'],,0,0,0,13,1988
0,Taylor Griffin,2009-10,23.0,['PHO'],NBA,SF,8.0,0.0,4.0,0.5,1.3,0.4,0.0,0.3,0.0,0.5,1.0,0.5,0.4,0.3,0.5,0.5,0.0,0.3,0.3,0.1,0.0,0.3,0.1,0.5,1.3,0,4.0,1.0,1.0,,1.0,2.9,,['OKLAHOMA'],,0,0,0,18,2009
0,Greg Grant,1989-90,23.0,['PHO' 'NYK' 'TOT' 'CHH' 'PHI' 'DEN' 'WSB'],NBA,PG,72.0,3.0,25.5,1.8,4.4,0.456,0.4,1.6,0.389,1.7,3.6,0.5,0.472,0.6,0.9,0.864,0.3,1.6,1.9,5.5,1.1,0.2,1.4,2.5,4.1,1,15.0,7.0,14.0,6.0,1.0,16.2,,['TRENTONST'],,0,0,0,25,1989
0,Freddie Gillespie,2020-21,23.0,['TOR' 'ORL'],NBA,PF,20.0,2.0,19.6,2.2,4.2,0.524,0.0,0.1,0.0,2.2,4.2,0.524,0.524,1.2,1.7,0.697,2.1,2.8,4.9,0.6,0.7,1.0,0.6,2.2,5.6,0,11.0,10.0,2.0,3.0,5.0,13.1,,['BAYLOR'],https://www.basketball-reference.com/req/202106291/images/headshots/gillefr01.jpg,0,0,0,,
0,Litterial Green,1992-93,22.0,['ORL' 'DET' 'MIL' 'CLE'],NBA,PG,52.0,4.0,12.0,1.7,3.8,0.469,0.0,0.2,0.25,1.7,3.6,0.556,0.469,1.2,1.8,0.757,0.2,0.4,0.7,2.2,0.4,0.1,0.8,1.3,4.5,0,16.0,4.0,9.0,5.0,2.0,12.8,,['GEORGIA'],,0,0,0,12,1992
0,Mike Gibson,1983-84,23.0,['WSB' 'DET'],NBA,PF,32.0,0.0,7.2,0.7,1.7,0.392,0.0,0.0,,0.7,1.7,0.392,0.392,0.3,0.5,0.727,0.9,1.2,2.1,0.3,0.3,0.2,0.4,1.1,1.7,0,9.0,13.0,3.0,2.0,1.0,9.3,,['USCUPSTATE'],,0,0,0,21,1982
0,Georgi Glouchkov,1985-86,26.0,['PHO'],NBA,PF,49.0,16.0,15.8,1.7,4.3,0.402,0.0,0.0,1.0,1.7,4.2,0.399,0.404,1.4,2.5,0.574,0.6,2.7,3.3,0.7,0.5,0.5,1.6,2.5,4.9,0,13.0,11.0,2.0,2.0,2.0,13.6,,,,0,0,0,9,1985
0,Pat Garrity,1998-99,22.0,['PHO' 'ORL'],NBA,PF,82.0,53.0,31.9,4.1,9.6,0.5,2.1,5.0,0.433,2.2,4.7,0.513,0.537,1.1,1.4,0.889,1.0,3.3,4.2,1.5,0.8,0.4,1.0,3.2,11.1,0,32.0,15.0,5.0,5.0,3.0,26.8,,['NOTREDAME'],https://www.basketball-reference.com/req/202106291/images/headshots/garripa01.jpg,0,0,0,19,1998
0,Vern Gardner,1949-50,24.0,['PHW'],NBA,SG,63.0,,18.8,5.0,14.5,0.371,,,,,,,,3.6,4.7,0.767,,,4.1,1.9,,,,3.7,13.5,0,24.0,14.0,7.0,,,,,['UTAH'],,0,0,0,6,1949
0,Tom Gola,1955-56,23.0,['PHW' 'TOT' 'SFW' 'NYK'],NBA,SG,77.0,,41.0,5.7,13.1,0.46,,,,,,,,4.4,5.6,0.794,,,11.1,5.9,,,,4.5,15.0,1,29.0,24.0,15.0,,,,20.0,['LASALLE'],https://www.basketball-reference.com/req/202106291/images/headshots/golato01.jpg,5,1,0,3,1955
0,Willie Green,2003-04,22.0,['PHI' 'NOH' 'ATL' 'LAC' 'ORL'],NBA,SG,81.0,74.0,26.6,5.1,11.8,0.471,1.0,2.4,0.526,4.4,9.6,0.494,0.553,1.7,2.2,0.857,0.6,2.0,2.5,2.1,0.8,0.3,1.5,2.1,12.4,0,37.0,9.0,10.0,3.0,3.0,27.2,,['DETROIT'],https://www.basketball-reference.com/req/202106291/images/headshots/greenwi01.jpg,0,0,0,12,2003
0,Mike Green,1973-74,22.0,['DNR' 'DNA' 'VIR' 'SEA' 'TOT' 'SAS' 'KCK'],ABA,C,81.0,,31.8,7.3,15.4,0.542,0.0,0.1,0.5,7.3,15.3,0.544,0.542,2.9,3.8,0.778,3.6,6.0,9.6,1.6,1.3,2.1,2.5,3.5,17.4,1,39.0,18.0,6.0,4.0,6.0,22.2,,['LATECH'],,1,0,0,4,1973
0,Ben Goldfaden,1946-47,33.0,['WSC'],BAA,,2.0,,,0.0,1.0,0.0,,,,,,,,1.0,2.0,0.5,,,,0.0,,,,1.5,1.0,0,1.0,,,,,,,,,0,0,0,,
0,Jonathan Gibson,2016-17,29.0,['DAL' 'BOS'],NBA,PG,17.0,0.0,13.6,3.5,5.8,0.609,1.5,3.0,0.5,2.0,2.9,0.727,0.739,1.2,1.7,0.724,0.1,1.2,1.3,1.5,0.5,0.0,1.2,1.3,8.5,0,26.0,6.0,4.0,2.0,,15.5,,['NMSTATE'],https://www.basketball-reference.com/req/202106291/images/headshots/gibsojo01.jpg,0,0,0,,
0,Ken Green,1985-86,26.0,['NYK'],NBA,PF,7.0,0.0,10.3,1.9,3.9,0.481,0.0,0.0,,1.9,3.9,0.481,0.481,0.7,1.3,0.556,1.7,2.1,3.9,0.3,0.6,0.0,0.1,1.1,4.4,0,11.0,8.0,1.0,1.0,,12.2,,['UTPANAM'],,0,0,0,11,1981
0,Erick Green,2014-15,23.0,['DEN' 'TOT' 'UTA'],NBA,PG,43.0,1.0,9.5,1.4,3.8,0.417,0.3,1.1,0.298,1.1,2.7,0.5,0.458,0.3,0.3,1.0,0.5,0.6,0.8,0.9,0.3,0.0,0.3,0.7,3.4,1,17.0,4.0,7.0,2.0,,16.8,,['VATECH'],https://www.basketball-reference.com/req/202106291/images/headshots/greener01.jpg,0,0,0,16,2013
0,Pop Goodwin,1946-47,26.0,['PRO'],BAA,,55.0,,,1.8,6.5,0.282,,,,,,,,1.1,1.4,0.8,,,,0.3,,,,1.7,4.7,0,19.0,,1.0,,,,,,,0,0,0,,
0,Joey Graham,2005-06,23.0,['TOR' 'DEN' 'CLE'],NBA,SF,80.0,24.0,19.8,3.0,6.2,0.52,0.4,1.1,0.667,2.9,5.9,0.545,0.525,1.7,2.1,0.844,1.2,2.5,3.7,0.8,0.5,0.2,1.2,2.9,7.7,0,24.0,12.0,5.0,3.0,3.0,24.0,,['CFLORIDA' 'OKSTATE'],https://www.basketball-reference.com/req/202106291/images/headshots/grahajo01.jpg,0,0,0,16,2005
0,Usman Garuba,2021-22,19.0,['HOU'],NBA,PF,75.0,2.0,12.9,1.1,2.4,0.486,0.3,0.8,0.407,0.8,1.6,0.583,0.554,0.4,0.6,0.714,1.6,2.6,4.1,0.9,0.6,0.5,0.6,1.8,3.0,0,12.0,14.0,3.0,4.0,3.0,16.6,,,https://www.basketball-reference.com/req/202106291/images/headshots/garubus01.jpg,0,0,0,23,2021
0,Woody Grimshaw,1946-47,27.0,['PRO'],BAA,,21.0,,,1.0,2.7,0.357,,,,,,,,1.0,2.1,0.477,,,,0.0,,,,1.2,2.9,0,11.0,,,,,,,,,0,0,0,,
0,Brandon Goodwin,2018-19,23.0,['DEN' 'ATL' 'CLE'],NBA,PG,47.0,5.0,13.9,2.2,5.6,0.416,0.8,2.6,0.345,1.5,3.0,0.485,0.477,0.8,1.1,0.933,0.4,1.8,2.1,2.5,0.7,0.1,1.0,1.3,6.1,0,21.0,8.0,12.0,4.0,1.0,21.5,,['CFLORIDA'],https://www.basketball-reference.com/req/202106291/images/headshots/goodwbr01.jpg,0,0,0,,
0,Francisco García,2005-06,24.0,['SAC' 'TOT' 'HOU'],NBA,SF,79.0,36.0,30.4,4.5,10.2,0.466,1.5,3.9,0.398,3.2,6.8,0.56,0.574,2.2,2.7,0.882,0.9,2.7,3.4,2.3,1.2,1.0,1.7,3.0,12.7,1,31.0,12.0,7.0,5.0,5.0,26.9,,['LOUISVILLE'],https://www.basketball-reference.com/req/202106291/images/headshots/garcifr01.jpg,0,0,0,23,2005
0,Rickey Green,1977-78,23.0,['GSW' 'DET' 'UTA' 'TOT' 'CHH' 'MIL' 'IND' 'PHI' 'BOS'],NBA,PG,81.0,81.0,35.7,6.2,12.5,0.545,0.1,0.5,0.368,6.2,12.4,0.556,0.553,3.0,3.5,0.929,1.0,2.1,3.0,9.2,2.8,0.2,2.8,2.6,14.8,1,45.0,9.0,20.0,9.0,3.0,41.2,,['MICHIGAN'],https://www.basketball-reference.com/req/202106291/images/headshots/greenri01.jpg,1,0,0,16,1977
0,Herm Gilliam,1969-70,23.0,['CIN' 'BUF' 'ATL' 'SEA' 'POR'],NBA,SG,82.0,,36.1,6.2,13.6,0.468,,,,,,,,1.8,2.4,0.838,1.3,3.3,5.3,6.3,2.2,0.3,,3.4,14.1,0,35.0,13.0,16.0,7.0,2.0,,1.0,['PURDUE'],,0,1,0,3,1968
0,Winston Garland,1987-88,23.0,['GSW' 'TOT' 'LAC' 'DEN' 'HOU' 'MIN'],NBA,PG,79.0,79.0,33.7,5.9,13.6,0.444,0.4,1.0,0.462,5.8,13.1,0.451,0.452,2.6,3.2,0.91,1.3,3.0,4.2,6.4,2.2,0.3,2.8,2.8,14.5,1,31.0,12.0,16.0,8.0,3.0,30.5,2.0,,,0,0,0,17,1987
0,Devin Gray,1996-97,24.0,['TOT' 'SAC' 'SAS' 'HOU'],NBA,PF,21.0,2.0,8.3,1.7,5.0,0.405,0.0,0.0,,1.7,5.0,0.405,0.405,0.9,1.4,0.655,1.0,2.0,3.0,0.7,1.0,0.1,1.7,2.7,3.3,1,8.0,5.0,2.0,2.0,2.0,6.4,,['CLEMSON'],,0,0,0,,
0,Jack Givens,1978-79,22.0,['ATL'],NBA,SF,82.0,,18.2,3.2,7.6,0.415,0.0,0.0,0.0,3.2,7.6,0.415,0.415,1.4,1.8,0.828,1.4,1.6,3.0,1.1,1.0,0.2,1.0,1.6,7.7,0,22.0,13.0,5.0,4.0,2.0,17.9,,['KENTUCKY'],,0,0,0,16,1978
0,Gerald Govan,1965-66,24.0,['NOB' 'MMP' 'UTS' 'VIR'],Did Not Play (other pro league—Italy),Did Not Play (other pro league—Italy),84.0,,44.1,5.0,12.4,0.471,0.0,0.1,1.0,5.0,12.3,0.473,0.471,2.5,3.4,0.821,3.7,11.1,14.5,4.8,0.9,0.6,3.3,3.4,12.5,0,28.0,26.0,12.0,4.0,3.0,-0.7,1.0,,https://www.basketball-reference.com/req/202106291/images/headshots/govange01.jpg,1,0,0,4,1964
0,Aaron Gordon,2014-15,19.0,['ORL' 'TOT' 'DEN'],NBA,PF,80.0,78.0,33.8,6.5,14.9,0.564,2.0,5.9,0.375,5.4,9.0,0.628,0.603,2.8,4.6,0.743,2.4,6.4,7.9,4.2,1.0,0.8,2.7,2.2,17.6,1,41.0,17.0,12.0,6.0,4.0,38.5,2.0,['ARIZONA'],https://www.basketball-reference.com/req/202106291/images/headshots/gordoaa01.jpg,0,1,0,4,2014
0,Bob Gross,1975-76,22.0,['POR' 'SDC'],NBA,SF,82.0,24.0,30.0,5.3,10.0,0.537,0.1,0.2,0.5,5.3,10.0,0.538,0.542,2.2,2.6,0.851,2.5,3.1,5.6,3.7,1.4,0.9,2.7,3.3,12.7,0,27.0,17.0,13.0,6.0,5.0,26.8,,['SEATTLE' 'LONGBEACH'],https://www.basketball-reference.com/req/202106291/images/headshots/grossbo01.jpg,0,1,0,7,1975
0,Jeff Green,2007-08,21.0,"['SEA' 'OKC' 'TOT' 'BOS' 'MEM' 'LAC' 'ORL' 'CLE' 'WAS' 'UTA' 'HOU' 'BRK'
 'DEN']",NBA,SF,82.0,82.0,37.1,6.2,14.4,0.564,1.6,4.8,0.412,4.9,10.5,0.8,0.658,3.7,4.4,0.888,1.5,5.1,6.7,2.0,1.3,0.9,2.2,2.9,17.6,1,43.0,15.0,7.0,4.0,5.0,38.6,,['GEORGETOWN'],https://www.basketball-reference.com/req/202106291/images/headshots/greenje02.jpg,0,1,0,5,2007
0,Mickell Gladness,2011-12,25.0,['TOT' 'MIA' 'GSW'],NBA,PF,26.0,7.0,12.4,1.3,3.1,0.429,0.0,0.0,,1.3,3.1,0.429,0.429,0.3,0.7,0.5,0.7,1.9,2.6,0.3,0.2,1.1,0.4,1.3,3.0,1,14.0,9.0,2.0,1.0,4.0,15.0,,['ALABAMAAM'],https://www.basketball-reference.com/req/202106291/images/headshots/gladnmi01.jpg,0,0,0,,
0,Reece Gaines,2003-04,23.0,['ORL' 'TOT' 'HOU' 'MIL'],NBA,PG,38.0,1.0,10.8,1.0,2.7,0.5,0.3,1.2,0.5,0.7,2.0,0.6,0.5,0.4,0.7,0.75,0.2,1.1,1.1,1.1,0.3,0.1,0.5,1.2,2.6,1,14.0,6.0,4.0,2.0,1.0,12.6,,['LOUISVILLE'],,0,0,0,15,2003
0,Paul Grant,1998-99,25.0,['TOT' 'MIN' 'MIL' 'UTA'],NBA,C,10.0,0.0,9.8,1.1,2.3,0.5,0.0,0.0,,1.1,2.3,0.5,0.5,0.3,0.8,0.375,0.7,1.0,1.7,0.3,0.5,0.1,0.7,1.7,2.5,1,6.0,6.0,1.0,1.0,1.0,2.9,,['BOSTONCOLL' 'WISCONSIN'],,0,0,0,20,1997
