,Name,Season,Age,Tm,Lg,Pos,G,GS,MP,FG,FGA,FG%,3P,3PA,3P%,2P,2PA,2P%,eFG%,FT,FTA,FT%,ORB,DRB,TRB,AST,STL,BLK,TOV,PF,PTS,MidSeasonTrade,"Career high, Points","Career high, Rebounds","Career high, Assists","Career high, Steals","Career high, Game Score",College,Image URL,All Star Games,Championships,HOF,Pick #,Draft Year,"Career high, Blocks",Triple-Doubles
0,D.J. Kennedy,2011-12,22.0,['CLE'],NBA,SF,2.0,0.0,29.5,2.5,6.0,0.417,1.0,2.0,0.5,1.5,4.0,0.375,0.5,0.0,1.0,0.0,0.5,3.0,3.5,1.5,1.0,0.0,1.5,3.5,6.0,0,12.0,6.0,3.0,2.0,9.9,['STJOHNS'],https://www.basketball-reference.com/req/202106291/images/headshots/kennedj01.jpg,0,0,0,,,,
0,Red Klotz,1947-48,27.0,['BLB'],BAA,,11.0,,,0.6,2.8,0.226,,,,,,,,0.1,0.3,0.333,,,,0.6,,,,0.3,1.4,0,4.0,,1.0,,,,,0,1,0,,,,
0,Jason Kidd,1994-95,21.0,['DAL' 'TOT' 'PHO' 'NJN' 'NYK'],NBA,PG,82.0,82.0,41.2,6.4,16.0,0.444,2.2,5.4,0.461,5.3,11.5,0.461,0.554,4.3,5.2,0.87,2.5,6.9,8.2,10.8,2.4,0.5,4.0,2.6,18.7,1,43.0,19.0,25.0,7.0,36.9,['CALIFORNIA'],https://www.basketball-reference.com/req/202106291/images/headshots/kiddja01.jpg,10,1,1,2,1994,4.0,107.0
0,Jon Koncak,1985-86,22.0,['ATL' 'ORL'],NBA,C,82.0,78.0,25.3,3.2,6.3,0.614,0.2,0.6,0.375,3.2,6.3,0.619,0.614,1.9,3.1,0.667,2.1,4.7,6.8,1.8,1.0,1.5,1.4,3.6,8.3,0,25.0,20.0,7.0,5.0,27.1,['SMETHODIST'],,0,0,0,5,1985,6.0,
0,Ralph Kaplowitz,1946-47,27.0,['TOT' 'NYK' 'PHW'],BAA,,57.0,,,2.6,10.1,0.291,,,,,,,,2.0,2.7,0.783,,,,0.9,,,,2.2,7.2,1,18.0,,3.0,,,,,0,1,0,,,,
0,Frank Kaminsky,2015-16,22.0,['CHO' 'PHO' 'TOT' 'ATL' 'HOU'],NBA,C,81.0,16.0,26.1,4.3,10.7,0.568,1.5,4.7,0.478,3.4,6.0,0.667,0.693,2.0,2.5,1.0,1.2,3.7,4.6,2.2,0.9,0.8,1.0,1.9,11.7,1,31.0,13.0,8.0,4.0,27.1,['WISCONSIN'],https://www.basketball-reference.com/req/202106291/images/headshots/kaminfr01.jpg,0,0,0,9,2015,3.0,
0,Frank Kudelka,1949-50,24.0,['CHS' 'TOT' 'WSC' 'BOS' 'BLB' 'PHW'],NBA,,65.0,,24.4,3.6,10.5,0.36,,,,,,,,3.0,4.0,0.767,,,4.2,2.8,,,,4.3,9.3,1,23.0,6.0,7.0,,,['STMARYSCA'],,0,0,0,,,,
0,Jerry Kelly,1946-47,28.0,['BOS' 'PRO'],BAA,,43.0,,,2.1,7.3,0.3,,,,,,,,1.7,2.6,0.667,,,,0.5,,,,3.0,6.0,0,21.0,,,,,,,0,0,0,,,,
0,Clarence Kea,1980-81,21.0,['DAL'],NBA,PF,35.0,0.0,12.4,2.3,5.1,0.531,0.0,0.1,0.0,2.3,5.0,0.531,0.531,2.7,3.9,0.694,1.8,2.4,4.2,0.4,0.4,0.1,1.0,2.8,7.3,0,22.0,13.0,3.0,1.0,10.1,['LAMAR'],,0,0,0,9,1980,1.0,
0,Greg Kite,1983-84,22.0,['BOS' 'TOT' 'LAC' 'CHH' 'SAC' 'ORL' 'NYK' 'IND'],NBA,C,82.0,82.0,27.1,2.1,4.6,0.533,0.0,0.0,1.0,2.1,4.5,0.533,0.533,1.0,1.8,0.688,2.3,4.9,7.2,1.1,0.4,1.3,1.6,3.6,5.1,1,16.0,16.0,6.0,5.0,18.9,['BYU'],,0,2,0,21,1983,5.0,
0,Lonnie Kluttz,1970-71,25.0,['CAR'],ABA,,3.0,,2.7,0.0,1.3,0.0,0.0,0.0,,0.0,1.3,0.0,0.0,0.0,0.0,,0.7,1.0,1.7,0.0,,,0.0,1.0,0.0,0,,4.0,,,,,,0,0,0,11,1970,,
0,Bud Koper,1964-65,22.0,['SFW'],NBA,SG,54.0,,11.7,2.0,4.5,0.44,,,,,,,,0.6,0.8,0.833,,,1.1,0.8,,,,1.1,4.6,0,16.0,5.0,3.0,,,['OKCITY'],,0,0,0,7,1964,,
0,Milo Komenich,1949-50,29.0,['AND'],NBA,,64.0,,,3.8,13.5,0.283,,,,,,,,2.3,3.9,0.584,,,,1.9,,,,3.8,9.9,0,23.0,,4.0,,,,,0,0,0,,,,
0,Linas Kleiza,2005-06,21.0,['DEN' 'TOR'],NBA,PF,82.0,23.0,26.5,4.6,10.4,0.472,1.3,3.7,0.376,3.6,7.1,0.568,0.543,2.1,2.7,0.852,1.2,3.6,4.5,1.2,0.6,0.2,1.7,2.5,11.2,0,41.0,12.0,4.0,3.0,33.4,['MISSOURI'],https://www.basketball-reference.com/req/202106291/images/headshots/kleizli01.jpg,0,0,0,27,2005,3.0,
0,Alex Kirk,2014-15,23.0,['CLE'],NBA,C,5.0,0.0,2.8,0.2,0.8,0.25,0.0,0.0,,0.2,0.8,0.25,0.25,0.4,0.4,1.0,0.2,0.0,0.2,0.2,0.0,0.0,0.0,0.2,0.8,0,2.0,1.0,1.0,,2.7,['NMEXICO'],https://www.basketball-reference.com/req/202106291/images/headshots/kirkal01.jpg,0,0,0,,,,
0,Wayne Kreklow,1980-81,24.0,['BOS'],NBA,SG,25.0,0.0,4.0,0.4,1.9,0.234,0.0,0.2,0.25,0.4,1.7,0.233,0.245,0.3,0.4,0.7,0.1,0.4,0.5,0.4,0.1,0.0,0.4,0.8,1.2,0,4.0,3.0,2.0,1.0,2.7,['DRAKE'],,0,0,0,9,1979,1.0,
0,Ryan Kelly,2013-14,22.0,['LAL' 'ATL'],NBA,PF,59.0,34.0,23.7,2.7,6.3,0.423,0.9,2.6,0.4,1.8,3.9,0.476,0.488,1.9,2.3,0.833,0.7,3.0,3.7,1.8,0.6,0.8,0.8,2.5,8.0,0,26.0,11.0,8.0,3.0,21.3,['DUKE'],https://www.basketball-reference.com/req/202106291/images/headshots/kellyry01.jpg,0,0,0,18,2013,4.0,
0,Walker Kessler,2022-23,21.0,['UTA'],NBA,C,74.0,40.0,23.0,4.0,5.6,0.72,0.0,0.0,0.333,4.0,5.6,0.723,0.721,1.1,2.1,0.516,3.1,5.3,8.4,0.9,0.4,2.3,0.8,2.3,9.2,0,31.0,21.0,4.0,2.0,29.6,['UNC' 'AUBURN'],https://www.basketball-reference.com/req/202106291/images/headshots/kesslwa01.jpg,0,0,0,22,2022,7.0,
0,Toni Kukoč,1990-91,22.0,['CHI' 'TOT' 'PHI' 'ATL' 'MIL'],Did Not Play (other pro league—Yugoslavia),Did Not Play (other pro league—Yugoslavia),81.0,55.0,37.6,7.3,17.0,0.504,2.2,4.6,0.481,6.3,13.9,0.553,0.567,4.9,6.5,0.772,1.9,5.6,7.0,6.2,1.8,0.8,3.1,2.1,19.7,1,34.0,14.0,13.0,5.0,35.9,,https://www.basketball-reference.com/req/202106291/images/headshots/kukocto01.jpg,0,3,0,2,1990,4.0,4.0
0,Tom King,1946-47,22.0,['DTF'],BAA,,58.0,,,1.7,7.1,0.237,,,,,,,,1.7,2.8,0.631,,,,0.6,,,,1.8,5.1,0,27.0,,,,,,,0,0,0,,,,
0,Bob Kinney,1948-49,28.0,['TOT' 'FTW' 'BOS'],BAA,,60.0,,,3.9,10.7,0.375,,,,,,,,3.4,5.3,0.628,,,,1.7,,,,4.2,11.1,1,24.0,,4.0,,,,,0,0,0,,,,
0,Louis King,2019-20,20.0,['DET' 'SAC' 'PHI'],NBA,SF,10.0,1.0,29.0,8.0,13.0,0.615,4.0,8.0,0.5,4.0,5.0,0.8,0.769,1.0,1.0,1.0,2.0,2.2,4.0,2.0,1.2,0.5,2.0,4.0,20.0,0,27.0,9.0,3.0,3.0,29.2,['OREGON'],https://www.basketball-reference.com/req/202106291/images/headshots/kinglo02.jpg,0,0,0,,,2.0,
0,Kosta Koufos,2008-09,19.0,['UTA' 'TOT' 'MIN' 'DEN' 'MEM' 'SAC'],NBA,C,81.0,81.0,22.4,3.6,6.3,0.599,0.0,0.1,0.0,3.6,6.3,0.599,0.599,1.1,1.7,0.706,2.6,4.5,6.9,1.2,0.7,1.3,0.9,3.0,8.0,1,22.0,17.0,6.0,5.0,22.7,['OHIOST'],https://www.basketball-reference.com/req/202106291/images/headshots/koufoko01.jpg,0,0,0,23,2008,5.0,
0,Ben Kelso,1973-74,24.0,['DET'],NBA,SG,46.0,,6.5,0.8,2.1,0.365,,,,,,,,0.3,0.5,0.682,0.3,0.3,0.7,0.4,0.3,0.0,,1.0,1.8,0,8.0,4.0,3.0,2.0,,['CMICHIGAN'],,0,0,0,4,1972,,
0,Tony Kappen,1946-47,27.0,['TOT' 'PIT' 'BOS'],BAA,,59.0,,,2.5,10.9,0.275,,,,,,,,2.5,3.0,0.846,,,,0.5,,,,1.5,7.6,1,19.0,,,,,,,0,0,0,,,,
0,Andrei Kirilenko,1999-00,18.0,['UTA' 'MIN' 'BRK'],Did Not Play (other pro league—Russia),Did Not Play (other pro league—Russia),82.0,78.0,37.7,5.3,11.9,0.513,0.9,2.6,0.379,4.5,9.4,0.566,0.546,5.0,7.2,0.8,2.9,5.7,8.1,4.3,1.9,3.3,2.9,2.5,16.5,0,31.0,18.0,11.0,8.0,33.2,,https://www.basketball-reference.com/req/202106291/images/headshots/kirilan01.jpg,1,0,0,24,1999,10.0,3.0
0,Joe Kleine,1985-86,24.0,['SAC' 'TOT' 'BOS' 'PHO' 'LAL' 'NJN' 'CHI' 'POR'],NBA,C,82.0,60.0,24.4,4.0,8.4,0.491,0.1,0.1,1.0,4.0,8.4,0.491,0.498,1.9,2.3,1.0,2.2,4.9,7.1,1.1,0.5,0.7,1.4,2.8,9.8,1,23.0,20.0,8.0,3.0,21.1,['NOTREDAME' 'ARKANSAS'],https://www.basketball-reference.com/req/202106291/images/headshots/kleinjo01.jpg,0,1,0,6,1985,3.0,
0,Duane Klueh,1949-50,24.0,['TOT' 'DNN' 'FTW'],NBA,,61.0,,,3.3,9.2,0.438,,,,,,,,3.4,4.6,0.734,,,3.0,1.9,,,,2.3,10.0,1,26.0,8.0,6.0,,,['INDIANAST'],,0,0,0,,1949,,
0,Reggie King,1979-80,22.0,['KCK' 'SEA'],NBA,PF,82.0,76.0,33.9,5.8,10.7,0.544,0.0,0.0,0.0,5.8,10.7,0.544,0.544,3.3,4.8,0.76,2.9,6.8,9.7,2.3,1.3,0.5,2.0,2.8,14.9,0,33.0,20.0,10.0,5.0,23.0,['ALABAMA'],,0,0,0,18,1979,4.0,
0,George Kaftan,1948-49,20.0,['BOS' 'NYK' 'BLB'],BAA,SF,61.0,,18.4,5.5,15.0,0.388,,,,,,,,3.4,5.5,0.687,,,3.8,2.9,,,,2.6,14.5,0,34.0,13.0,6.0,,,['HOLYCROSS'],,0,0,0,4,1949,,
0,Tommy Kron,1966-67,23.0,['STL' 'SEA' 'KEN'],NBA,SG,76.0,,23.6,3.6,9.2,0.396,0.2,0.5,0.368,3.6,9.2,0.396,0.398,2.4,3.1,0.891,0.6,1.1,4.7,3.7,,,1.5,3.0,9.7,0,27.0,11.0,12.0,,,,,0,0,0,4,1966,,
0,Sean Kilpatrick,2014-15,25.0,['MIN' 'TOT' 'DEN' 'BRK' 'MIL' 'LAC' 'CHI'],NBA,SG,70.0,24.0,25.1,5.2,11.9,0.462,2.1,5.3,0.429,3.5,6.6,1.0,0.532,2.9,3.6,1.0,0.4,3.7,4.0,2.2,0.8,0.3,1.9,1.7,15.4,1,38.0,14.0,7.0,3.0,24.1,['CINCY'],https://www.basketball-reference.com/req/202106291/images/headshots/kilpase01.jpg,0,0,0,,,3.0,
0,Curtis Kitchen,1986-87,23.0,['SEA'],NBA,PF,6.0,0.0,5.2,0.5,1.0,0.5,0.0,0.2,0.0,0.5,0.8,0.6,0.5,0.5,0.7,0.75,0.7,0.8,1.5,0.2,0.3,0.5,0.0,0.7,1.5,0,5.0,3.0,1.0,2.0,8.3,['SFLORIDA'],,0,0,0,6,1986,1.0,
0,Rich Kelley,1975-76,22.0,['NOJ' 'TOT' 'NJN' 'PHO' 'DEN' 'UTA' 'SAC'],NBA,C,82.0,39.0,33.8,5.5,10.9,0.571,0.0,0.1,0.0,5.5,10.9,0.596,0.571,4.7,5.7,0.829,3.8,9.0,12.8,3.6,1.6,2.1,3.6,3.9,15.7,1,33.0,25.0,12.0,5.0,31.1,['STANFORD'],https://www.basketball-reference.com/req/202106291/images/headshots/kelleri01.jpg,0,0,0,7,1975,6.0,2.0
0,Arnoldas Kulboka,2021-22,24.0,['CHO'],NBA,SF,2.0,0.0,2.5,0.0,0.5,0.0,0.0,0.5,0.0,0.0,0.0,,0.0,0.0,0.0,,0.0,0.0,0.0,0.0,0.0,0.0,0.0,0.5,0.0,0,,,,,0.0,,https://www.basketball-reference.com/req/202106291/images/headshots/kulboar01.jpg,0,0,0,25,2018,,
0,Kevin Knox,2018-19,19.0,['NYK' 'TOT' 'ATL' 'DET' 'POR'],NBA,PF,75.0,57.0,28.8,4.5,12.2,0.469,1.7,4.9,0.393,2.8,7.3,0.651,0.589,2.2,3.0,0.8,0.8,3.7,4.5,1.1,0.6,0.4,1.5,2.3,12.8,1,31.0,15.0,5.0,3.0,26.4,['KENTUCKY'],https://www.basketball-reference.com/req/202106291/images/headshots/knoxke01.jpg,0,0,0,9,2018,3.0,
0,Chad Kinch,1980-81,22.0,['TOT' 'CLE' 'DAL'],NBA,SG,41.0,,8.8,1.3,3.8,0.396,0.0,0.0,,1.3,3.8,0.396,0.396,0.8,1.1,0.8,0.2,0.8,0.8,1.2,0.3,0.2,0.8,0.8,3.2,1,10.0,5.0,4.0,2.0,8.1,['CHARLOTTE'],,0,0,0,22,1980,2.0,
0,Rich King,1991-92,22.0,['SEA'],NBA,C,40.0,2.0,5.3,0.7,1.8,0.441,0.0,0.0,0.0,0.7,1.8,0.455,0.441,0.9,1.1,1.0,0.5,1.3,1.7,0.3,0.1,0.1,1.0,1.1,2.2,0,10.0,5.0,4.0,1.0,10.3,['NEBRASKA'],,0,0,0,14,1991,1.0,
0,Albert King,1981-82,22.0,['NJN' 'PHI' 'SAS' 'WSB'],NBA,SF,79.0,75.0,31.0,7.4,15.5,0.492,0.3,1.2,0.406,7.3,15.2,0.5,0.493,2.9,3.7,0.875,2.0,3.8,5.8,3.7,1.2,0.5,3.1,3.5,17.0,0,34.0,14.0,11.0,6.0,25.8,['MARYLAND'],,0,0,0,10,1981,5.0,
0,Whitey Kachan,1948-49,23.0,['TOT' 'CHS' 'MNL'],BAA,,52.0,,,0.8,3.0,0.381,,,,,,,,0.8,1.2,0.682,,,,0.8,,,,1.7,2.5,1,9.0,,1.0,,,,,0,1,0,,1948,,
0,Travis Knight,1996-97,22.0,['LAL' 'BOS' 'NYK'],NBA,C,74.0,23.0,20.3,2.6,5.9,0.515,0.2,0.7,0.273,2.4,5.2,0.519,0.515,1.1,1.4,0.786,2.0,3.0,4.9,1.4,0.7,1.1,1.2,3.4,6.5,0,21.0,15.0,7.0,4.0,23.3,['UCONN'],,0,1,0,29,1996,4.0,
0,Jerome Kersey,1984-85,22.0,['POR' 'GSW' 'LAL' 'SEA' 'SAS' 'MIL'],NBA,SF,82.0,82.0,36.6,7.7,15.5,0.549,0.2,0.9,0.308,7.7,15.3,0.556,0.549,3.7,5.0,0.766,3.2,5.6,8.4,3.2,1.8,1.1,2.2,4.0,19.2,0,36.0,20.0,10.0,6.0,36.6,['LONGWOOD'],https://www.basketball-reference.com/req/202106291/images/headshots/kerseje01.jpg,0,1,0,22,1984,5.0,1.0
0,Kyle Kuzma,2017-18,22.0,['LAL' 'WAS'],NBA,PF,77.0,68.0,35.0,8.0,17.8,0.456,2.5,7.5,0.366,5.5,10.3,0.553,0.533,2.7,3.7,0.752,1.6,7.4,8.5,3.7,0.6,0.9,3.0,2.4,21.2,0,41.0,22.0,11.0,4.0,35.3,['UTAH'],https://www.basketball-reference.com/req/202106291/images/headshots/kuzmaky01.jpg,0,1,0,27,2017,3.0,2.0
0,Furkan Korkmaz,2017-18,20.0,['PHI'],NBA,SG,72.0,19.0,21.7,3.4,7.8,0.432,2.0,4.9,0.402,1.6,3.0,0.515,0.557,1.1,1.5,0.818,0.3,2.3,2.6,1.9,0.9,0.2,0.8,1.4,9.8,0,34.0,11.0,6.0,5.0,31.0,,https://www.basketball-reference.com/req/202106291/images/headshots/korkmfu01.jpg,0,0,0,26,2016,2.0,
0,Leo Kubiak,1949-50,22.0,['WAT'],NBA,,62.0,,,4.2,12.8,0.326,,,,,,,,3.1,3.8,0.814,,,,3.2,,,,4.0,11.5,0,24.0,,4.0,,,['BOWLGREEN'],,0,0,0,,1948,,
0,Tarence Kinsey,2006-07,22.0,['MEM' 'CLE'],NBA,SG,50.0,12.0,20.1,2.9,6.3,0.457,0.3,1.0,0.429,2.6,5.4,0.488,0.5,1.6,2.0,0.868,0.6,1.4,2.0,0.9,1.1,0.0,1.0,1.2,7.7,0,28.0,9.0,7.0,5.0,27.3,['SCAROLINA'],https://www.basketball-reference.com/req/202106291/images/headshots/kinseta01.jpg,0,0,0,,,1.0,
0,Greg Kelser,1979-80,22.0,['DET' 'TOT' 'SEA' 'SDC' 'IND'],NBA,SF,80.0,21.0,26.2,5.6,11.9,0.549,0.1,0.3,0.333,5.5,11.6,0.553,0.549,3.1,4.5,0.719,2.5,3.1,5.5,2.2,1.4,1.2,3.1,3.6,14.2,1,37.0,17.0,6.0,5.0,30.7,['MICHIGANST'],,0,0,0,4,1979,5.0,
0,John Konchar,2019-20,23.0,['MEM'],NBA,SG,72.0,23.0,20.8,1.9,4.4,0.649,0.8,2.5,0.5,1.2,2.0,0.704,0.716,0.6,0.7,0.833,1.2,3.4,4.6,1.5,1.1,0.3,0.5,1.6,5.1,0,19.0,17.0,10.0,5.0,24.9,['IUPUFW'],https://www.basketball-reference.com/req/202106291/images/headshots/konchjo01.jpg,0,0,0,,,2.0,1.0
0,C.J. Kupec,1975-76,23.0,['LAL' 'HOU'],NBA,SF,82.0,,12.8,1.9,4.2,0.447,,,,,,,,1.0,1.2,0.818,0.9,1.5,2.4,1.0,0.2,0.1,0.5,1.4,4.7,0,14.0,9.0,5.0,3.0,9.5,['MICHIGAN'],,0,0,0,2,1975,1.0,
0,Chris King,1993-94,24.0,['SEA' 'VAN' 'UTA'],NBA,SF,80.0,66.0,24.1,3.1,7.3,0.427,0.6,1.4,0.389,2.6,5.9,0.436,0.465,1.1,1.7,0.662,1.3,2.3,3.6,1.3,0.9,0.4,1.3,2.0,7.9,0,21.0,14.0,4.0,4.0,19.7,['WAKE'],,0,0,0,18,1992,3.0,
0,Brevin Knight,1997-98,22.0,['CLE' 'TOT' 'ATL' 'MEM' 'PHO' 'WAS' 'MIL' 'CHA' 'LAC' 'UTA'],NBA,PG,80.0,76.0,34.1,4.5,11.2,0.441,0.0,0.4,0.333,4.4,11.0,0.446,0.443,3.7,4.6,0.873,0.8,3.0,3.4,9.0,2.5,0.3,2.7,3.4,12.6,1,31.0,9.0,20.0,8.0,30.6,['STANFORD'],https://www.basketball-reference.com/req/202106291/images/headshots/knighbr01.jpg,0,0,0,16,1997,2.0,
0,Billy Knight,1974-75,22.0,['INA' 'IND' 'BUF' 'TOT' 'BOS' 'KCK' 'SAS'],ABA,SF,82.0,54.0,40.7,11.1,22.4,0.556,0.2,0.5,1.0,11.0,22.2,0.556,0.556,5.9,7.2,0.895,4.2,5.9,10.1,3.7,1.5,0.4,4.3,2.9,28.1,1,52.0,20.0,9.0,7.0,36.9,['PITT'],https://www.basketball-reference.com/req/202106291/images/headshots/knighbi01.jpg,3,0,0,3,1974,4.0,
0,Christian Koloko,2022-23,22.0,['TOR'],NBA,C,58.0,19.0,13.8,1.2,2.6,0.48,0.0,0.2,0.083,1.2,2.4,0.514,0.483,0.6,1.0,0.627,1.4,1.5,2.9,0.5,0.4,1.0,0.3,2.2,3.1,0,11.0,11.0,3.0,3.0,12.9,['ARIZONA'],https://www.basketball-reference.com/req/202106291/images/headshots/kolokch01.jpg,0,0,0,3,2022,6.0,
0,Tim Kempton,1986-87,23.0,['LAC' 'CHH' 'DEN' 'PHO' 'TOT' 'CLE' 'ATL' 'SAS' 'ORL' 'TOR'],NBA,PF,79.0,14.0,17.0,2.2,4.4,0.51,0.0,0.0,0.0,2.2,4.4,0.512,0.51,1.8,2.6,1.0,1.2,2.7,3.8,1.7,0.6,0.4,1.8,2.8,6.1,1,21.0,10.0,7.0,4.0,23.5,['NOTREDAME'],,0,0,0,8,1986,2.0,
0,Ed Kasid,1946-47,23.0,['TRH'],BAA,,8.0,,,0.8,2.6,0.286,,,,,,,,0.0,0.8,0.0,,,,0.8,,,,1.0,1.5,0,6.0,,,,,,,0,0,0,,,,
0,Joel Kramer,1978-79,23.0,['PHO'],NBA,PF,82.0,4.0,17.1,2.2,4.5,0.527,0.0,0.0,0.0,2.2,4.5,0.529,0.527,1.5,2.1,0.875,1.6,2.5,4.1,1.4,0.5,0.3,1.2,2.7,5.9,0,18.0,12.0,6.0,4.0,21.7,['SANDIEGOST'],,0,0,0,19,1978,2.0,
0,Georgios Kalaitzakis,2021-22,23.0,['TOT' 'MIL' 'OKC'],NBA,SF,13.0,4.0,41.5,6.5,14.0,0.464,2.0,5.5,0.5,4.5,8.5,0.529,0.545,2.5,5.3,0.476,0.5,2.8,3.3,3.0,2.5,0.3,4.0,2.8,17.5,1,25.0,6.0,6.0,3.0,18.1,,https://www.basketball-reference.com/req/202106291/images/headshots/kalaige01.jpg,0,0,0,30,2021,1.0,
0,Rod Knowles,1968-69,22.0,['TOT' 'PHO' 'NYA'],TOT,C,9.0,,5.0,0.5,1.8,0.286,0.0,0.0,,0.5,1.8,0.286,0.286,0.1,0.4,0.333,0.0,0.0,1.1,0.0,,,0.0,1.3,1.1,1,6.0,7.0,,,,['DAVIDSON'],,0,0,0,13,1968,,
0,Jim Kissane,1968-69,22.0,['MNP'],ABA,,2.0,,7.5,1.0,3.0,0.333,0.0,0.0,,1.0,3.0,0.333,0.333,1.0,1.0,1.0,0.0,1.5,1.5,0.0,,,0.5,1.5,3.0,0,6.0,,,,,['BOSTONCOLL'],,0,0,0,5,1968,,
0,Braxton Key,2021-22,24.0,['TOT' 'PHI' 'DET'],NBA,SF,11.0,0.0,21.2,3.6,7.8,1.0,0.7,2.2,0.3,2.9,5.6,1.0,1.0,0.8,1.4,1.0,1.3,4.0,5.3,1.1,1.0,1.2,1.0,2.8,8.6,1,14.0,9.0,3.0,3.0,14.9,['ALABAMA' 'VIRGINIA'],https://www.basketball-reference.com/req/202106291/images/headshots/keybr01.jpg,0,0,0,,,3.0,
0,Len Kosmalski,1974-75,23.0,['KCO' 'KCK'],NBA,C,67.0,,10.3,0.9,2.2,0.4,,,,,,,,0.4,0.8,0.828,1.0,1.8,2.8,1.3,0.3,0.4,,1.2,2.2,0,11.0,10.0,4.0,2.0,,['TENNESSEE'],,0,0,0,6,1974,2.0,
0,Rob Kurz,2008-09,23.0,['GSW'],NBA,PF,40.0,5.0,11.1,1.3,3.3,0.389,0.4,1.0,0.395,0.9,2.3,0.387,0.447,1.0,1.3,0.8,0.8,1.2,2.0,0.5,0.4,0.5,0.4,2.0,3.9,0,21.0,7.0,3.0,3.0,18.9,['NOTREDAME'],https://www.basketball-reference.com/req/202106291/images/headshots/kurzro01.jpg,0,0,0,,,3.0,
0,Terry Kunze,1967-68,24.0,['MNM'],ABA,SG,46.0,,14.4,1.8,5.3,0.339,0.1,0.2,0.455,1.7,5.1,0.333,0.349,1.3,2.2,0.578,,,1.6,1.0,,,1.3,1.7,5.0,0,24.0,5.0,,,,['MINNESOTA'],,0,0,0,5,1965,,
0,Adam Keefe,1992-93,22.0,['ATL' 'UTA' 'GSW'],NBA,PF,82.0,75.0,25.6,2.9,5.3,0.577,0.0,0.1,0.333,2.9,5.3,0.577,0.577,2.0,2.9,0.81,2.2,3.4,5.5,1.1,0.7,0.5,1.2,2.4,7.8,0,30.0,17.0,6.0,4.0,28.0,['STANFORD'],https://www.basketball-reference.com/req/202106291/images/headshots/keefead01.jpg,0,0,0,10,1992,3.0,
0,Leo Katkaveck,1948-49,25.0,['WSC'],BAA,,54.0,,,1.9,6.1,0.332,,,,,,,,1.0,1.3,0.746,,,,1.3,,,,2.1,4.4,0,16.0,,3.0,,,['NCSTATE'],,0,0,0,,1948,,
0,Mitch Kupchak,1976-77,22.0,['WSB' 'LAL'],NBA,C,82.0,26.0,31.6,5.9,11.5,0.573,0.0,0.1,0.0,5.9,11.5,0.573,0.573,4.2,6.0,0.75,2.5,5.6,8.1,1.3,0.5,0.6,2.7,3.1,15.9,0,32.0,20.0,5.0,3.0,25.8,['UNC'],,0,2,0,13,1976,3.0,
0,Billy Kenville,1953-54,23.0,['SYR' 'FTW' 'DET'],NBA,PG,72.0,,24.0,3.0,8.6,0.384,,,,,,,,2.7,3.6,0.805,,,4.6,2.4,,,,2.4,8.2,0,26.0,12.0,11.0,,,['STBONNY'],,0,1,0,,1953,,
0,Mario Kasun,2004-05,24.0,['ORL'],NBA,C,45.0,0.0,7.9,1.1,2.5,0.48,0.0,0.0,0.0,1.1,2.5,0.485,0.48,0.6,1.0,0.783,1.2,1.7,2.8,0.2,0.2,0.3,0.6,2.5,2.9,0,10.0,10.0,2.0,1.0,9.8,,,0,0,0,12,2002,2.0,
0,Larry Krystkowiak,1986-87,22.0,['SAS' 'MIL' 'UTA' 'ORL' 'CHI' 'LAL'],NBA,PF,80.0,77.0,30.9,4.5,9.6,0.5,0.1,0.2,0.333,4.5,9.4,0.5,0.5,3.6,4.4,0.9,2.5,5.2,7.6,1.6,1.2,0.2,1.8,2.8,12.7,0,31.0,18.0,7.0,4.0,24.8,['MONTANA'],,0,0,0,4,1986,2.0,
0,Nathan Knight,2020-21,23.0,['ATL' 'MIN'],NBA,PF,38.0,2.0,8.5,1.2,3.0,0.568,0.2,1.0,0.364,1.1,2.0,0.644,0.617,1.3,1.7,0.8,0.9,1.4,2.3,0.6,0.3,0.3,0.6,1.1,3.8,0,20.0,11.0,4.0,3.0,19.7,['WILLMARY'],https://www.basketball-reference.com/req/202106291/images/headshots/knighna01.jpg,0,0,0,,,2.0,
0,Andy Kostecka,1948-49,27.0,['INJ'],BAA,,21.0,,,2.2,5.2,0.418,,,,,,,,2.0,3.3,0.614,,,,0.7,,,,2.3,6.4,0,19.0,,,,,['GEORGETOWN'],,0,0,0,,1948,,
0,Stanton Kidd,2019-20,27.0,['UTA'],NBA,SG,4.0,0.0,3.8,0.0,0.8,0.0,0.0,0.3,0.0,0.0,0.5,0.0,0.0,0.0,0.0,,0.0,0.8,0.8,0.3,0.0,0.0,0.5,0.8,0.0,0,,2.0,1.0,,0.0,['COLORADOST'],https://www.basketball-reference.com/req/202106291/images/headshots/kiddst01.jpg,0,0,0,,,,
0,Maurice King,1959-60,24.0,['BOS' 'CHZ'],NBA,PG,37.0,,25.8,5.0,8.0,0.625,,,,,,,,0.8,1.0,0.824,,,4.0,3.8,,,,3.0,10.0,0,22.0,6.0,11.0,,,['KANSAS'],,0,0,0,8,1957,,
0,Tom Kozelko,1973-74,22.0,['CAP' 'WSB'],NBA,PF,73.0,,11.7,1.2,2.7,0.485,,,,,,,,0.5,0.7,0.861,1.1,1.5,2.5,0.6,0.4,0.1,,1.7,2.9,0,15.0,10.0,8.0,3.0,,['TOLEDO'],,0,0,0,13,1973,1.0,
0,Yaroslav Korolev,2005-06,18.0,['LAC'],NBA,SF,24.0,0.0,5.3,0.4,1.6,0.3,0.1,0.5,0.286,0.3,1.1,0.304,0.333,0.3,0.6,0.7,0.2,0.3,0.5,0.4,0.3,0.0,0.3,0.5,1.2,0,7.0,3.0,2.0,1.0,4.0,,,0,0,0,12,2005,,
0,Stan Kimbrough,1989-90,23.0,['DET' 'SAC'],NBA,PG,10.0,0.0,5.0,0.7,2.0,0.438,0.3,0.7,0.5,0.7,1.6,0.438,0.438,0.2,0.2,1.0,0.4,0.3,0.7,0.5,0.4,0.0,0.4,0.4,1.7,0,5.0,2.0,2.0,2.0,4.0,['CFLORIDA' 'XAVIER'],,0,0,0,,,,
0,John Kuester,1977-78,22.0,['KCK' 'DEN' 'IND'],NBA,PG,78.0,,15.6,1.9,4.1,0.455,0.0,0.0,0.0,1.9,4.1,0.455,0.455,1.1,1.3,0.929,0.2,1.2,1.5,3.2,0.7,0.0,1.2,1.8,4.8,0,21.0,6.0,12.0,3.0,11.3,['UNC'],,0,0,0,9,1977,1.0,
0,Steve Kuberski,1969-70,22.0,['BOS' 'MIL' 'TOT' 'BUF'],NBA,PF,82.0,,22.8,3.8,9.1,0.467,,,,,,,,1.6,2.2,1.0,1.4,2.5,6.6,1.0,0.3,0.2,0.7,2.4,9.3,1,27.0,16.0,4.0,2.0,-1.1,['ILLINOIS' 'BRADLEY'],,0,2,0,9,1969,1.0,
0,Ken Keller,1946-47,24.0,['TOT' 'WSC' 'PRO'],BAA,,28.0,,,0.4,1.2,0.333,,,,,,,,0.1,0.3,0.5,,,,0.0,,,,0.6,0.9,1,4.0,,,,,,,0,0,0,,,,
0,Kyle Korver,2003-04,22.0,['PHI' 'TOT' 'UTA' 'CHI' 'ATL' 'CLE' 'MIL'],NBA,SF,82.0,80.0,33.9,5.0,11.4,0.493,2.9,6.8,0.536,3.2,7.3,0.575,0.671,2.6,2.8,0.933,0.5,4.1,4.6,2.9,1.3,0.6,1.6,3.2,14.4,1,31.0,11.0,9.0,6.0,29.1,['CREIGHTON'],https://www.basketball-reference.com/req/202106291/images/headshots/korveky01.jpg,1,0,0,22,2003,4.0,
0,Bernard King,1977-78,21.0,['NJN' 'UTA' 'GSW' 'NYK' 'WSB'],NBA,SF,82.0,82.0,39.1,12.6,23.7,0.588,0.1,0.6,0.333,12.5,23.5,0.589,0.588,7.7,10.0,0.819,3.4,6.2,9.5,4.6,1.5,0.5,4.0,4.0,32.9,0,60.0,18.0,14.0,6.0,47.5,['TENNESSEE'],,4,0,0,7,1977,3.0,2.0
0,Mindaugas Kuzminskas,2016-17,27.0,['NYK'],NBA,SF,68.0,5.0,14.9,2.3,5.4,0.428,0.8,2.5,0.321,1.5,3.0,0.517,0.501,0.8,1.0,0.809,0.7,1.2,1.9,1.0,0.4,0.2,0.8,1.2,6.3,0,19.0,8.0,4.0,2.0,17.5,,https://www.basketball-reference.com/req/202106291/images/headshots/kuzmimi01.jpg,0,0,0,,,1.0,
0,Ron Knight,1970-71,23.0,['POR'],NBA,PF,52.0,,12.7,2.3,5.2,0.436,,,,,,,,0.6,1.3,0.5,,,3.2,1.0,,,,1.9,5.2,0,16.0,12.0,4.0,,,['CALSTLA'],,0,0,0,8,1970,,
0,Jim King,1963-64,22.0,['LAL' 'SFW' 'TOT' 'CIN' 'CHI'],NBA,PG,77.0,,35.0,6.3,15.3,0.455,,,,,,,,4.0,5.0,0.846,,,5.3,4.2,,,,3.2,16.6,1,37.0,13.0,12.0,,,['TULSA'],,1,0,0,5,1963,,
0,Gary Keller,1967-68,23.0,['MNM' 'MMF'],ABA,PF,69.0,,17.6,2.7,7.0,0.406,0.0,0.1,0.0,2.7,7.0,0.413,0.406,2.0,3.1,0.65,1.4,1.8,5.6,0.6,,,1.3,2.4,7.3,0,21.0,13.0,1.0,,,['FLORIDA'],,0,0,0,4,1967,,
0,Dan King,1954-55,24.0,['BLB'],NBA,,12.0,,8.6,0.6,1.8,0.318,,,,,,,,0.4,0.8,0.5,,,2.1,0.3,,,,0.4,1.6,0,,,,,,['WKENTUCKY'],,0,0,0,,,,
0,Viktor Khryapa,2004-05,22.0,['POR' 'CHI'],NBA,SF,69.0,53.0,21.6,2.3,5.0,0.462,0.1,0.4,0.364,2.1,4.5,0.474,0.477,1.1,1.6,0.731,1.7,2.8,4.4,1.3,0.7,0.6,1.2,3.0,5.8,0,22.0,12.0,4.0,4.0,24.7,,,0,0,0,22,2004,3.0,
0,Wilbert Kautz,1946-47,31.0,['CHS'],BAA,,50.0,,,2.1,8.4,0.255,,,,,,,,0.8,1.5,0.534,,,,0.7,,,,2.3,5.1,0,18.0,,,,,,,0,0,0,,,,
0,Julius Keye,1969-70,23.0,['DNR' 'MMS'],ABA,C,84.0,,43.8,6.1,14.2,0.447,0.0,0.1,0.375,6.1,14.2,0.451,0.448,2.6,3.8,0.75,4.5,13.1,17.5,2.2,0.5,2.7,2.6,4.1,14.7,0,38.0,25.0,6.0,2.0,4.0,,https://www.basketball-reference.com/req/202106291/images/headshots/keyeju01.jpg,1,0,0,10,1968,12.0,
0,Bruce Kuczenski,1983-84,22.0,['TOT' 'NJN' 'PHI' 'IND'],NBA,PF,15.0,2.0,13.3,1.0,3.4,0.333,0.0,0.0,,1.0,3.4,0.333,0.333,0.8,0.9,1.0,0.6,1.7,2.0,0.7,0.3,0.3,1.7,2.3,2.8,1,6.0,6.0,2.0,,4.2,['UCONN'],,0,0,0,12,1983,1.0,
0,Joe Kopicki,1982-83,22.0,['WSB' 'DEN'],NBA,PF,59.0,2.0,11.8,1.4,3.0,0.526,0.0,0.1,0.667,1.4,2.9,0.522,0.537,1.5,1.9,0.84,1.1,2.6,3.6,0.8,0.5,0.1,0.7,1.4,3.9,0,19.0,11.0,5.0,2.0,18.9,['DETROIT'],,0,0,0,10,1982,2.0,
0,Ron Kozlicki,1967-68,23.0,['INA'],ABA,SF,37.0,,9.6,1.1,3.3,0.339,0.2,0.8,0.207,0.9,2.5,0.38,0.364,0.6,0.9,0.618,,,1.9,0.4,,,0.5,0.8,2.9,0,14.0,5.0,1.0,,,['NWESTERN'],,0,0,0,10,1967,,
0,Jim Krebs,1957-58,22.0,['MNL' 'LAL'],NBA,C,79.0,,25.8,4.0,9.4,0.445,,,,,,,,2.0,2.7,0.806,,,7.9,1.4,,,,3.7,10.0,0,36.0,19.0,4.0,,,['SMETHODIST'],,0,0,0,3,1957,,
0,Rodions Kurucs,2018-19,20.0,['BRK' 'TOT' 'HOU' 'MIL'],NBA,SF,63.0,46.0,20.5,3.2,7.1,0.625,0.9,2.9,0.75,2.3,4.2,0.543,0.813,1.1,1.5,1.0,0.9,3.0,3.9,1.1,0.7,0.4,1.2,2.3,8.5,1,24.0,12.0,5.0,3.0,18.9,,https://www.basketball-reference.com/req/202106291/images/headshots/kurucro01.jpg,0,0,0,10,2018,3.0,
0,Loyd King,1971-72,22.0,['MMP' 'MMT'],ABA,SG,74.0,,15.6,2.5,6.7,0.374,0.3,1.2,0.241,2.2,5.5,0.403,0.396,1.3,1.6,0.875,0.5,1.0,1.5,1.4,,,1.0,2.3,6.6,0,28.0,6.0,7.0,,,['VATECH'],,0,0,0,8,1971,,
0,Frankie King,1995-96,23.0,['LAL' 'PHI'],NBA,PG,7.0,0.0,8.4,1.0,2.4,0.412,0.1,0.3,0.5,0.9,2.1,0.4,0.441,0.7,0.7,1.0,0.6,1.4,2.0,0.7,0.6,0.0,0.4,1.0,2.9,0,6.0,5.0,2.0,2.0,5.9,['WCAROLINA'],,0,0,0,8,1995,,
0,Lee Knorek,1946-47,25.0,['NYK' 'BLB'],BAA,,60.0,,,2.8,10.0,0.341,,,,,,,,2.2,3.3,0.716,,,,2.3,,,,4.3,7.8,0,24.0,,8.0,,,,,0,0,0,,,,
0,Bart Kofoed,1987-88,23.0,['UTA' 'GSW' 'SEA' 'BOS'],NBA,SG,44.0,0.0,9.3,0.6,1.9,0.472,0.1,0.2,0.286,0.6,1.7,0.522,0.481,1.6,2.0,0.786,0.4,0.5,0.6,1.4,0.5,0.1,0.7,1.2,2.4,0,15.0,5.0,9.0,2.0,18.7,['HASTINGS' 'NEKEARNEY'],,0,0,0,15,1987,1.0,
0,George Karl,1973-74,22.0,['SAA' 'SAS'],ABA,PG,82.0,,19.9,3.2,6.8,0.489,0.1,0.3,0.364,3.1,6.5,0.503,0.493,1.7,2.2,1.0,0.6,1.3,1.9,4.1,1.2,0.1,1.9,2.5,8.1,0,29.0,7.0,13.0,5.0,0.2,['UNC'],,0,0,0,14,1973,1.0,
0,Lari Ketner,1999-00,22.0,['TOT' 'CHI' 'CLE' 'IND'],NBA,PF,22.0,0.0,6.8,0.7,1.7,0.409,0.0,0.0,,0.7,1.7,0.409,0.409,0.4,0.6,1.0,0.8,1.2,1.7,0.3,0.2,0.2,0.7,1.3,1.7,1,6.0,8.0,1.0,2.0,5.6,['UMASS'],,0,0,0,20,1999,1.0,
0,Corey Kispert,2021-22,22.0,['WAS'],NBA,SF,77.0,45.0,28.3,3.9,7.9,0.497,2.2,5.2,0.424,1.7,2.7,0.637,0.637,1.0,1.2,0.871,0.7,2.4,2.8,1.2,0.5,0.3,0.7,1.3,11.1,0,29.0,7.0,6.0,3.0,20.8,['GONZAGA'],https://www.basketball-reference.com/req/202106291/images/headshots/kispeco01.jpg,0,0,0,15,2021,2.0,
0,Luke Kornet,2017-18,22.0,['NYK' 'CHI' 'TOT' 'BOS' 'CLE' 'MIL'],NBA,C,69.0,18.0,17.0,2.5,6.3,0.665,1.5,4.2,0.363,1.6,2.3,0.75,0.674,1.0,1.5,0.826,1.2,2.7,3.2,1.3,0.6,1.4,0.6,1.5,7.0,1,25.0,13.0,6.0,5.0,23.7,['VANDY'],https://www.basketball-reference.com/req/202106291/images/headshots/kornelu01.jpg,0,0,0,,,6.0,
0,Wilbur Kirkland,1969-70,,['PTP'],ABA,,2.0,,13.5,1.5,3.5,0.429,0.0,0.0,,1.5,3.5,0.429,0.429,0.0,0.0,,0.5,5.0,5.5,0.5,,,1.0,2.5,3.0,0,6.0,2.0,,,,,,0,0,0,,,,
0,Don Kojis,1963-64,25.0,['BAL' 'DET' 'CHI' 'SDR' 'SEA' 'KCO'],NBA,SF,81.0,,38.6,8.5,19.5,0.48,,,,,,,,5.5,7.4,0.793,1.6,3.3,10.3,2.6,1.0,0.2,,3.8,22.5,0,42.0,20.0,9.0,3.0,,['MARQUETTE'],,2,0,0,4,1961,1.0,
0,Larry Kenon,1973-74,21.0,['NYA' 'SAA' 'SAS' 'CHI' 'TOT' 'GSW' 'CLE'],ABA,PF,84.0,30.0,37.7,9.2,18.4,0.509,0.0,0.1,0.5,9.2,18.4,0.509,0.51,3.8,4.6,0.854,4.5,7.7,11.5,4.1,2.1,0.8,3.7,3.0,22.1,1,51.0,22.0,11.0,11.0,34.7,['MEMPHIS'],https://www.basketball-reference.com/req/202106291/images/headshots/kenonla01.jpg,5,1,0,15,1973,3.0,3.0
0,Kevin Kunnert,1973-74,22.0,['TOT' 'BUF' 'HOU' 'SDC' 'POR'],NBA,C,81.0,0.0,29.2,5.8,11.9,0.512,0.0,0.0,,5.8,11.9,0.512,0.512,1.5,2.4,0.778,3.3,6.5,9.8,1.9,0.7,1.5,2.3,4.5,12.9,1,31.0,23.0,7.0,3.0,29.1,['IOWA'],,0,0,0,12,1973,6.0,
0,Vit Krejci,2021-22,21.0,['OKC' 'ATL'],NBA,SG,30.0,8.0,23.0,2.3,5.6,0.407,1.1,3.3,0.327,1.2,2.3,0.625,0.503,0.6,0.7,0.864,0.6,2.8,3.4,1.9,0.6,0.3,1.0,2.2,6.2,0,16.0,11.0,8.0,3.0,11.9,,https://www.basketball-reference.com/req/202106291/images/headshots/krejcvi01.jpg,0,0,0,7,2020,2.0,
0,Ron King,1973-74,22.0,['KEN'],ABA,SG,9.0,,14.0,2.7,7.8,0.343,0.2,0.7,0.333,2.4,7.1,0.344,0.357,1.6,1.9,0.824,0.9,1.2,2.1,1.6,0.6,0.2,0.8,1.6,7.1,0,19.0,6.0,5.0,,,['FLORIDAST'],,0,0,0,11,1973,,
0,Harold Kottman,1946-47,24.0,['BOS'],BAA,,53.0,,,1.1,3.5,0.314,,,,,,,,0.9,1.9,0.465,,,,0.3,,,,1.1,3.1,0,19.0,,,,,,,0,0,0,,,,
0,Mfiondu Kabengele,2019-20,22.0,['LAC' 'TOT' 'CLE' 'BOS'],NBA,C,39.0,0.0,11.6,1.5,3.6,0.438,0.8,2.0,0.45,0.9,1.6,0.6,0.578,0.7,0.9,1.0,1.3,2.2,2.9,0.8,0.5,0.6,0.6,1.1,4.3,1,14.0,10.0,3.0,2.0,12.4,['FLORIDAST'],https://www.basketball-reference.com/req/202106291/images/headshots/kabenmf01.jpg,0,0,0,27,2019,3.0,
0,Randolph Keys,1988-89,22.0,['CLE' 'TOT' 'CHH' 'LAL' 'MIL'],NBA,SF,80.0,18.0,22.6,4.4,10.0,0.445,0.4,1.5,0.364,4.1,8.9,0.529,0.471,1.3,1.8,1.0,1.5,2.1,3.6,1.5,0.9,0.3,1.2,3.3,10.5,1,22.0,9.0,5.0,5.0,18.5,['SMISS'],,0,0,0,22,1988,3.0,
0,Bob Kauffman,1968-69,22.0,['SEA' 'CHI' 'BUF' 'ATL'],NBA,C,82.0,,41.6,7.9,16.8,0.505,,,,,,,,4.6,6.2,0.795,1.3,3.1,11.1,5.1,0.5,0.2,,3.5,20.4,0,44.0,22.0,11.0,3.0,,,https://www.basketball-reference.com/req/202106291/images/headshots/kauffbo01.jpg,3,0,0,3,1968,3.0,7.0
0,Tom Kerwin,1967-68,23.0,['PTP'],ABA,,13.0,,5.2,0.5,1.7,0.318,0.0,0.0,,0.5,1.7,0.318,0.318,0.0,0.2,0.0,,,1.5,0.1,,,0.2,0.4,1.1,0,6.0,5.0,,,,['CENTENARY'],,0,0,0,3,1966,,
0,Stacey King,1989-90,23.0,['CHI' 'TOT' 'MIN' 'MIA' 'BOS' 'DAL'],NBA,PF,82.0,30.0,28.7,4.3,9.4,0.714,0.0,0.1,0.4,4.3,9.4,0.714,0.714,3.2,4.6,0.753,2.2,3.8,6.1,1.3,0.7,1.7,2.2,3.2,11.8,1,24.0,16.0,7.0,3.0,22.3,['OKLAHOMA'],,0,3,0,6,1989,7.0,
0,Carl Kilpatrick,1979-80,23.0,['UTA'],NBA,C,2.0,,3.0,0.5,1.0,0.5,0.0,0.0,,0.5,1.0,0.5,0.5,0.5,1.0,0.5,0.5,1.5,2.0,0.0,0.0,0.0,0.0,0.5,1.5,0,3.0,4.0,,,-0.4,['ULAMO'],,0,0,0,6,1978,,
0,Frank Kendrick,1974-75,24.0,['GSW'],NBA,SF,24.0,,5.0,1.3,3.2,0.403,,,,,,,,0.8,0.9,0.818,0.8,0.7,1.5,0.3,0.5,0.1,,0.9,3.3,0,10.0,7.0,2.0,3.0,,['PURDUE'],,0,0,0,11,1974,1.0,
0,Earnie Killum,1970-71,22.0,['LAL'],NBA,,4.0,,3.0,0.0,1.0,0.0,,,,,,,,0.3,0.3,1.0,,,0.5,0.0,,,,0.3,0.3,0,1.0,1.0,,,,,,0,0,0,13,1970,,
0,Maxi Kleber,2017-18,26.0,['DAL'],NBA,PF,74.0,40.0,26.8,3.2,6.9,0.489,1.7,4.3,0.41,1.6,2.6,0.667,0.58,1.1,1.3,0.919,1.5,4.7,5.9,1.4,0.5,1.1,0.8,2.4,9.1,0,26.0,14.0,6.0,4.0,21.8,,https://www.basketball-reference.com/req/202106291/images/headshots/klebima01.jpg,0,0,0,,,6.0,
0,Sasha Kaun,2015-16,30.0,['CLE'],NBA,C,25.0,0.0,3.8,0.4,0.7,0.529,0.0,0.0,,0.4,0.7,0.529,0.529,0.2,0.4,0.455,0.5,0.6,1.0,0.1,0.2,0.2,0.3,0.4,0.9,0,4.0,5.0,1.0,1.0,5.7,['KANSAS'],https://www.basketball-reference.com/req/202106291/images/headshots/kaunsa01.jpg,0,1,0,26,2008,2.0,
0,Jonathan Kerner,1998-99,24.0,['ORL'],NBA,C,1.0,0.0,5.0,0.0,1.0,0.0,0.0,0.0,,0.0,1.0,0.0,0.0,0.0,0.0,,0.0,0.0,0.0,0.0,0.0,0.0,0.0,2.0,0.0,0,,,,,-1.5,['FLORIDAST' 'ECAROLINA'],,0,0,0,,,,
0,Dick Knostman,1953-54,22.0,['SYR'],NBA,C,5.0,,9.4,0.6,2.0,0.3,,,,,,,,1.4,2.2,0.636,,,3.4,1.2,,,,1.8,2.6,0,8.0,9.0,3.0,,,['KANSASST'],,0,0,0,7,1953,,
0,Kerry Kittles,1996-97,22.0,['NJN' 'LAC'],NBA,SG,82.0,82.0,36.7,6.6,15.0,0.467,1.9,5.1,0.418,5.2,11.6,0.516,0.522,2.6,3.2,0.808,1.7,3.3,4.7,3.0,1.9,0.6,1.5,2.0,17.2,0,40.0,13.0,9.0,6.0,35.9,['VILLANOVA'],https://www.basketball-reference.com/req/202106291/images/headshots/kittlke01.jpg,0,0,0,8,1996,4.0,
0,Harold Keeling,1985-86,22.0,['DAL'],NBA,SG,20.0,0.0,3.8,0.9,2.0,0.436,0.0,0.0,,0.9,2.0,0.436,0.436,0.5,0.7,0.714,0.2,0.2,0.3,0.5,0.4,0.0,0.4,0.5,2.2,0,7.0,1.0,2.0,2.0,6.1,['SANTACLARA'],,0,0,0,16,1985,,
0,Bob Knight,1954-55,25.0,['NYK'],NBA,,2.0,,14.5,1.5,3.5,0.429,,,,,,,,0.5,0.5,1.0,,,0.5,4.0,,,,3.0,3.5,0,6.0,1.0,6.0,,,,,0,0,0,,,,
0,Chris Kaman,2003-04,21.0,['LAC' 'NOH' 'DAL' 'LAL' 'POR'],NBA,C,82.0,78.0,37.2,7.8,15.8,0.528,0.1,0.3,0.25,7.8,15.7,0.528,0.528,3.6,4.7,1.0,3.1,9.6,12.7,2.1,0.6,2.8,2.9,3.4,18.5,0,29.0,23.0,8.0,4.0,29.3,['CMICHIGAN'],https://www.basketball-reference.com/req/202106291/images/headshots/kamanch01.jpg,1,0,0,6,2003,9.0,
0,Michael Kidd-Gilchrist,2012-13,19.0,['CHA' 'CHO' 'TOT' 'DAL'],NBA,SF,81.0,81.0,29.3,4.7,8.8,0.541,0.4,1.4,0.429,4.3,8.8,0.556,0.566,2.9,4.1,0.8,2.0,5.6,7.6,1.5,1.0,1.0,1.3,2.4,12.7,1,25.0,16.0,6.0,6.0,30.5,['KENTUCKY'],https://www.basketball-reference.com/req/202106291/images/headshots/kiddgmi01.jpg,0,0,0,2,2012,7.0,
0,Doug Kistler,1961-62,23.0,['NYK'],NBA,,5.0,,2.6,0.6,1.2,0.5,,,,,,,,0.4,0.8,0.5,,,0.2,0.0,,,,0.4,1.6,0,3.0,,,,,['DUKE'],,0,0,0,3,1961,,
0,Arvesta Kelly,1967-68,22.0,['PTP' 'MNP' 'TOT' 'PTC' 'CAR' 'INA'],ABA,,70.0,,34.2,5.5,11.1,0.593,0.4,1.5,0.333,5.2,10.1,0.667,0.593,2.4,3.7,0.75,1.7,2.1,3.8,3.2,,,3.0,2.8,13.7,1,41.0,9.0,8.0,,,,,0,1,0,6,1967,,
0,Ognjen Kuzmić,2013-14,23.0,['GSW'],NBA,C,21.0,0.0,4.5,0.5,0.8,0.667,0.0,0.0,,0.5,0.8,0.667,0.667,0.3,0.5,1.0,0.5,0.6,1.1,0.4,0.1,0.2,0.5,0.8,1.3,0,6.0,7.0,2.0,2.0,7.5,,https://www.basketball-reference.com/req/202106291/images/headshots/kuzmiog01.jpg,0,1,0,22,2012,1.0,
0,Arvid Kramer,1979-80,23.0,['DEN'],NBA,C,8.0,,5.6,0.9,2.8,0.318,0.0,0.0,,0.9,2.8,0.318,0.318,0.3,0.3,1.0,0.8,0.8,1.5,0.4,0.0,0.6,0.6,1.0,2.0,0,10.0,4.0,1.0,,8.4,['AUGUSTANSD'],,0,0,0,1,1979,2.0,
0,Gerard King,1998-99,26.0,['SAS' 'WAS'],NBA,SF,62.0,28.0,17.1,2.2,4.5,0.511,0.0,0.0,,2.2,4.5,0.511,0.511,0.8,1.1,0.8,1.4,2.7,4.0,0.8,0.5,0.2,1.0,2.1,5.3,0,20.0,16.0,4.0,4.0,22.7,['NICHOLLS'],,0,1,0,,,2.0,
0,Toby Kimball,1965-66,23.0,['BOS' 'SDR' 'MIL' 'KCO' 'PHI' 'NOJ'],Did Not Play (other pro league—Italy),Did Not Play (other pro league—Italy),81.0,,31.1,4.4,11.0,0.474,,,,,,,,2.2,3.8,0.857,2.7,6.0,11.7,1.8,0.7,0.3,,4.0,11.0,0,23.0,28.0,7.0,3.0,,['UCONN'],,0,0,0,9,1965,1.0,
0,Toby Knight,1977-78,22.0,['NYK'],NBA,SF,82.0,0.0,36.4,8.3,15.6,0.557,0.0,0.0,0.0,8.3,15.6,0.557,0.557,2.6,3.2,0.808,2.5,4.2,6.7,1.9,1.4,1.1,2.0,3.8,19.1,0,43.0,16.0,7.0,5.0,35.0,['NOTREDAME'],,0,0,0,10,1977,4.0,
0,Ray Kuka,1947-48,25.0,['NYK'],BAA,,44.0,,,2.0,6.2,0.326,,,,,,,,1.1,1.9,0.595,,,,1.4,,,,2.7,5.2,0,15.0,,2.0,,,,,0,0,0,,,,
0,Coby Karl,2007-08,24.0,['LAL' 'TOT' 'CLE' 'GSW'],NBA,SG,17.0,1.0,27.0,2.8,8.0,0.346,0.5,2.8,0.308,2.3,5.3,0.429,0.423,1.0,1.5,0.8,1.0,3.0,4.0,3.8,0.8,0.3,1.5,3.5,7.0,1,12.0,7.0,7.0,2.0,9.2,['BOISEST'],https://www.basketball-reference.com/req/202106291/images/headshots/karlco01.jpg,0,0,0,,,1.0,
0,Tom Kelly,1948-49,24.0,['BOS'],BAA,,27.0,,,2.7,8.1,0.335,,,,,,,,1.7,2.7,0.616,,,,1.4,,,,2.7,7.1,0,26.0,,2.0,,,['NEWYORKU'],,0,0,0,,1948,,
0,Jason Kapono,2003-04,22.0,['CLE' 'CHA' 'MIA' 'TOR' 'PHI' 'LAL'],NBA,SF,81.0,35.0,26.4,4.1,8.4,0.494,1.6,3.1,0.514,2.5,5.9,0.489,0.59,1.0,1.1,1.0,0.5,2.3,2.7,1.3,0.6,0.1,1.0,2.0,10.9,0,29.0,11.0,8.0,5.0,23.9,['UCLA'],https://www.basketball-reference.com/req/202106291/images/headshots/kaponja01.jpg,0,1,0,2,2003,1.0,
0,Howard Komives,1964-65,23.0,['NYK' 'TOT' 'DET' 'BUF' 'KCO'],NBA,PG,85.0,,35.1,6.2,15.3,0.413,,,,,,,,3.3,3.9,0.868,0.2,0.8,3.8,6.2,0.7,0.1,,3.5,15.7,1,37.0,11.0,15.0,2.0,,['BOWLGREEN'],,0,0,0,6,1964,1.0,
0,Luke Kennard,2017-18,21.0,['DET' 'LAC' 'TOT' 'MEM'],NBA,SG,73.0,25.0,32.9,5.4,12.2,0.526,3.1,6.5,0.54,2.8,5.7,0.511,0.743,2.4,2.7,0.95,0.4,3.2,3.5,4.1,0.6,0.2,1.5,2.3,15.8,1,30.0,10.0,9.0,4.0,29.0,['DUKE'],https://www.basketball-reference.com/req/202106291/images/headshots/kennalu01.jpg,0,0,0,12,2017,2.0,
0,Tom Kropp,1975-76,22.0,['WSB' 'CHI'],NBA,SG,53.0,,9.1,1.4,2.9,0.48,,,,,,,,0.5,0.8,0.833,0.4,0.5,0.9,0.7,0.3,0.0,,1.5,3.3,0,18.0,4.0,4.0,3.0,,,,0,0,0,12,1975,1.0,
0,Jack Kerris,1949-50,25.0,['TOT' 'TRI' 'FTW' 'BLB'],NBA,PF,69.0,,32.5,3.8,10.1,0.442,,,,,,,,3.3,4.9,0.833,,,7.8,3.2,,,,4.0,10.5,1,27.0,17.0,10.0,,,['LOYOLACHI'],,0,0,0,10,1949,,
0,Frank Kornet,1989-90,23.0,['MIL'],NBA,PF,57.0,0.0,7.7,0.7,2.0,0.371,0.2,0.6,0.278,0.6,1.6,0.409,0.411,0.4,0.7,0.615,0.4,0.8,1.2,0.4,0.2,0.1,0.4,0.9,2.0,0,16.0,6.0,2.0,2.0,12.8,['VANDY'],,0,0,0,3,1989,1.0,
0,Jimmy King,1995-96,22.0,['TOR' 'DEN'],NBA,SG,62.0,1.0,14.0,1.8,4.1,0.431,0.1,0.5,0.147,1.7,3.6,0.475,0.441,1.0,2.0,0.701,1.0,1.1,1.8,1.4,1.5,0.2,1.0,1.2,4.5,0,14.0,7.0,8.0,2.0,12.7,['MICHIGAN'],,0,0,0,6,1995,2.0,
0,Brandin Knight,2004-05,23.0,['HOU'],NBA,PG,1.0,0.0,3.0,0.0,1.0,0.0,0.0,0.0,,0.0,1.0,0.0,0.0,0.0,0.0,,0.0,0.0,0.0,1.0,0.0,0.0,0.0,0.0,0.0,0,,,1.0,,0.0,['PITT'],,0,0,0,,,,
0,Steve Kramer,1967-68,23.0,['ANA' 'HSM' 'CAR'],ABA,SG,51.0,,30.5,4.9,12.2,0.458,0.0,0.1,0.2,4.9,12.2,0.467,0.458,4.1,5.1,0.812,2.0,1.7,3.7,4.9,,,3.0,4.2,14.0,0,29.0,9.0,4.0,,,['BYU'],,0,0,0,,,,
0,Ed Kalafat,1954-55,22.0,['MNL'],NBA,PF,72.0,,24.9,2.7,7.8,0.359,,,,,,,,3.0,4.6,0.738,,,6.5,1.8,,,,3.7,8.5,0,21.0,15.0,5.0,,,,,0,0,0,9,1954,,
0,Herb Krautblatt,1948-49,22.0,['BLB'],BAA,,10.0,,,0.4,1.8,0.222,,,,,,,,0.5,1.1,0.455,,,,0.4,,,,1.4,1.3,0,4.0,,,,,,,0,0,0,,1948,,
0,Trevor Keels,2022-23,19.0,['NYK'],NBA,SG,3.0,0.0,2.7,0.3,1.3,0.25,0.3,1.3,0.25,0.0,0.0,,0.375,0.0,0.0,,0.0,0.7,0.7,0.0,0.0,0.0,0.0,0.0,1.0,0,3.0,1.0,,,2.3,['DUKE'],https://www.basketball-reference.com/req/202106291/images/headshots/keelstr01.jpg,0,0,0,12,2022,,
0,Jack Kiley,1951-52,23.0,['FTW'],NBA,SG,47.0,,10.1,0.9,4.1,0.228,,,,,,,,0.6,1.1,1.0,,,1.0,1.3,,,,1.2,2.5,0,16.0,,1.0,,,['SYRACUSE'],,0,0,0,4,1951,,
0,Mike Kearns,1954-55,25.0,['PHW'],NBA,PG,6.0,,4.2,0.0,0.8,0.0,,,,,,,,0.2,0.7,0.25,,,0.5,0.8,,,,0.2,0.2,0,1.0,1.0,2.0,,,['PRINCETON'],,0,0,0,9,1951,,
0,Steve Kerr,1988-89,23.0,['PHO' 'CLE' 'TOT' 'ORL' 'CHI' 'SAS' 'POR'],NBA,PG,82.0,20.0,24.8,3.5,7.0,0.533,1.5,2.9,0.524,2.9,5.5,0.625,0.651,1.0,1.2,1.0,0.4,1.4,1.6,3.2,0.9,0.2,0.9,1.4,8.6,1,24.0,6.0,11.0,6.0,20.2,['ARIZONA'],https://www.basketball-reference.com/req/202106291/images/headshots/kerrst01.jpg,0,5,0,25,1988,2.0,
0,Tom Kondla,1968-69,22.0,['TOT' 'MNP' 'HSM'],ABA,C,42.0,,8.6,1.4,3.6,0.5,0.0,0.0,0.0,1.4,3.6,0.5,0.5,1.0,1.5,0.667,1.1,2.0,3.1,0.3,,,0.6,1.5,3.4,1,20.0,11.0,2.0,,,['MINNESOTA'],,0,0,0,13,1968,,
0,Warren Kidd,1993-94,23.0,['PHI'],NBA,PF,68.0,14.0,13.0,1.5,2.5,0.592,0.0,0.0,,1.5,2.5,0.592,0.592,0.7,1.3,0.547,1.1,2.3,3.4,0.3,0.3,0.3,0.6,1.9,3.6,0,14.0,15.0,4.0,2.0,16.2,['MTENNST'],,0,0,0,,,2.0,
0,Shawn Kemp,1989-90,20.0,['SEA' 'CLE' 'POR' 'ORL'],NBA,PF,82.0,82.0,35.1,6.7,14.6,0.561,0.1,0.4,0.5,6.7,14.5,0.563,0.564,7.3,9.3,0.794,4.1,7.9,11.4,2.6,1.8,2.1,4.0,4.5,20.5,0,42.0,22.0,12.0,7.0,36.6,,https://www.basketball-reference.com/req/202106291/images/headshots/kempsh01.jpg,6,0,0,17,1989,10.0,1.0
0,Dan Kraus,1948-49,25.0,['BLB'],BAA,,13.0,,,0.4,2.7,0.143,,,,,,,,0.8,1.8,0.458,,,,0.5,,,,1.8,1.6,0,4.0,,,,,,,0,0,0,,1948,,
0,Pickles Kennedy,1960-61,22.0,['PHW'],NBA,,7.0,,7.4,0.6,3.0,0.19,,,,,,,,0.6,0.9,0.667,,,1.1,1.3,,,,0.9,1.7,0,3.0,2.0,2.0,,,,,0,0,0,7,1960,,
0,Brandon Knight,2011-12,20.0,['DET' 'MIL' 'TOT' 'PHO' 'HOU' 'CLE' 'DAL'],NBA,PG,75.0,75.0,36.0,7.1,17.2,0.435,2.9,7.4,0.409,4.9,10.5,0.75,0.543,3.6,4.5,1.0,0.7,3.8,4.3,5.4,1.6,0.4,3.4,2.4,19.6,1,38.0,14.0,15.0,6.0,34.0,['KENTUCKY'],https://www.basketball-reference.com/req/202106291/images/headshots/knighbr03.jpg,0,0,0,8,2011,2.0,1.0
0,Viacheslav Kravtsov,2012-13,25.0,['DET' 'PHO'],NBA,C,25.0,0.0,9.0,1.3,1.8,0.717,0.0,0.0,,1.3,1.8,0.717,0.717,0.4,1.5,0.5,1.0,0.8,1.8,0.4,0.2,0.4,0.6,1.3,3.1,0,14.0,10.0,2.0,2.0,12.4,,https://www.basketball-reference.com/req/202106291/images/headshots/kravtvi01.jpg,0,0,0,,,3.0,
0,Barry Kramer,1964-65,22.0,['TOT' 'SFW' 'NYK' 'NYA'],NBA,SF,52.0,,12.2,1.4,4.5,0.36,0.0,0.1,0.0,1.4,4.5,0.36,0.36,1.6,2.1,0.875,1.0,0.9,2.2,0.8,,,1.6,1.6,4.4,1,14.0,6.0,3.0,,,['NEWYORKU'],,0,0,0,7,1964,,
0,Joe Kennedy,1968-69,22.0,['SEA' 'PTC'],NBA,SF,82.0,,17.2,2.4,6.1,0.395,0.0,0.0,0.0,2.4,6.1,0.395,0.395,1.6,2.0,1.0,1.8,2.4,4.2,0.9,,,1.2,2.2,6.2,0,23.0,11.0,8.0,,,['DUKE'],,0,0,0,2,1968,,
0,Irv Kiffin,1979-80,28.0,['SAS'],NBA,SF,26.0,,8.2,1.2,3.7,0.333,0.0,0.0,,1.2,3.7,0.333,0.333,0.7,1.0,0.72,0.5,1.1,1.5,0.7,0.4,0.1,1.2,1.7,3.2,0,12.0,5.0,3.0,2.0,4.4,['OKBAPTIST'],,0,0,0,,,1.0,
0,Bill Keller,1969-70,22.0,['INA'],ABA,SG,83.0,,30.0,5.3,13.0,0.454,1.6,4.5,0.382,4.2,9.0,0.475,0.494,3.2,3.7,0.896,1.1,1.9,2.9,5.3,0.8,0.1,2.4,2.0,14.3,0,38.0,10.0,13.0,2.0,18.8,['PURDUE'],https://www.basketball-reference.com/req/202106291/images/headshots/kellebi01.jpg,0,3,0,2,1969,,1.0
0,Bo Kimble,1990-91,24.0,['LAC' 'NYK'],NBA,SG,62.0,22.0,16.2,2.6,6.7,0.424,0.3,1.0,0.308,2.3,5.7,0.48,0.455,1.5,1.9,0.773,0.7,1.2,1.9,1.2,0.5,0.2,1.2,2.5,6.9,0,27.0,8.0,5.0,4.0,20.8,['USC' 'LOYOLAMARY'],,0,0,0,8,1990,1.0,
0,Alec Kessler,1990-91,24.0,['MIA'],NBA,C,78.0,18.0,16.1,2.6,6.0,0.467,0.3,0.6,0.556,2.6,5.9,0.468,0.54,1.2,1.7,0.817,1.5,2.8,4.3,0.4,0.2,0.4,1.4,2.4,6.2,0,21.0,15.0,3.0,3.0,16.8,['GEORGIA'],,0,0,0,12,1990,3.0,
0,George King,1951-52,23.0,['SYR' 'CIN'],NBA,PG,72.0,,36.1,3.9,10.6,0.406,,,,,,,,4.0,6.2,0.712,,,4.9,5.7,,,,3.4,11.3,0,31.0,12.0,14.0,,,,https://www.basketball-reference.com/req/202106291/images/headshots/kingge01.jpg,0,1,0,6,1950,,
0,Tony Koski,1968-69,22.0,['NYA'],ABA,SF,5.0,,6.0,0.4,1.4,0.286,0.0,0.0,,0.4,1.4,0.286,0.286,0.4,0.4,1.0,0.8,0.6,1.4,0.8,,,0.4,1.8,1.2,0,4.0,1.0,,,,['PROVIDENCE'],,0,0,0,,,,
0,Nenad Krstić,2004-05,21.0,['NJN' 'OKC' 'TOT' 'BOS'],NBA,PF,80.0,80.0,32.6,6.5,12.4,0.537,0.0,0.1,0.25,6.5,12.4,0.537,0.537,3.3,4.7,0.803,2.3,4.8,6.8,1.8,0.5,1.1,2.0,3.7,16.4,1,29.0,15.0,5.0,3.0,24.9,,https://www.basketball-reference.com/req/202106291/images/headshots/krstine01.jpg,0,0,0,24,2002,5.0,
0,Walt Kirk,1948-49,24.0,['TOT' 'FTW' 'INJ' 'AND' 'TRI' 'MLH'],BAA,PG,58.0,,36.0,3.4,9.9,0.361,,,,,,,,5.0,7.1,0.758,,,4.0,3.0,,,,4.3,10.8,1,25.0,7.0,5.0,,,,,0,0,0,,,,
0,Clark Kellogg,1982-83,21.0,['IND'],NBA,PF,81.0,81.0,34.1,8.4,17.5,0.519,0.3,0.7,0.5,8.3,17.3,0.522,0.522,3.9,5.1,0.768,4.2,6.5,10.6,3.2,1.7,0.5,3.2,3.7,20.1,0,37.0,21.0,9.0,5.0,31.7,['OHIOST'],,0,0,0,8,1982,3.0,
0,Red Kerr,1954-55,22.0,['SYR' 'PHI' 'BAL'],NBA,C,80.0,,37.1,7.0,15.8,0.474,,,,,,,,3.9,5.9,0.768,,,14.7,3.4,,,,3.4,17.8,0,42.0,30.0,10.0,,,['ILLINOIS'],https://www.basketball-reference.com/req/202106291/images/headshots/kerrre01.jpg,3,1,0,6,1954,,2.0
0,Goo Kennedy,1971-72,22.0,['DLC' 'SAA' 'SSL' 'UTS' 'HOU'],ABA,PF,76.0,,25.8,5.2,9.5,0.576,0.0,0.0,1.0,5.2,9.5,0.576,0.576,2.1,3.3,0.725,2.6,4.9,7.5,1.1,0.9,0.2,1.6,4.0,12.5,0,28.0,20.0,4.0,6.0,20.1,['TXCHRIST'],,0,0,0,3,1971,1.0,
0,Tommy Kearns,1958-59,22.0,['SYR'],NBA,,1.0,,7.0,1.0,1.0,1.0,,,,,,,,0.0,0.0,,,,0.0,0.0,,,,1.0,2.0,0,2.0,,,,,['UNC'],,0,0,0,6,1958,,
0,Leo Klier,1948-49,25.0,['FTW'],BAA,,66.0,,,2.7,10.5,0.304,,,,,,,,2.1,2.9,0.742,,,,1.8,,,,2.7,7.4,0,25.0,,7.0,,,,,0,0,0,,,,
0,Ibo Kutluay,2004-05,30.0,['SEA'],NBA,SG,5.0,0.0,2.4,0.0,0.2,0.0,0.0,0.0,,0.0,0.2,0.0,0.0,0.0,0.0,,0.0,0.2,0.2,0.0,0.0,0.0,0.4,0.2,0.0,0,,1.0,,,0.0,,,0,0,0,,,,
0,Jonathan Kuminga,2021-22,19.0,['GSW'],NBA,SF,70.0,16.0,20.8,3.9,7.4,0.525,0.8,2.2,0.37,3.1,5.2,0.598,0.579,1.9,2.7,0.684,1.0,2.6,3.4,1.9,0.6,0.5,1.4,2.3,9.9,0,26.0,11.0,6.0,4.0,24.3,,https://www.basketball-reference.com/req/202106291/images/headshots/kuminjo01.jpg,0,1,0,7,2021,3.0,
0,Negele Knight,1990-91,23.0,['PHO' 'TOT' 'SAS' 'POR' 'DET' 'TOR'],NBA,PG,65.0,35.0,22.3,3.5,7.4,0.476,0.3,0.6,0.393,3.4,7.0,0.489,0.484,2.2,2.7,1.0,0.5,1.2,1.6,3.7,0.6,1.0,1.5,1.9,9.3,1,27.0,8.0,19.0,4.0,22.4,['DAYTON'],,0,0,0,4,1990,1.0,
0,Sergey Karasev,2013-14,20.0,['CLE' 'BRK'],NBA,SF,40.0,16.0,16.8,1.6,4.1,0.405,0.5,1.6,0.297,1.2,2.4,0.514,0.48,0.9,1.2,0.929,0.7,1.3,2.0,1.4,0.7,0.1,0.7,1.4,4.6,0,17.0,7.0,6.0,2.0,17.6,,https://www.basketball-reference.com/req/202106291/images/headshots/karasse01.jpg,0,0,0,19,2013,1.0,
