,Name,Season,Age,Tm,Lg,Pos,G,GS,MP,FG,FGA,FG%,3P,3PA,3P%,2P,2PA,2P%,eFG%,FT,FTA,FT%,ORB,DRB,TRB,AST,STL,BLK,TOV,PF,PTS,MidSeasonTrade,"Career high, Points","Career high, Rebounds","Career high, Assists","Career high, Steals","Career high, Blocks","Career high, Game Score",College,Image URL,All Star Games,Championships,HOF,Pick #,Draft Year,Triple-Doubles
0,Art Long,2000-01,28.0,['SAC' 'SEA' 'TOT' 'PHI' 'TOR'],NBA,PF,63.0,27.0,15.7,1.9,3.9,0.492,0.1,0.3,1.0,1.9,3.9,0.492,0.492,0.7,1.3,0.529,1.7,2.3,4.0,0.7,0.4,0.4,1.6,2.9,4.5,1,13.0,12.0,2.0,4.0,2.0,11.5,['CINCY'],,0,0,0,,,
0,Voshon Lenard,1995-96,22.0,['MIA' 'DEN' 'TOR' 'TOT' 'POR'],NBA,SG,81.0,81.0,32.4,5.4,12.8,0.459,2.5,6.1,0.414,3.9,8.8,0.541,0.593,2.5,3.1,0.819,0.9,2.7,3.6,2.6,0.9,0.4,1.6,2.7,14.3,1,38.0,12.0,8.0,5.0,5.0,29.6,['MINNESOTA'],https://www.basketball-reference.com/req/202106291/images/headshots/lenarvo01.jpg,0,0,0,19,1994,
0,Jim Loscutoff,1955-56,25.0,['BOS'],NBA,SF,79.0,,31.7,4.4,12.7,0.375,,,,,,,,2.0,2.9,0.738,,,10.4,1.3,,,,4.3,10.6,0,26.0,26.0,7.0,,,,['OREGON'],,0,7,0,4,1955,
0,Didi Louzada,2020-21,21.0,['NOP' 'TOT' 'POR'],NBA,SF,9.0,1.0,18.7,1.7,4.3,0.4,1.3,2.9,0.45,0.4,1.7,0.3,0.55,0.3,0.3,1.0,1.0,1.7,2.1,1.0,0.7,0.3,1.0,1.9,5.0,1,11.0,4.0,2.0,2.0,1.0,8.0,,https://www.basketball-reference.com/req/202106291/images/headshots/louzama01.jpg,0,0,0,5,2019,
0,Jeff Lebo,1989-90,23.0,['SAS'],NBA,SG,4.0,0.0,8.0,0.5,1.8,0.286,0.0,0.0,,0.5,1.8,0.286,0.286,0.5,0.5,1.0,0.5,0.5,1.0,0.8,0.5,0.0,0.3,1.8,1.5,0,4.0,2.0,2.0,1.0,,3.4,['UNC'],,0,0,0,,,
0,Marcus Liberty,1990-91,22.0,['DEN' 'TOT' 'DET'],NBA,SF,78.0,32.0,20.4,3.7,8.3,0.571,0.3,0.8,0.373,3.4,7.6,0.667,0.571,1.7,2.4,0.728,1.9,2.6,4.3,1.3,0.9,0.4,1.2,2.2,9.3,1,25.0,13.0,7.0,5.0,2.0,23.5,['ILLINOIS'],,0,0,0,15,1990,
0,Jon Leuer,2011-12,22.0,['MIL' 'TOT' 'CLE' 'MEM' 'PHO' 'DET'],NBA,PF,75.0,34.0,25.9,4.1,8.6,0.625,0.7,2.2,0.469,3.5,6.4,0.637,0.625,1.6,1.9,0.867,1.4,4.4,5.6,1.5,0.6,0.4,1.1,2.0,10.2,1,24.0,14.0,6.0,3.0,3.0,22.8,['WISCONSIN'],https://www.basketball-reference.com/req/202106291/images/headshots/leuerjo01.jpg,0,0,0,10,2011,
0,Tyler Lydon,2017-18,21.0,['DEN'],NBA,PF,25.0,0.0,3.8,0.4,0.7,0.5,0.2,0.4,0.4,0.2,0.3,0.625,0.611,0.0,0.1,0.333,0.3,0.4,0.7,0.2,0.1,0.0,0.2,0.4,0.9,0,6.0,3.0,1.0,1.0,,5.0,['SYRACUSE'],https://www.basketball-reference.com/req/202106291/images/headshots/lydonty01.jpg,0,0,0,24,2017,
0,Jim Lampley,1986-87,26.0,['PHI'],NBA,C,1.0,0.0,16.0,1.0,3.0,0.333,0.0,0.0,,1.0,3.0,0.333,0.333,1.0,2.0,0.5,1.0,4.0,5.0,0.0,1.0,0.0,1.0,0.0,3.0,0,3.0,5.0,,1.0,,2.8,['VANDY' 'ARKANSASLR'],,0,0,0,9,1983,
0,Edmund Lawrence,1980-81,28.0,['DET'],NBA,C,3.0,,6.3,1.7,2.7,0.625,0.0,0.0,,1.7,2.7,0.625,0.625,0.7,1.3,0.5,0.7,0.7,1.3,0.3,0.3,0.0,0.3,2.0,4.0,0,6.0,3.0,1.0,1.0,,4.8,['MCNEESE'],,0,0,0,16,1976,
0,Kyle Lowry,2006-07,20.0,['MEM' 'TOT' 'HOU' 'TOR' 'MIA'],NBA,PG,82.0,79.0,37.4,7.1,15.6,0.475,3.2,8.0,0.412,4.3,9.3,0.539,0.569,5.2,6.4,0.893,1.3,4.7,5.6,8.7,2.1,0.5,3.1,3.4,22.4,1,43.0,14.0,19.0,7.0,4.0,41.6,['VILLANOVA'],https://www.basketball-reference.com/req/202106291/images/headshots/lowryky01.jpg,6,1,0,24,2006,21.0
0,Vic Law,2019-20,24.0,['ORL'],NBA,PF,8.0,0.0,7.8,0.8,2.3,0.333,0.1,0.9,0.143,0.6,1.4,0.455,0.361,0.3,0.8,0.333,0.3,1.1,1.4,0.4,0.3,0.0,0.3,0.8,1.9,0,10.0,4.0,1.0,1.0,,5.3,['NWESTERN'],https://www.basketball-reference.com/req/202106291/images/headshots/lawvi01.jpg,0,0,0,,,
0,Kenneth Lofton Jr.,2022-23,20.0,['MEM'],NBA,PF,24.0,1.0,7.3,2.0,3.9,0.527,0.3,0.7,0.353,1.8,3.2,0.566,0.559,0.7,1.1,0.593,0.8,1.3,2.1,0.8,0.2,0.1,0.5,1.2,5.0,0,42.0,14.0,3.0,2.0,1.0,34.1,['LATECH'],https://www.basketball-reference.com/req/202106291/images/headshots/loftoke01.jpg,0,0,0,,,
0,Grady Lewis,1946-47,29.0,['DTF' 'TOT' 'STB' 'BLB'],BAA,,60.0,,,2.6,9.9,0.387,,,,,,,,2.0,3.0,0.667,,,,1.3,,,,3.5,7.1,1,25.0,,2.0,,,,,,0,1,0,,,
0,Earl Lloyd,1950-51,22.0,['WSC' 'SYR' 'DET'],NBA,SF,72.0,,30.7,4.0,10.9,0.457,,,,,,,,2.6,3.6,0.846,,,7.7,2.1,,,,4.2,10.2,0,24.0,19.0,8.0,,,,,,0,1,0,5,1950,
0,Jeremy Lamb,2012-13,20.0,['OKC' 'CHO' 'IND' 'TOT' 'SAC'],NBA,SF,80.0,55.0,28.5,5.5,12.4,0.46,1.5,4.2,0.406,4.0,8.2,0.536,0.529,2.9,3.3,1.0,0.8,4.7,5.5,2.3,1.2,0.6,1.2,2.3,15.3,1,32.0,17.0,7.0,6.0,3.0,28.7,['UCONN'],https://www.basketball-reference.com/req/202106291/images/headshots/lambje01.jpg,0,0,0,12,2012,
0,Reggie Lacefield,1968-69,23.0,['KEN'],ABA,,8.0,,6.0,1.4,2.8,0.5,0.0,0.1,0.0,1.4,2.6,0.524,0.5,0.3,0.5,0.5,0.5,0.9,1.4,0.0,,,0.4,1.1,3.0,0,8.0,3.0,,,,,['WMICHIGAN'],,0,0,0,8,1968,
0,Bob Lochmueller,1952-53,25.0,['SYR'],NBA,SF,62.0,,12.9,1.3,4.0,0.322,,,,,,,,1.2,2.0,0.607,,,2.6,0.8,,,,2.3,3.7,0,17.0,12.0,2.0,,,,['LOUISVILLE'],,0,0,0,8,1952,
0,Bobby Lloyd,1967-68,22.0,['NJA' 'NYA'],ABA,PG,67.0,,20.3,3.2,8.1,0.421,0.2,0.5,0.387,3.0,7.6,0.422,0.426,3.3,3.7,0.886,0.4,1.3,1.9,2.0,,,1.4,2.6,9.9,0,29.0,7.0,8.0,,,,['RUTGERS'],,0,0,0,2,1967,
0,T.J. Leaf,2017-18,20.0,['IND' 'POR'],NBA,PF,58.0,1.0,9.0,1.7,3.2,0.541,0.3,0.8,0.429,1.6,2.6,0.599,0.563,0.3,0.6,1.0,0.8,1.7,2.5,0.4,0.4,0.3,0.3,0.8,3.9,0,28.0,15.0,2.0,2.0,2.0,28.1,['UCLA'],https://www.basketball-reference.com/req/202106291/images/headshots/leaftj01.jpg,0,0,0,18,2017,
0,Kevon Looney,2015-16,19.0,['GSW'],NBA,PF,82.0,80.0,23.9,3.0,4.7,0.63,0.2,0.7,0.5,3.0,4.7,0.641,0.643,1.1,1.9,0.75,3.3,5.9,9.3,2.5,0.6,0.8,0.8,2.7,7.0,0,18.0,20.0,9.0,5.0,6.0,24.3,['UCLA'],https://www.basketball-reference.com/req/202106291/images/headshots/looneke01.jpg,0,3,0,30,2015,
0,Pete Lalich,1946-47,26.0,['CLR'],BAA,,1.0,,,0.0,1.0,0.0,,,,,,,,0.0,0.0,,,,,0.0,,,,1.0,0.0,0,,,,,,,,,0,0,0,,,
0,Rich Laurel,1977-78,23.0,['MIL'],NBA,SG,10.0,,5.7,1.0,3.1,0.323,,,,,,,,0.4,0.4,1.0,0.6,0.4,1.0,0.3,0.3,0.1,0.4,1.0,2.4,0,8.0,4.0,1.0,1.0,1.0,-1.1,['HOFSTRA'],,0,0,0,19,1977,
0,Andrew Levane,1948-49,28.0,['ROC' 'SYR' 'MLH'],BAA,,60.0,,9.7,2.3,7.0,0.333,,,,,,,,0.9,1.4,0.667,,,1.3,2.6,,,,2.1,5.5,0,21.0,,3.0,,,,,,0,0,0,,,
0,Shaun Livingston,2004-05,19.0,['LAC' 'TOT' 'MIA' 'OKC' 'WAS' 'CHA' 'MIL' 'CLE' 'BRK' 'GSW'],NBA,PG,78.0,54.0,29.8,3.9,8.3,0.547,0.1,0.3,0.667,3.8,8.0,0.55,0.549,2.1,2.5,1.0,1.0,2.9,3.4,5.1,1.2,0.6,2.5,2.7,9.3,1,25.0,11.0,14.0,7.0,4.0,23.9,,https://www.basketball-reference.com/req/202106291/images/headshots/livinsh01.jpg,0,3,0,4,2004,
0,Doug Lee,1991-92,27.0,['NJN' 'SAC'],NBA,SG,46.0,0.0,6.7,1.1,2.5,0.431,0.3,0.8,0.389,0.9,1.7,0.506,0.5,0.8,1.0,0.857,0.4,0.4,0.8,1.0,0.3,0.2,0.6,1.4,2.6,0,10.0,7.0,4.0,2.0,2.0,10.9,['TEXASAM' 'PURDUE'],,0,0,0,12,1987,
0,Bill Laimbeer,1979-80,22.0,['CLE' 'TOT' 'DET'],Did Not Play (other pro league—Italy),Did Not Play (other pro league—Italy),82.0,82.0,35.3,7.3,14.4,0.53,0.7,2.0,0.5,7.2,14.1,0.543,0.539,3.9,4.5,0.894,4.0,9.4,13.1,3.2,0.9,1.4,2.1,4.2,17.5,1,35.0,24.0,11.0,5.0,6.0,34.8,['NOTREDAME'],https://www.basketball-reference.com/req/202106291/images/headshots/laimbbi01.jpg,4,2,0,21,1979,
0,Anthony Lamb,2020-21,23.0,['HOU' 'SAS' 'GSW'],NBA,SF,62.0,4.0,19.3,2.4,5.1,0.471,1.2,3.2,0.367,1.2,2.0,0.652,0.588,0.8,1.0,0.857,1.1,2.6,3.5,1.5,0.5,0.3,0.9,2.2,6.7,0,26.0,9.0,5.0,3.0,2.0,23.2,['VERMONT'],https://www.basketball-reference.com/req/202106291/images/headshots/lamban01.jpg,0,0,0,,,
0,Plummer Lott,1967-68,22.0,['SEA'],NBA,SF,44.0,,10.9,1.0,3.4,0.311,,,,,,,,0.4,0.7,0.613,,,2.1,0.8,,,,1.5,2.5,0,10.0,10.0,6.0,,,,['SEATTLE'],,0,0,0,11,1967,
0,Henry Logan,1968-69,22.0,['OAK' 'WSA'],ABA,PG,76.0,,23.0,4.5,9.1,0.488,0.0,0.1,0.25,4.4,9.1,0.49,0.489,3.5,5.0,0.717,1.4,2.4,3.8,2.4,,,2.5,3.0,12.5,0,34.0,11.0,7.0,,,,,,0,1,0,2,1968,
0,Don Lofgran,1950-51,21.0,['TOT' 'SYR' 'INO' 'PHW' 'MLH'],NBA,,64.0,,27.9,2.7,8.2,0.357,,,,,,,,2.5,3.5,0.728,,,5.3,1.7,,,,2.8,7.4,1,23.0,14.0,4.0,,,,['SANFRAN'],,0,0,0,12,1950,
0,Tom LaGarde,1977-78,22.0,['DEN' 'SEA' 'DAL' 'NJN'],NBA,C,82.0,28.0,32.6,5.1,10.8,0.541,0.0,0.0,0.0,5.1,10.8,0.541,0.541,3.5,5.4,0.76,2.7,6.0,8.3,2.9,0.4,0.8,2.5,3.6,13.7,0,32.0,17.0,9.0,3.0,3.0,29.9,['UNC'],,0,1,0,9,1977,
0,Joffrey Lauvergne,2014-15,23.0,['DEN' 'TOT' 'OKC' 'CHI' 'SAS'],NBA,C,70.0,15.0,17.6,3.3,6.4,0.516,0.5,1.6,0.346,3.1,5.5,0.557,0.53,1.1,1.2,0.899,1.3,3.6,4.9,1.0,0.4,0.4,0.9,1.9,7.9,1,26.0,13.0,4.0,2.0,3.0,24.1,,https://www.basketball-reference.com/req/202106291/images/headshots/lauvejo01.jpg,0,0,0,25,2013,
0,Alton Lister,1981-82,23.0,['MIL' 'SEA' 'GSW' 'TOT' 'BOS' 'POR'],NBA,C,82.0,82.0,30.5,4.6,9.2,0.557,0.0,0.3,0.5,4.6,9.1,0.571,0.557,2.4,3.5,1.0,3.0,6.4,9.4,1.6,0.6,2.4,2.3,4.1,11.6,1,30.0,21.0,6.0,5.0,9.0,30.4,['ARIZONAST'],,0,0,0,21,1981,
0,Clyde Lovellette,1953-54,24.0,['MNL' 'CIN' 'STL' 'BOS'],NBA,C,72.0,,36.5,9.6,21.7,0.471,,,,,,,,4.8,6.6,0.83,,,14.0,2.6,,,,3.7,23.4,0,39.0,23.0,9.0,,,,['KANSAS'],,4,3,0,10,1952,
0,John Lucas,1976-77,23.0,['HOU' 'GSW' 'WSB' 'SAS' 'MIL' 'SEA'],NBA,SG,82.0,65.0,37.7,6.6,14.5,0.477,1.1,2.9,0.365,6.5,14.0,0.492,0.494,3.6,4.6,0.822,0.8,2.5,3.1,10.7,2.0,0.2,3.1,2.8,17.5,0,35.0,11.0,24.0,8.0,4.0,37.6,['MARYLAND'],,0,0,0,1,1976,1.0
0,Quincy Lewis,1999-00,22.0,['UTA' 'MIN'],NBA,SG,74.0,19.0,13.6,1.8,4.0,0.448,0.3,0.9,0.4,1.7,3.5,0.488,0.458,0.5,0.7,0.731,0.6,0.9,1.5,1.0,0.6,0.3,0.9,2.5,4.0,0,18.0,6.0,3.0,4.0,2.0,13.2,['MINNESOTA'],,0,0,0,19,1999,
0,Jeremy Lin,2010-11,22.0,['GSW' 'NYK' 'HOU' 'LAL' 'CHO' 'BRK' 'TOT' 'ATL' 'TOR'],NBA,PG,82.0,82.0,32.2,5.0,12.0,0.466,1.6,4.3,0.5,4.2,10.0,0.535,0.523,7.0,7.0,1.0,0.5,3.4,3.8,6.2,1.6,0.5,3.6,3.0,18.0,1,38.0,12.0,14.0,6.0,3.0,34.5,['HARVARD'],https://www.basketball-reference.com/req/202106291/images/headshots/linje01.jpg,0,1,0,,,1.0
0,Jim Les,1988-89,25.0,['UTA' 'TOT' 'LAC' 'SAC' 'ATL'],NBA,PG,82.0,8.0,25.4,2.2,4.9,0.444,1.3,2.8,0.461,0.9,2.2,0.475,0.576,2.0,4.0,0.852,0.5,1.7,2.0,5.4,1.0,0.1,3.0,3.0,7.2,1,20.0,7.0,17.0,4.0,1.0,22.8,['CLEVST' 'BRADLEY'],,0,0,0,23,1986,
0,Eric Leckner,1988-89,22.0,['UTA' 'TOT' 'SAC' 'CHH' 'PHI' 'DET' 'VAN'],NBA,C,77.0,36.0,18.6,2.3,5.0,0.621,0.0,0.0,0.0,2.3,5.0,0.621,0.621,1.2,2.1,0.745,1.4,3.8,5.2,1.2,0.3,0.5,1.2,3.1,5.8,1,21.0,17.0,6.0,3.0,4.0,16.2,['WYOMING'],,0,0,0,17,1988,
0,Paul Long,1967-68,23.0,['DET' 'KEN' 'BUF'],NBA,SG,30.0,,9.1,1.9,4.4,0.475,0.0,0.0,,1.9,4.4,0.475,0.475,1.9,2.3,0.833,0.6,0.4,1.0,1.3,,,1.7,2.3,4.5,0,19.0,5.0,4.0,,,,['VATECH' 'WAKE'],,0,0,0,1,1966,
0,Lonnie Lynn,1969-70,26.0,['TOT' 'DNR' 'PTP'],ABA,SF,52.0,,16.0,2.3,5.7,0.435,0.0,0.1,0.0,2.3,5.7,0.435,0.435,0.7,1.6,0.667,1.7,3.5,5.2,1.0,,,1.5,2.6,5.3,1,24.0,20.0,5.0,,,,,,0,0,0,2,1966,
0,Allen Leavell,1979-80,22.0,['HOU'],NBA,PG,82.0,76.0,32.9,5.6,13.4,0.503,0.5,2.2,0.358,5.0,11.2,0.513,0.505,3.1,3.8,0.869,0.8,1.7,2.5,6.7,2.1,0.4,2.7,2.7,14.8,0,42.0,8.0,22.0,8.0,3.0,36.0,['OKCITY'],https://www.basketball-reference.com/req/202106291/images/headshots/leaveal01.jpg,0,0,0,16,1979,
0,Trey Lyles,2015-16,20.0,['UTA' 'DEN' 'SAS' 'TOT' 'DET' 'SAC'],NBA,PF,80.0,53.0,22.8,3.7,7.7,0.491,1.2,3.2,0.387,2.7,4.8,0.595,0.566,2.7,3.5,0.851,1.2,4.6,5.7,1.4,0.5,0.5,1.1,1.8,10.6,1,28.0,18.0,5.0,5.0,4.0,24.5,['KENTUCKY'],https://www.basketball-reference.com/req/202106291/images/headshots/lylestr01.jpg,0,0,0,12,2015,
0,Jordan Loyd,2018-19,25.0,['TOR'],NBA,PG,12.0,0.0,4.6,0.7,1.5,0.444,0.3,0.7,0.5,0.3,0.8,0.4,0.556,0.8,0.9,0.818,0.1,0.7,0.8,0.5,0.0,0.0,0.2,0.4,2.4,0,8.0,4.0,4.0,,,8.9,['FURMAN'],https://www.basketball-reference.com/req/202106291/images/headshots/loydjo01.jpg,0,1,0,,,
0,Jason Lawson,1997-98,23.0,['ORL'],NBA,C,17.0,0.0,4.7,0.5,0.9,0.6,0.0,0.0,,0.5,0.9,0.6,0.6,0.5,0.6,0.8,0.5,1.1,1.6,0.3,0.2,0.2,0.1,0.8,1.5,0,6.0,6.0,1.0,1.0,1.0,6.0,['VILLANOVA'],,0,0,0,13,1997,
0,Tim Legler,1989-90,23.0,['PHO' 'DEN' 'TOT' 'UTA' 'DAL' 'GSW' 'WSB' 'WAS'],NBA,SG,79.0,4.0,23.1,3.5,7.9,0.522,1.7,3.2,0.522,2.7,6.0,0.523,0.646,1.9,2.4,1.0,0.8,1.4,1.9,1.8,0.8,0.3,0.9,2.1,9.6,1,25.0,7.0,7.0,4.0,2.0,20.4,['LASALLE'],,0,0,0,,,
0,DeAndre Liggins,2011-12,23.0,['ORL' 'OKC' 'MIA' 'TOT' 'CLE' 'DAL' 'MIL' 'NOP'],NBA,SF,62.0,19.0,25.0,3.0,6.0,1.0,0.4,1.2,0.471,3.0,5.0,1.0,1.0,2.0,3.0,0.667,3.0,4.0,7.0,0.9,2.0,0.3,0.7,3.0,8.0,1,11.0,9.0,5.0,5.0,3.0,16.1,['KENTUCKY'],https://www.basketball-reference.com/req/202106291/images/headshots/liggide01.jpg,0,0,0,23,2011,
0,John Long,1978-79,22.0,['DET' 'IND' 'TOT' 'ATL' 'TOR'],NBA,SG,82.0,82.0,34.3,9.2,18.8,0.505,0.4,1.1,0.442,9.2,18.5,0.51,0.506,3.4,4.0,0.96,2.2,2.7,4.9,3.2,1.9,0.4,3.0,3.2,21.9,1,44.0,13.0,12.0,6.0,3.0,37.7,['DETROIT'],,0,1,0,7,1978,
0,Zach LaVine,2014-15,19.0,['MIN' 'CHI'],NBA,PG,82.0,77.0,37.2,9.8,20.0,0.507,3.4,8.2,0.419,6.5,12.9,0.571,0.596,5.0,6.0,0.853,0.7,4.4,5.0,4.9,1.5,0.5,3.5,2.4,27.4,0,50.0,14.0,14.0,5.0,3.0,38.0,['UCLA'],https://www.basketball-reference.com/req/202106291/images/headshots/lavinza01.jpg,2,0,0,13,2014,
0,Keith Lee,1985-86,23.0,['CLE' 'NJN'],NBA,PF,67.0,38.0,20.6,3.1,6.6,0.466,0.0,0.2,0.222,3.0,6.4,0.472,0.468,1.3,1.7,0.781,2.0,4.1,6.1,1.2,0.5,0.6,1.3,3.5,7.4,0,25.0,17.0,7.0,3.0,4.0,25.4,['MEMPHIS'],,0,0,0,11,1985,
0,Horacio Llamas,1996-97,23.0,['PHO'],NBA,C,20.0,2.0,5.3,1.0,2.6,0.536,0.1,0.4,0.333,0.9,2.3,0.536,0.536,0.9,1.3,0.7,0.5,1.8,2.3,0.2,0.5,0.4,1.1,1.8,3.0,0,7.0,5.0,1.0,2.0,2.0,4.8,['GCANYON'],,0,0,0,,,
0,George Lee,1960-61,24.0,['DET' 'SFW'],NBA,SF,75.0,,23.4,4.2,10.5,0.75,,,,,,,,6.0,7.0,0.857,,,6.6,1.2,,,,2.1,12.1,0,31.0,14.0,5.0,,,,['MICHIGAN'],,0,0,0,2,1959,
0,Walt Lautenbach,1949-50,27.0,['SHE'],NBA,,55.0,,,1.8,6.0,0.301,,,,,,,,0.7,1.0,0.691,,,,1.3,,,,2.2,4.3,0,15.0,,4.0,,,,,,0,0,0,,,
0,York Larese,1961-62,23.0,['TOT' 'CHP' 'PHW'],NBA,SG,59.0,,12.7,2.2,6.0,0.476,,,,,,,,1.0,1.2,0.841,,,1.4,1.7,,,,1.9,5.4,1,16.0,6.0,12.0,,,,['UNC'],,0,0,0,6,1960,
0,Bobby Lewis,1967-68,22.0,['SFW' 'CLE'],NBA,SG,79.0,,23.4,2.9,7.6,0.391,,,,,,,,1.5,2.1,0.772,,,2.6,3.1,,,,2.3,7.2,0,23.0,9.0,15.0,,,,,,0,0,0,8,1967,
0,Walt Lemon Jr.,2017-18,25.0,['NOP' 'CHI'],NBA,PG,6.0,3.0,27.8,6.3,14.5,0.438,0.3,0.8,1.0,6.0,13.7,0.439,0.469,1.3,1.8,0.727,0.7,3.8,4.5,5.0,1.8,0.2,1.7,2.3,14.3,0,24.0,8.0,8.0,4.0,1.0,20.9,['BRADLEY'],https://www.basketball-reference.com/req/202106291/images/headshots/lemonwa01.jpg,0,0,0,,,
0,Sammy Little,1969-70,23.0,['KEN'],ABA,,3.0,,3.7,0.7,1.3,0.5,0.0,0.3,0.0,0.7,1.0,0.667,0.5,0.3,0.3,1.0,0.0,0.3,0.3,0.7,,,0.3,1.3,1.7,0,3.0,1.0,,,,,,,0,0,0,,,
0,Doron Lamb,2012-13,21.0,['TOT' 'MIL' 'ORL'],NBA,SG,53.0,0.0,13.1,1.4,4.1,0.397,0.7,1.7,0.476,1.3,3.4,0.386,0.506,0.5,0.8,0.806,0.2,1.0,1.2,0.9,0.3,0.0,0.7,1.2,3.6,1,16.0,5.0,4.0,2.0,1.0,12.8,['KENTUCKY'],https://www.basketball-reference.com/req/202106291/images/headshots/lambdo01.jpg,0,0,0,12,2012,
0,Dick Lee,1967-68,,['ANA'],ABA,,2.0,,1.0,0.0,0.0,,0.0,0.0,,0.0,0.0,,,0.0,0.0,,,,0.5,0.5,,,0.0,0.0,0.0,0,,,,,,,['WASHINGTON'],,0,0,0,,,
0,Malcolm Lee,2011-12,21.0,['MIN' 'PHI'],NBA,SG,19.0,12.0,18.1,1.8,4.8,0.39,0.5,1.5,0.333,1.3,3.3,0.429,0.434,0.8,1.3,0.824,0.9,1.5,2.4,1.6,0.8,0.4,0.9,1.9,4.9,0,10.0,8.0,5.0,2.0,2.0,10.1,['UCLA'],https://www.basketball-reference.com/req/202106291/images/headshots/leema01.jpg,0,0,0,13,2011,
0,Grant Long,1988-89,22.0,['MIA' 'TOT' 'ATL' 'DET' 'VAN' 'MEM' 'BOS'],NBA,PF,82.0,82.0,37.4,5.4,11.1,0.494,0.4,1.0,0.362,5.3,10.8,0.5,0.498,4.0,5.0,0.807,3.2,6.6,9.6,2.7,1.7,0.6,2.5,5.5,14.8,1,33.0,21.0,9.0,7.0,6.0,30.1,['EMICHIGAN'],https://www.basketball-reference.com/req/202106291/images/headshots/longgr01.jpg,0,0,0,8,1988,
0,Jim Luisi,1953-54,25.0,['BLB'],NBA,PG,31.0,,11.8,1.0,3.1,0.326,,,,,,,,0.9,1.3,0.659,,,0.8,1.1,,,,1.5,2.9,0,12.0,2.0,2.0,,,,['STFRANNY'],,0,0,0,7,1951,
0,Todd Lichti,1989-90,23.0,['DEN' 'TOT' 'ORL' 'GSW' 'BOS'],NBA,SG,79.0,25.0,29.7,5.7,13.0,0.486,0.5,1.6,1.0,5.2,11.4,0.5,0.486,2.0,3.5,0.855,1.7,2.2,3.9,2.5,1.6,0.3,1.2,2.2,14.0,1,29.0,10.0,7.0,4.0,3.0,25.0,['STANFORD'],,0,0,0,15,1989,
0,Mark Landsberger,1977-78,22.0,['CHI' 'TOT' 'LAL' 'ATL'],NBA,PF,80.0,4.0,24.5,3.5,7.3,0.529,0.0,0.0,0.0,3.5,7.3,0.529,0.529,1.6,3.1,0.58,3.7,5.6,9.3,0.9,0.4,0.3,1.9,2.1,8.4,1,25.0,29.0,5.0,2.0,3.0,25.8,['MINNESOTA' 'ARIZONAST'],https://www.basketball-reference.com/req/202106291/images/headshots/landsma01.jpg,0,2,0,13,1977,
0,Scott Lloyd,1976-77,24.0,['MIL' 'TOT' 'BUF' 'SDC' 'CHI' 'DAL'],NBA,C,74.0,17.0,30.4,3.4,7.6,0.472,0.0,0.1,0.5,3.4,7.6,0.472,0.472,2.0,2.8,0.758,2.2,4.1,6.3,2.2,0.5,0.4,2.0,3.7,8.8,1,28.0,16.0,10.0,4.0,3.0,21.2,['ARIZONAST'],,0,0,0,7,1976,
0,Darrell Lockhart,1983-84,23.0,['SAS'],NBA,C,2.0,0.0,7.0,1.0,1.0,1.0,0.0,0.0,,1.0,1.0,1.0,1.0,0.0,0.0,,0.0,1.5,1.5,0.0,0.0,0.0,1.0,2.5,2.0,0,4.0,2.0,,,,0.4,['AUBURN'],,0,0,0,11,1983,
0,Charlie Lowery,1971-72,22.0,['MIL'],NBA,PG,20.0,,6.7,0.9,1.9,0.447,,,,,,,,0.6,0.9,0.611,,,1.0,0.7,,,,0.8,2.3,0,9.0,3.0,3.0,,,,,,0,0,0,6,1971,
0,Mike Lynn,1969-70,24.0,['LAL' 'BUF'],NBA,SF,44.0,,9.2,1.0,3.0,0.331,,,,,,,,0.7,1.1,1.0,,,1.5,0.7,,,,2.0,2.7,0,10.0,5.0,3.0,,,,['UCLA'],,0,0,0,8,1967,
0,Ron Livingstone,1949-50,24.0,['TOT' 'BLB' 'PHW'],NBA,,63.0,,,3.6,12.6,0.295,,,,,,,,2.3,3.4,0.761,,,4.7,3.1,,,,5.4,9.6,1,16.0,18.0,5.0,,,,,,0,0,0,7,1947,
0,Sean Lampley,2002-03,23.0,['MIA' 'GSW'],NBA,SF,35.0,0.0,13.9,1.6,3.7,0.65,0.0,0.1,0.0,1.6,3.6,0.65,0.65,1.6,2.3,0.695,0.7,1.6,2.4,0.9,0.2,0.1,0.7,1.2,4.8,0,18.0,9.0,4.0,2.0,1.0,14.2,['CALIFORNIA'],,0,0,0,16,2001,
0,Kevin Loder,1981-82,22.0,['KCK' 'TOT' 'SDC'],NBA,SF,71.0,13.0,16.0,2.9,6.3,0.464,0.1,0.3,0.556,2.9,6.2,0.476,0.468,1.1,1.5,0.72,1.0,1.8,2.7,1.4,0.5,0.5,1.1,2.1,6.9,1,25.0,12.0,6.0,3.0,2.0,19.8,['KENTUCKYST' 'ALABAMAST'],,0,0,0,17,1981,
0,Ed Leede,1949-50,22.0,['BOS'],NBA,,64.0,,,2.7,7.9,0.343,,,,,,,,3.5,4.9,0.741,,,2.1,2.0,,,,2.6,8.9,0,25.0,8.0,8.0,,,,['DARTMOUTH'],,0,0,0,,1949,
0,Bob Lanier,1970-71,22.0,['DET' 'TOT' 'MIL'],NBA,C,82.0,72.0,39.3,10.6,21.1,0.572,0.0,0.1,1.0,10.6,21.1,0.575,0.572,5.2,6.9,0.818,3.4,9.9,14.9,4.6,1.4,3.0,3.6,3.7,25.7,1,48.0,33.0,12.0,6.0,9.0,36.0,['STBONNY'],https://www.basketball-reference.com/req/202106291/images/headshots/laniebo01.jpg,8,0,0,1,1970,4.0
0,Tyronn Lue,1998-99,21.0,['LAL' 'WAS' 'ORL' 'TOT' 'HOU' 'ATL' 'DAL' 'MIL'],NBA,PG,76.0,69.0,31.2,5.0,10.9,0.487,1.1,2.9,0.529,4.2,8.6,0.491,0.553,2.6,3.0,0.883,0.3,2.1,2.5,5.4,0.8,0.1,1.7,2.4,13.5,1,32.0,8.0,14.0,5.0,1.0,28.5,['NEBRASKA'],https://www.basketball-reference.com/req/202106291/images/headshots/luety01.jpg,0,2,0,23,1998,
0,Greg Lee,1974-75,23.0,['SDA' 'POR'],ABA,PG,5.0,,12.6,1.6,3.0,0.533,0.0,0.0,,1.6,3.0,0.533,0.533,0.4,0.4,1.0,0.2,0.4,0.6,2.6,0.8,0.0,1.2,1.2,3.6,0,6.0,2.0,6.0,2.0,,,['UCLA'],,0,0,0,7,1974,
0,Alex Len,2013-14,20.0,['PHO' 'ATL' 'TOT' 'SAC' 'TOR' 'WAS'],NBA,C,78.0,46.0,23.3,4.2,8.4,0.619,1.0,2.6,0.667,3.4,7.9,0.647,0.65,2.3,3.3,0.728,2.5,5.3,7.6,1.2,0.5,1.5,1.9,3.1,11.1,1,33.0,19.0,7.0,4.0,6.0,25.2,['MARYLAND'],https://www.basketball-reference.com/req/202106291/images/headshots/lenal01.jpg,0,0,0,5,2013,
0,Dan Langhi,2000-01,23.0,['HOU' 'PHO' 'TOT' 'GSW' 'MIL'],NBA,SF,60.0,8.0,12.8,1.5,4.0,0.401,0.5,1.0,0.5,1.4,3.6,0.421,0.438,0.5,0.9,1.0,0.6,1.3,2.0,0.4,0.3,0.1,0.5,1.3,3.5,1,17.0,8.0,4.0,2.0,1.0,15.7,['VANDY'],,0,0,0,2,2000,
0,Gabriel Lundberg,2021-22,27.0,['PHO'],NBA,SG,4.0,0.0,11.0,1.3,4.8,0.263,0.8,2.0,0.375,0.5,2.8,0.182,0.342,0.0,0.0,,0.5,1.3,1.8,2.8,0.8,0.0,0.8,1.8,3.3,0,10.0,5.0,5.0,2.0,,8.3,,,0,0,0,,,
0,Slick Leonard,1954-55,22.0,['MNL' 'LAL' 'CHP' 'CHZ'],Did Not Play (military service—U.S. Army),Did Not Play (military service—U.S. Army),73.0,,35.2,6.0,16.1,0.375,,,,,,,,4.0,5.3,0.772,,,3.6,5.4,,,,2.7,16.1,0,39.0,8.0,19.0,,,,['INDIANA'],https://www.basketball-reference.com/req/202106291/images/headshots/leonasl01.jpg,0,0,0,1,1954,
0,A.J. Lawson,2022-23,22.0,['TOT' 'MIN' 'DAL'],NBA,SG,15.0,0.0,7.6,1.5,3.1,1.0,0.7,1.8,0.4,1.0,1.3,1.0,1.0,0.1,0.6,0.25,0.4,1.0,1.4,0.1,0.1,0.0,0.2,1.0,3.9,1,12.0,6.0,1.0,1.0,,9.0,['SCAROLINA'],https://www.basketball-reference.com/req/202106291/images/headshots/lawsoaj01.jpg,0,0,0,,,
0,Ronnie Lester,1980-81,22.0,['CHI' 'LAL'],NBA,PG,75.0,74.0,30.0,4.4,8.8,0.501,0.1,0.1,0.5,4.3,8.7,0.531,0.504,2.8,3.4,0.909,1.0,1.9,2.8,5.1,1.1,0.2,2.5,2.1,11.6,0,27.0,8.0,14.0,5.0,3.0,31.6,['IOWA'],,0,1,0,10,1980,
0,Brook Lopez,2008-09,20.0,['NJN' 'BRK' 'LAL' 'MIL'],NBA,C,82.0,82.0,36.9,8.1,16.0,0.563,2.3,6.3,0.374,8.1,16.0,0.637,0.606,5.5,6.8,0.87,3.3,5.4,8.6,2.3,0.8,2.5,2.5,3.1,20.7,0,39.0,20.0,9.0,4.0,9.0,35.7,['STANFORD'],https://www.basketball-reference.com/req/202106291/images/headshots/lopezbr01.jpg,1,1,0,10,2008,
0,Caris LeVert,2016-17,22.0,['BRK' 'TOT' 'IND' 'CLE'],NBA,SF,74.0,49.0,32.9,7.8,17.5,0.45,1.8,5.6,0.392,6.0,12.0,0.571,0.528,3.4,4.4,0.822,1.1,4.0,4.6,6.0,1.5,0.7,2.6,2.4,20.7,1,51.0,14.0,13.0,6.0,3.0,40.7,['MICHIGAN'],https://www.basketball-reference.com/req/202106291/images/headshots/leverca01.jpg,0,0,0,20,2016,1.0
0,Phil Lumpkin,1974-75,23.0,['POR' 'PHO'],NBA,PG,48.0,,16.5,1.8,4.0,0.453,,,,,,,,0.8,0.9,0.867,0.2,1.0,1.2,3.7,0.4,0.1,,1.7,4.2,0,14.0,6.0,10.0,3.0,1.0,,['MIAMIOH'],,0,0,0,16,1974,
0,Ricky Ledo,2013-14,21.0,['DAL' 'TOT' 'NYK'],NBA,SG,17.0,0.0,19.4,2.7,7.5,0.356,0.8,2.0,0.417,1.8,5.5,0.333,0.441,1.3,1.7,1.0,1.3,1.6,2.8,1.5,0.5,0.1,2.0,1.7,7.4,1,21.0,9.0,4.0,2.0,1.0,18.7,,https://www.basketball-reference.com/req/202106291/images/headshots/ledori01.jpg,0,0,0,13,2013,
0,John Lambert,1975-76,23.0,['CLE' 'TOT' 'KCK' 'SAS'],NBA,PF,76.0,7.0,17.9,2.2,5.4,0.6,0.0,0.1,0.167,2.2,5.4,0.6,0.6,1.0,1.4,0.929,1.9,2.9,4.8,1.0,0.6,0.7,0.9,2.7,5.4,1,18.0,22.0,5.0,6.0,4.0,15.6,['USC'],,0,0,0,15,1975,
0,Marcus Landry,2009-10,24.0,['TOT' 'NYK' 'BOS'],NBA,SF,18.0,0.0,6.4,0.9,2.4,0.39,0.5,2.0,0.346,0.4,0.9,0.467,0.5,0.2,0.3,0.6,0.3,0.8,1.1,0.0,0.1,0.1,0.4,0.8,2.6,1,8.0,4.0,,1.0,1.0,4.9,['WISCONSIN'],https://www.basketball-reference.com/req/202106291/images/headshots/landrma01.jpg,0,0,0,,,
0,Bo Lamar,1973-74,22.0,['SDA' 'TOT' 'SDS' 'INA' 'LAL'],ABA,SG,84.0,,37.9,8.7,20.5,0.425,0.8,2.9,0.375,8.3,19.0,0.439,0.438,3.2,4.2,0.786,1.5,2.2,3.5,6.0,1.7,0.2,3.3,2.0,20.9,1,50.0,9.0,15.0,5.0,2.0,28.4,['ULALA'],,0,0,0,9,1973,
0,Christian Laettner,1992-93,23.0,['MIN' 'TOT' 'ATL' 'DET' 'DAL' 'WAS' 'MIA'],NBA,PF,82.0,82.0,38.3,6.7,13.8,0.582,0.4,1.1,0.352,6.3,12.7,0.599,0.584,5.7,6.8,0.868,2.9,6.6,8.8,4.4,1.3,1.2,3.7,4.0,18.2,1,37.0,19.0,9.0,6.0,5.0,32.0,['DUKE'],https://www.basketball-reference.com/req/202106291/images/headshots/laettch01.jpg,1,0,0,3,1992,
0,Rusty LaRue,1997-98,24.0,['CHI' 'UTA' 'GSW'],NBA,PG,43.0,6.0,32.3,3.8,10.8,0.408,0.7,3.5,1.0,3.3,7.3,0.485,0.5,1.3,1.8,1.0,0.3,2.3,2.5,2.8,1.8,0.2,1.8,2.3,9.3,0,15.0,7.0,12.0,5.0,1.0,17.2,['WAKE'],https://www.basketball-reference.com/req/202106291/images/headshots/larueru01.jpg,0,1,0,,,
0,Freddie Lewis,1948-49,28.0,['TOT' 'INJ' 'BLB' 'PHW'],BAA,,61.0,,,4.5,14.4,0.335,,,,,,,,2.3,3.0,0.923,,,,2.4,,,,3.1,11.4,1,20.0,,4.0,,,,,,0,0,0,,,
0,David Lee,2005-06,22.0,['NYK' 'GSW' 'TOT' 'BOS' 'DAL' 'SAS'],NBA,SF,81.0,81.0,37.3,8.5,16.2,0.636,0.0,0.1,0.333,8.5,16.1,0.636,0.636,3.8,4.9,0.819,3.4,8.9,11.7,3.6,1.0,0.6,2.6,3.2,20.2,1,37.0,22.0,11.0,5.0,4.0,37.3,['FLORIDA'],https://www.basketball-reference.com/req/202106291/images/headshots/leeda02.jpg,2,1,0,30,2005,3.0
0,Wendell Ladner,1970-71,22.0,['MMP' 'TOT' 'CAR' 'MMT' 'KEN' 'NYA'],ABA,SF,82.0,,32.5,7.4,18.1,0.437,0.8,3.2,0.34,7.3,16.6,0.441,0.44,2.0,2.8,0.81,4.4,7.4,11.4,2.5,1.8,0.1,3.2,4.3,17.0,1,34.0,22.0,8.0,5.0,1.0,0.5,['SMISS'],,2,1,0,,,
0,Manny Leaks,1968-69,23.0,['TOT' 'KEN' 'NYA' 'DLC' 'TEX' 'UTS' 'FLO' 'PHI' 'CAP'],ABA,C,84.0,,40.3,7.6,15.3,0.502,0.0,0.1,0.0,7.6,15.3,0.502,0.502,3.7,5.1,0.738,6.7,7.5,14.2,2.0,0.2,0.7,2.5,3.4,18.8,1,34.0,35.0,6.0,1.0,1.0,,['NIAGARA'],,0,0,0,6,1968,
0,Sidney Lowe,1983-84,24.0,['IND' 'TOT' 'DET' 'ATL' 'CHH' 'MIN'],NBA,PG,80.0,38.0,21.8,1.4,3.3,0.413,0.0,0.2,0.222,1.3,3.1,0.436,0.417,1.4,1.8,1.0,0.5,2.0,2.4,6.6,1.2,0.1,1.4,2.0,4.2,1,22.0,8.0,17.0,6.0,1.0,28.1,['NCSTATE'],,0,0,0,1,1983,
0,George Lynch,1993-94,23.0,['LAL' 'VAN' 'PHI' 'CHH' 'NOH'],NBA,SF,82.0,80.0,32.3,4.1,8.6,0.508,0.6,1.8,0.417,4.1,8.1,0.512,0.508,1.5,2.4,0.739,3.1,4.9,7.8,2.0,2.0,0.5,1.8,3.3,9.6,0,30.0,20.0,9.0,7.0,4.0,26.1,['UNC'],https://www.basketball-reference.com/req/202106291/images/headshots/lynchge01.jpg,0,0,0,12,1993,
0,Robin Lopez,2008-09,20.0,['PHO' 'NOH' 'POR' 'NYK' 'CHI' 'MIL' 'WAS' 'ORL' 'CLE'],NBA,C,82.0,82.0,31.7,5.3,10.1,0.64,0.5,1.6,0.5,5.3,9.9,0.649,0.653,2.4,3.0,0.818,4.0,4.6,8.5,1.9,0.4,1.7,1.7,2.4,11.8,0,30.0,20.0,11.0,3.0,8.0,27.4,['STANFORD'],https://www.basketball-reference.com/req/202106291/images/headshots/lopezro01.jpg,0,0,0,15,2008,
0,Priest Lauderdale,1996-97,23.0,['ATL' 'DEN'],NBA,C,39.0,0.0,8.8,1.4,3.3,0.551,0.0,0.0,0.0,1.4,3.3,0.557,0.551,1.0,1.8,0.565,0.7,1.9,2.6,0.5,0.2,0.4,1.2,1.6,3.7,0,16.0,7.0,4.0,2.0,3.0,14.5,['CENTRALST'],,0,0,0,28,1996,
0,Bill Ligon,1974-75,22.0,['DET'],NBA,SG,38.0,,7.2,1.4,3.8,0.385,,,,,,,,0.4,0.7,0.64,0.4,0.3,0.7,0.7,0.2,0.2,,0.8,3.3,0,15.0,4.0,4.0,1.0,2.0,,['VANDY'],,0,0,0,15,1974,
0,Kevin Loughery,1962-63,22.0,['DET' 'TOT' 'BAL' 'PHI'],NBA,SG,82.0,,39.2,9.0,20.5,0.441,,,,,,,,4.7,5.8,0.849,,,4.6,5.3,,,,4.0,22.6,1,43.0,14.0,14.0,,,,['BOSTONCOLL' 'STJOHNS'],https://www.basketball-reference.com/req/202106291/images/headshots/loughke01.jpg,0,0,0,1,1961,
0,Carl Landry,2007-08,24.0,['HOU' 'TOT' 'SAC' 'NOH' 'GSW' 'PHI'],NBA,PF,81.0,29.0,37.6,7.0,13.5,0.616,0.2,0.4,0.462,7.0,13.4,0.619,0.616,4.5,5.4,0.839,2.4,4.1,6.5,0.9,1.0,0.9,1.8,3.1,18.0,1,31.0,14.0,5.0,4.0,4.0,25.7,['PURDUE'],https://www.basketball-reference.com/req/202106291/images/headshots/landrca01.jpg,0,0,0,1,2007,
0,John Logan,1946-47,26.0,['STB' 'TRI'],BAA,,62.0,,,4.9,17.1,0.346,,,,,,,,4.2,5.7,0.791,,,4.5,4.8,,,,3.4,14.1,0,28.0,,8.0,,,,,,0,0,0,,,
0,Clifford Lett,1989-90,24.0,['CHI' 'SAS'],NBA,PG,7.0,0.0,14.1,2.0,4.1,0.483,0.0,0.1,0.0,2.0,4.0,0.5,0.483,0.9,1.3,0.667,0.1,0.9,1.0,1.0,0.3,0.1,1.1,2.0,4.9,0,11.0,3.0,2.0,1.0,1.0,7.5,['FLORIDA'],,0,0,0,,,
0,Travis Leslie,2011-12,21.0,['LAC'],NBA,SG,10.0,0.0,4.5,0.5,1.4,0.357,0.0,0.0,,0.5,1.4,0.357,0.357,0.4,0.9,0.444,0.6,0.3,0.9,0.5,0.2,0.2,0.2,0.4,1.4,0,6.0,3.0,2.0,1.0,1.0,7.1,['GEORGIA'],https://www.basketball-reference.com/req/202106291/images/headshots/leslitr01.jpg,0,0,0,17,2011,
0,Ian Lockhart,1990-91,23.0,['PHO'],NBA,SF,1.0,0.0,2.0,1.0,1.0,1.0,0.0,0.0,,1.0,1.0,1.0,1.0,2.0,2.0,1.0,0.0,0.0,0.0,0.0,0.0,0.0,0.0,0.0,4.0,0,4.0,,,,,3.7,['TENNESSEE'],,0,0,0,,,
0,Ron Lee,1976-77,24.0,['PHO' 'TOT' 'NOJ' 'ATL' 'DET'],NBA,PG,82.0,7.0,25.9,5.1,11.6,0.452,0.7,1.8,0.393,5.1,11.6,0.452,0.452,2.1,2.8,0.746,1.2,2.4,3.6,5.6,2.7,0.4,2.9,3.5,12.2,1,33.0,15.0,15.0,9.0,3.0,25.9,['OREGON'],,0,0,0,10,1976,
0,Mo Layton,1971-72,23.0,['PHO' 'TOT' 'POR' 'MMT' 'NYK' 'SAS'],NBA,PG,80.0,,23.1,3.8,9.0,0.506,0.0,0.0,,3.8,9.0,0.506,0.506,1.5,2.1,1.0,0.3,1.2,2.1,3.1,0.5,0.3,2.3,2.7,9.1,1,37.0,5.0,12.0,3.0,1.0,13.4,,,0,0,0,13,1971,
0,John Laskowski,1975-76,22.0,['CHI'],NBA,SG,71.0,,22.1,4.0,9.7,0.412,,,,,,,,1.2,1.7,0.9,0.7,2.4,3.1,0.9,0.8,0.1,,1.3,9.2,0,29.0,9.0,5.0,5.0,2.0,,['INDIANA'],,0,0,0,14,1975,
0,Hank Lefkowitz,1946-47,23.0,['CLR'],BAA,,24.0,,,0.9,4.8,0.193,,,,,,,,0.3,0.5,0.538,,,,0.2,,,,1.5,2.1,0,10.0,,,,,,,,0,0,0,,,
0,Jake LaRavia,2022-23,21.0,['MEM'],NBA,PF,35.0,0.0,11.8,1.1,2.7,0.389,0.7,2.0,0.338,0.4,0.7,0.542,0.516,0.2,0.3,0.778,0.5,1.3,1.8,0.6,0.3,0.1,0.5,1.4,3.0,0,13.0,9.0,3.0,1.0,1.0,14.0,['INDIANAST' 'WAKE'],https://www.basketball-reference.com/req/202106291/images/headshots/laravja01.jpg,0,0,0,19,2022,
0,Leary Lentz,1967-68,22.0,['HSM' 'TOT' 'NYA'],ABA,SF,78.0,,32.1,4.4,10.8,0.418,0.0,0.0,0.0,4.4,10.8,0.42,0.418,1.9,2.8,0.767,1.5,2.6,8.3,1.1,,,1.2,2.2,10.7,1,24.0,17.0,2.0,,,,['HOUSTON'],,0,0,0,,,
0,Kawhi Leonard,2011-12,20.0,['SAS' 'TOR' 'LAC'],NBA,SF,74.0,74.0,34.1,9.3,19.9,0.522,2.2,5.7,0.443,7.5,14.2,0.579,0.576,6.3,7.2,0.886,1.6,6.1,7.3,5.2,2.3,1.0,2.6,2.0,27.1,0,45.0,16.0,10.0,7.0,6.0,39.8,['SANDIEGOST'],https://www.basketball-reference.com/req/202106291/images/headshots/leonaka01.jpg,5,2,0,15,2011,1.0
0,Maurice Lucas,1974-75,22.0,['SSL' 'TOT' 'KEN' 'POR' 'NJN' 'NYK' 'PHO' 'LAL' 'SEA'],ABA,C,86.0,74.0,38.0,9.0,19.6,0.504,0.1,0.4,0.5,9.0,19.2,0.506,0.504,4.2,5.5,0.802,3.8,11.3,15.1,3.8,1.1,1.2,4.0,3.9,20.4,1,46.0,26.0,10.0,6.0,6.0,36.2,['MARQUETTE'],https://www.basketball-reference.com/req/202106291/images/headshots/lucasma01.jpg,5,1,0,14,1974,2.0
0,Rock Lee,1981-82,26.0,['SDC'],NBA,C,2.0,0.0,5.0,0.5,1.0,0.5,0.0,0.0,,0.5,1.0,0.5,0.5,0.0,2.0,0.0,0.0,0.5,0.5,1.0,0.0,0.0,0.0,1.5,1.0,0,2.0,1.0,2.0,,,2.0,['CALIFORNIA' 'SANDIEGOST'],,0,0,0,,,
0,Fat Lever,1982-83,22.0,['POR' 'DEN' 'DAL'],NBA,PG,82.0,82.0,38.7,7.9,17.2,0.473,0.5,1.7,0.414,7.7,16.3,0.486,0.477,3.8,4.8,0.804,2.9,6.7,9.3,8.0,2.7,0.8,2.7,2.8,19.8,0,38.0,22.0,23.0,10.0,3.0,38.0,['ARIZONAST'],https://www.basketball-reference.com/req/202106291/images/headshots/leverfa01.jpg,2,0,0,11,1982,43.0
0,Meyers Leonard,2012-13,20.0,['POR' 'MIA' 'MIL'],NBA,C,74.0,49.0,21.9,3.2,7.1,0.59,1.4,3.7,0.45,2.1,3.9,0.673,0.66,1.0,1.3,0.938,1.3,4.5,5.1,1.5,0.3,0.6,1.3,3.0,8.4,0,24.0,16.0,4.0,3.0,3.0,19.5,['ILLINOIS'],https://www.basketball-reference.com/req/202106291/images/headshots/leoname01.jpg,0,0,0,11,2012,
0,Chuck Lloyd,1970-71,23.0,['CAR'],ABA,,14.0,,8.4,1.6,3.6,0.451,0.0,0.0,,1.6,3.6,0.451,0.451,1.4,2.1,0.667,1.0,0.8,1.8,0.4,,,0.1,1.8,4.7,0,11.0,5.0,3.0,,,,,,0,0,0,6,1970,
0,Kevin Lynch,1991-92,23.0,['CHH'],NBA,SG,55.0,8.0,14.9,1.7,4.1,0.508,0.1,0.1,0.375,1.6,3.9,0.517,0.508,0.7,1.0,0.761,0.5,1.0,1.5,1.5,0.7,0.2,0.8,1.9,4.1,0,12.0,5.0,6.0,3.0,2.0,11.9,['MINNESOTA'],,0,0,0,1,1991,
0,Isaiah Livers,2021-22,23.0,['DET'],NBA,SF,52.0,22.0,23.1,2.3,5.5,0.456,1.4,3.9,0.422,0.9,1.6,0.541,0.606,0.6,0.8,0.857,0.8,2.2,3.0,1.1,0.7,0.5,0.8,2.0,6.7,0,18.0,11.0,3.0,4.0,3.0,17.4,['MICHIGAN'],https://www.basketball-reference.com/req/202106291/images/headshots/liveris01.jpg,0,0,0,12,2021,
0,Lewis Lloyd,1981-82,22.0,['GSW' 'HOU' 'TOT' 'PHI'],NBA,SG,82.0,82.0,31.4,7.4,14.4,0.569,0.0,0.2,0.25,7.4,14.3,0.569,0.569,2.9,3.6,0.843,1.9,2.5,4.0,3.9,1.2,0.5,3.0,2.6,17.8,1,38.0,13.0,12.0,5.0,3.0,32.4,['DRAKE'],,0,0,0,7,1981,2.0
0,Skal Labissière,2016-17,20.0,['SAC' 'TOT' 'POR'],NBA,PF,60.0,28.0,20.7,3.5,7.6,0.684,0.3,0.9,1.0,3.5,6.8,0.647,0.737,1.6,2.2,0.805,2.0,3.4,5.1,1.3,0.5,0.9,1.2,2.7,8.8,1,32.0,15.0,8.0,3.0,5.0,27.4,['KENTUCKY'],https://www.basketball-reference.com/req/202106291/images/headshots/labissk01.jpg,0,0,0,28,2016,
0,Jeff Lamp,1981-82,22.0,['POR' 'TOT' 'MIL' 'SAS' 'LAL'],NBA,SF,74.0,2.0,20.7,4.5,9.0,0.51,0.1,0.6,0.5,4.4,8.5,0.52,0.51,1.9,2.3,1.0,0.8,2.0,2.8,1.8,0.6,0.1,1.3,2.2,11.1,1,25.0,8.0,6.0,2.0,2.0,22.0,['VIRGINIA'],,0,1,0,15,1981,
0,Jock Landale,2021-22,26.0,['SAS' 'PHO'],NBA,C,69.0,4.0,14.2,2.6,4.9,0.528,0.5,1.6,0.326,2.3,3.7,0.626,0.566,1.1,1.5,0.829,1.7,2.3,4.1,1.0,0.2,0.4,0.9,1.8,6.6,0,26.0,11.0,5.0,2.0,2.0,25.6,['STMARYSCA'],https://www.basketball-reference.com/req/202106291/images/headshots/landajo01.jpg,0,0,0,,,
0,Ryan Lorthridge,1994-95,22.0,['GSW'],NBA,SG,37.0,2.0,18.2,2.9,6.0,0.475,0.1,0.4,0.214,2.8,5.6,0.493,0.482,1.5,2.4,0.648,0.6,1.3,1.9,2.7,0.8,0.0,1.5,1.1,7.4,0,18.0,6.0,8.0,3.0,1.0,17.8,['JACKSONST'],,0,0,0,,,
0,Gani Lawal,2010-11,22.0,['PHO'],NBA,PF,1.0,0.0,2.0,0.0,0.0,,0.0,0.0,,0.0,0.0,,,0.0,0.0,,0.0,0.0,0.0,0.0,0.0,0.0,0.0,1.0,0.0,0,,,,,,-0.4,['GATECH'],https://www.basketball-reference.com/req/202106291/images/headshots/lawalga01.jpg,0,0,0,16,2010,
0,Dave Lee,1967-68,25.0,['OAK' 'NOB'],ABA,SF,54.0,,13.9,2.3,5.1,0.453,0.0,0.1,0.333,2.3,5.0,0.456,0.457,2.2,2.6,0.857,0.8,0.0,3.4,0.4,,,0.8,1.5,6.9,0,29.0,6.0,1.0,,,,['SANFRAN'],,0,0,0,7,1964,
0,Kevin Love,2008-09,20.0,['MIN' 'CLE' 'TOT' 'MIA'],NBA,C,81.0,77.0,39.0,8.6,19.3,0.47,2.6,7.0,0.417,6.7,14.1,0.632,0.553,6.9,8.4,0.904,4.5,10.7,15.2,4.4,0.9,0.6,2.5,2.8,26.1,1,51.0,31.0,10.0,4.0,4.0,41.0,['UCLA'],https://www.basketball-reference.com/req/202106291/images/headshots/loveke01.jpg,5,1,0,5,2008,3.0
0,Clyde Lee,1966-67,22.0,['SFW' 'GSW' 'TOT' 'ATL' 'PHI'],NBA,C,82.0,,34.4,4.5,10.9,0.471,,,,,,,,3.6,4.3,0.821,3.7,7.6,14.5,1.6,0.5,0.4,,4.0,11.9,1,35.0,30.0,7.0,2.0,3.0,,['VANDY'],https://www.basketball-reference.com/req/202106291/images/headshots/leecl01.jpg,1,0,0,3,1966,
0,Gary Leonard,1989-90,22.0,['MIN' 'ATL'],NBA,C,22.0,0.0,5.8,0.8,1.4,0.667,0.0,0.0,0.0,0.8,1.4,0.667,0.667,0.5,1.0,1.0,0.6,0.8,1.2,0.2,0.2,0.4,0.4,1.2,2.0,0,6.0,4.0,1.0,1.0,3.0,5.3,['MISSOURI'],,0,0,0,7,1989,
0,Courtney Lee,2008-09,23.0,['ORL' 'NJN' 'HOU' 'BOS' 'TOT' 'MEM' 'CHO' 'NYK' 'DAL'],NBA,SG,81.0,74.0,33.5,4.8,10.9,0.492,1.5,3.7,0.447,3.7,7.7,0.543,0.616,1.9,2.2,0.919,0.8,2.8,3.5,2.4,1.3,0.4,1.1,2.0,12.5,1,30.0,10.0,9.0,6.0,3.0,26.0,['WKENTUCKY'],https://www.basketball-reference.com/req/202106291/images/headshots/leeco01.jpg,0,0,0,22,2008,
0,Damion Lee,2017-18,25.0,['ATL' 'GSW' 'PHO'],NBA,SG,74.0,36.0,29.0,4.3,10.4,0.467,1.7,4.9,0.445,3.1,6.1,0.638,0.608,2.2,2.6,0.909,0.7,4.2,4.9,2.7,1.3,0.1,1.4,2.4,12.7,0,31.0,15.0,9.0,4.0,1.0,26.4,['DREXEL' 'LOUISVILLE'],https://www.basketball-reference.com/req/202106291/images/headshots/leeda03.jpg,0,1,0,,,
0,Russ Lee,1972-73,23.0,['MIL' 'NOJ'],NBA,SF,46.0,,9.3,1.9,5.1,0.404,,,,,,,,0.7,0.9,0.744,1.0,1.1,2.1,0.8,0.7,0.2,,1.1,4.3,0,12.0,5.0,6.0,2.0,2.0,,['MARSHALL'],,0,0,0,6,1972,
0,George Lehmann,1967-68,25.0,['STL' 'TOT' 'ATL' 'LAS' 'NYA' 'MMF' 'CAR' 'MMP' 'MMT'],NBA,PG,83.0,,43.1,6.7,16.6,0.499,1.9,5.6,0.403,5.1,11.7,0.541,0.555,4.1,5.1,0.947,0.8,2.1,2.8,7.8,0.4,0.1,4.4,3.3,18.9,1,47.0,6.0,15.0,1.0,,,,,0,0,0,,,
0,Shawn Long,2016-17,24.0,['PHI'],NBA,C,18.0,0.0,13.0,3.4,6.1,0.56,0.4,1.1,0.368,3.0,5.0,0.6,0.592,1.1,1.9,0.543,2.3,2.4,4.7,0.7,0.5,0.5,0.7,2.7,8.2,0,18.0,10.0,2.0,2.0,3.0,17.2,['ULALA'],https://www.basketball-reference.com/req/202106291/images/headshots/longsh01.jpg,0,0,0,,,
0,Zach Lofton,2018-19,26.0,['DET'],NBA,SG,1.0,0.0,4.0,0.0,1.0,0.0,0.0,1.0,0.0,0.0,0.0,,0.0,0.0,0.0,,0.0,0.0,0.0,0.0,1.0,0.0,1.0,0.0,0.0,0,,,,1.0,,-0.7,['ILLINOISST' 'TXSOUTH' 'NMSTATE'],https://www.basketball-reference.com/req/202106291/images/headshots/loftoza01.jpg,0,0,0,,,
0,Rudy LaRusso,1959-60,22.0,['MNL' 'LAL' 'SFW'],NBA,PF,80.0,,37.1,7.6,18.0,0.466,,,,,,,,6.6,8.4,0.794,,,10.4,2.6,,,,4.3,21.8,0,50.0,21.0,9.0,,,,['DARTMOUTH'],https://www.basketball-reference.com/req/202106291/images/headshots/larusru01.jpg,5,0,0,4,1959,
0,Dave Lattin,1967-68,24.0,['SFW' 'PHO' 'PTC' 'MMT'],NBA,PF,71.0,,23.2,5.1,9.5,0.544,0.0,0.1,0.0,5.1,9.4,0.545,0.544,2.3,3.8,0.756,2.1,4.5,6.6,0.9,,,2.0,3.0,12.6,0,40.0,18.0,4.0,,,,['UTEP'],,0,0,0,10,1967,
0,Willie Long,1971-72,21.0,['FLO' 'DNR'],ABA,PF,82.0,,25.7,4.7,11.3,0.442,0.0,0.0,0.0,4.7,11.3,0.442,0.442,3.3,4.0,0.831,2.4,4.7,6.8,1.2,0.7,0.2,1.9,3.0,12.6,0,30.0,20.0,5.0,3.0,,4.1,['NMEXICO'],,0,0,0,18,1971,
0,Ray Lumpp,1948-49,25.0,['TOT' 'INJ' 'NYK' 'BLB'],BAA,,64.0,,27.0,4.9,13.2,0.404,,,,,,,,3.8,4.7,1.0,,,3.7,3.4,,,,3.3,13.5,1,27.0,5.0,16.0,,,,['NEWYORKU'],,0,0,0,,1948,
0,Felipe López,1998-99,24.0,['VAN' 'TOT' 'WAS' 'MIN'],NBA,SG,70.0,48.0,25.9,3.6,8.1,0.454,0.6,1.0,0.565,3.3,7.1,0.469,0.497,1.9,2.9,0.732,1.5,2.8,3.5,1.6,1.0,0.5,1.7,2.7,9.3,1,26.0,11.0,6.0,4.0,3.0,24.6,['STJOHNS'],,0,0,0,24,1998,
0,Stu Lantz,1968-69,22.0,['SDR' 'HOU' 'DET' 'TOT' 'NOJ' 'LAL'],NBA,SG,82.0,,38.2,7.1,15.9,0.456,,,,,,,,6.3,7.9,0.899,1.4,1.6,5.0,4.2,0.8,0.2,,2.9,20.6,1,43.0,12.0,14.0,5.0,2.0,,['NEBRASKA'],https://www.basketball-reference.com/req/202106291/images/headshots/lantzst01.jpg,0,0,0,1,1968,
0,Rob Lock,1988-89,22.0,['LAC'],NBA,PF,20.0,0.0,5.5,0.5,1.6,0.281,0.0,0.0,,0.5,1.6,0.281,0.281,0.6,0.8,0.8,0.7,0.9,1.6,0.2,0.2,0.2,0.7,0.8,1.5,0,6.0,6.0,2.0,3.0,2.0,5.4,['KENTUCKY'],,0,0,0,1,1988,
0,Riney Lochmann,1967-68,23.0,['DLC'],ABA,SF,63.0,,15.8,1.9,4.7,0.44,0.1,0.2,0.375,1.9,4.6,0.443,0.449,1.0,1.6,0.62,1.3,2.2,3.4,1.0,,,0.8,2.3,4.9,0,18.0,13.0,5.0,,,,['KANSAS'],,0,0,0,,,
0,Stéphane Lasme,2007-08,25.0,['TOT' 'GSW' 'MIA'],NBA,"PF,SF",16.0,4.0,20.2,2.1,4.7,0.451,0.0,0.0,,2.1,4.7,0.451,0.451,1.3,2.1,0.594,1.7,1.8,3.5,0.2,0.9,1.5,1.0,2.3,5.5,1,12.0,9.0,1.0,2.0,3.0,9.2,['UMASS'],,0,0,0,16,2007,
0,Kira Lewis Jr.,2020-21,19.0,['NOP'],NBA,PG,54.0,0.0,16.7,2.5,6.2,0.455,0.7,2.4,0.441,1.9,4.0,0.523,0.54,0.8,0.9,0.864,0.4,1.3,1.6,2.3,0.7,0.2,1.1,1.6,6.4,0,21.0,6.0,6.0,4.0,2.0,16.8,['ALABAMA'],https://www.basketball-reference.com/req/202106291/images/headshots/lewiski01.jpg,0,0,0,13,2020,
0,Scottie Lewis,2021-22,21.0,['CHO'],NBA,SG,2.0,0.0,3.5,0.0,0.0,,0.0,0.0,,0.0,0.0,,,0.5,1.0,0.5,0.0,0.0,0.0,0.5,0.5,0.0,0.0,0.0,0.5,0,1.0,,1.0,1.0,,1.6,['FLORIDA'],https://www.basketball-reference.com/req/202106291/images/headshots/lewissc01.jpg,0,0,0,26,2021,
0,Maciej Lampe,2003-04,18.0,['PHO' 'TOT' 'NOH' 'NOK' 'HOU'],NBA,C,37.0,0.0,12.4,2.0,4.2,0.489,0.1,0.2,0.667,2.0,4.0,0.512,0.489,0.5,0.8,0.769,0.8,2.0,2.7,1.0,0.2,0.2,0.7,1.5,4.6,1,17.0,8.0,2.0,2.0,1.0,11.2,,,0,0,0,1,2003,
0,Raül López,2003-04,23.0,['UTA'],NBA,PG,82.0,15.0,19.7,2.7,6.3,0.431,0.6,1.5,0.444,2.4,5.3,0.458,0.496,1.2,1.4,0.863,0.3,1.6,1.9,4.0,0.8,0.1,2.1,2.5,7.0,0,25.0,9.0,11.0,4.0,2.0,24.8,,,0,0,0,24,2001,
0,Sam Lacey,1970-71,22.0,['CIN' 'KCO' 'KCK' 'TOT' 'NJN' 'CLE'],NBA,C,82.0,33.0,41.7,6.0,13.8,0.6,0.0,0.2,0.222,6.0,13.8,0.6,0.6,2.7,3.5,0.786,3.7,11.4,14.2,5.7,1.7,2.3,3.0,3.8,14.2,1,28.0,26.0,14.0,8.0,7.0,26.5,['NMSTATE'],https://www.basketball-reference.com/req/202106291/images/headshots/laceysa01.jpg,1,0,0,5,1970,9.0
0,Ted Luckenbill,1961-62,22.0,['PHW' 'SFW'],NBA,PF,67.0,,10.1,1.3,3.4,0.382,,,,,,,,0.7,1.1,0.645,,,2.8,0.4,,,,1.7,3.1,0,14.0,10.0,4.0,,,,['HOUSTON'],,0,0,0,10,1961,
0,Mike Lewis,1968-69,22.0,['TOT' 'INA' 'MNP' 'PTP' 'PTC' 'CAR'],ABA,C,83.0,,34.6,6.4,12.9,0.54,0.0,0.1,0.0,6.4,12.9,0.54,0.54,3.4,4.6,0.805,5.2,9.4,14.6,3.9,0.0,0.0,3.1,4.0,16.2,1,39.0,26.0,10.0,,,,['DUKE'],,2,0,0,10,1968,1.0
0,Shane Larkin,2013-14,21.0,['DAL' 'NYK' 'BRK' 'BOS'],NBA,PG,78.0,22.0,24.5,2.8,6.4,0.442,0.6,1.6,0.361,2.3,5.1,0.481,0.481,1.1,1.4,0.865,0.4,1.9,2.3,4.4,1.2,0.2,1.9,2.0,7.3,0,20.0,11.0,14.0,5.0,2.0,19.4,['MIAMIFL'],https://www.basketball-reference.com/req/202106291/images/headshots/larkish01.jpg,0,0,0,18,2013,
0,Randy Livingston,1996-97,21.0,['HOU' 'ATL' 'PHO' 'GSW' 'SEA' 'NOH' 'LAC' 'UTA' 'CHI'],NBA,PG,79.0,15.0,22.0,5.0,8.0,0.625,0.3,0.8,0.625,5.0,8.0,0.625,0.625,2.0,2.0,1.0,0.7,2.0,2.0,3.0,2.0,0.2,1.6,1.8,12.0,0,23.0,8.0,7.0,3.0,2.0,19.7,['LSU'],,0,0,0,13,1996,
0,Nassir Little,2019-20,19.0,['POR'],NBA,PF,54.0,23.0,25.9,3.5,7.5,0.467,1.2,3.7,0.367,2.2,3.8,0.584,0.551,1.6,2.2,0.8,1.4,4.2,5.6,1.3,0.6,0.9,1.0,2.0,9.8,0,30.0,14.0,6.0,4.0,3.0,26.9,['UNC'],https://www.basketball-reference.com/req/202106291/images/headshots/littlna01.jpg,0,0,0,25,2019,
0,Barry Leibowitz,1967-68,22.0,['TOT' 'PTP' 'NJA' 'OAK'],ABA,"PG,SG",82.0,,29.5,4.1,12.0,0.401,0.1,0.7,0.333,4.1,11.7,0.403,0.406,3.4,4.3,0.867,,,3.0,4.5,,,3.1,2.8,11.5,1,29.0,11.0,5.0,,,,['LONGISLAND'],,0,0,0,5,1967,
0,Bob Lackey,1972-73,23.0,['NYA'],ABA,SG,68.0,,17.4,2.3,5.2,0.431,0.0,0.1,0.4,2.2,5.1,0.431,0.434,1.5,2.5,0.593,1.0,1.5,2.4,2.0,0.3,0.0,1.8,2.5,6.0,0,21.0,8.0,7.0,1.0,,1.7,['MARQUETTE'],,0,0,0,8,1972,
0,Trajan Langdon,1999-00,23.0,['CLE'],NBA,SG,65.0,5.0,17.2,2.1,4.8,0.431,0.8,1.9,0.421,1.3,2.9,0.444,0.513,1.1,1.2,1.0,0.4,1.2,1.5,1.4,0.6,0.1,0.9,1.8,6.0,0,31.0,7.0,6.0,3.0,2.0,29.7,['DUKE'],,0,0,0,11,1999,
0,Steve Lingenfelter,1982-83,24.0,['WSB' 'SAS'],NBA,PF,7.0,0.0,7.6,0.6,0.9,1.0,0.0,0.0,,0.6,0.9,1.0,1.0,0.0,0.7,0.0,1.0,1.6,1.7,0.6,0.1,0.4,0.7,2.3,1.1,0,4.0,6.0,1.0,,1.0,1.5,['MINNESOTA' 'SDAKOTAST'],,0,0,0,21,1981,
0,Cedric Lewis,1995-96,26.0,['WSB'],NBA,C,3.0,0.0,1.3,0.7,1.0,0.667,0.0,0.0,,0.7,1.0,0.667,0.667,0.0,0.0,,0.7,0.0,0.7,0.0,0.3,0.0,0.0,0.0,1.3,0,2.0,1.0,,1.0,,2.4,['MARYLAND'],,0,0,0,,,
0,Butch Lee,1978-79,22.0,['TOT' 'ATL' 'CLE' 'LAL'],NBA,PG,82.0,,23.7,4.4,9.7,0.46,0.0,0.0,,4.4,9.7,0.46,0.46,2.6,3.4,0.857,1.0,1.4,2.0,3.8,1.1,0.0,2.0,1.8,11.5,1,22.0,6.0,9.0,6.0,1.0,20.9,['MARQUETTE'],https://www.basketball-reference.com/req/202106291/images/headshots/leebu01.jpg,0,1,0,10,1978,
0,R.B. Lynam,1967-68,,['DNR'],ABA,,7.0,,5.6,0.7,2.4,0.294,0.0,0.1,0.0,0.7,2.3,0.313,0.294,1.0,1.1,0.875,,,0.7,0.0,,,0.7,1.4,2.4,0,7.0,,,,,,,,0,0,0,4,1966,
0,Brad Lohaus,1987-88,23.0,['BOS' 'TOT' 'SAC' 'MIN' 'MIL' 'MIA' 'SAS' 'NYK' 'TOR'],NBA,PF,81.0,41.0,26.0,4.1,8.9,0.496,1.1,2.9,0.421,3.3,7.2,0.516,0.557,1.6,2.0,1.0,1.5,4.1,5.5,2.2,0.8,1.3,1.6,2.8,10.0,1,34.0,16.0,7.0,4.0,5.0,29.1,['IOWA'],,0,0,0,22,1987,
0,Romeo Langford,2019-20,20.0,['BOS' 'TOT' 'SAS'],NBA,SG,48.0,21.0,19.6,2.8,6.0,0.571,0.7,1.9,0.349,2.4,4.6,0.8,0.571,0.9,2.0,0.75,1.3,1.7,2.7,1.2,0.6,0.4,0.7,1.6,6.9,1,23.0,9.0,5.0,4.0,3.0,20.3,['INDIANA'],https://www.basketball-reference.com/req/202106291/images/headshots/langfro01.jpg,0,0,0,14,2019,
0,Al Lucas,1948-49,26.0,['BOS'],BAA,,2.0,,,0.5,1.5,0.333,,,,,,,,0.0,0.0,,,,,1.0,,,,0.0,1.0,0,2.0,,,,,,,,0,0,0,,,
0,Cliff Levingston,1982-83,22.0,['DET' 'ATL' 'CHI' 'DEN'],NBA,PF,82.0,53.0,27.3,3.9,7.5,0.557,0.0,0.1,0.5,3.9,7.4,0.557,0.558,2.3,3.0,0.772,3.1,4.5,7.6,1.4,1.2,1.0,1.8,3.5,10.0,0,29.0,17.0,7.0,5.0,6.0,31.1,['WICHITAST'],https://www.basketball-reference.com/req/202106291/images/headshots/levincl01.jpg,0,2,0,9,1982,
0,Antonio Lang,1994-95,22.0,['PHO' 'CLE' 'MIA' 'TOT' 'TOR' 'PHI'],NBA,SF,64.0,1.0,13.2,1.1,2.5,1.0,0.0,0.1,0.0,1.1,2.4,1.0,1.0,1.0,1.3,1.0,0.8,1.2,2.0,0.5,0.6,0.5,0.8,1.7,2.8,1,14.0,8.0,4.0,3.0,3.0,15.4,['DUKE'],,0,0,0,2,1994,
0,Rashard Lewis,1998-99,19.0,['SEA' 'ORL' 'TOT' 'WAS' 'MIA'],NBA,SF,82.0,81.0,39.5,7.7,16.8,0.486,2.8,7.0,0.432,5.8,12.1,0.527,0.554,4.5,5.5,0.843,2.0,5.1,7.0,2.6,1.5,0.9,2.0,3.0,22.4,1,50.0,19.0,9.0,7.0,5.0,44.8,,https://www.basketball-reference.com/req/202106291/images/headshots/lewisra02.jpg,2,1,0,3,1998,
0,Luc Longley,1991-92,23.0,['MIN' 'TOT' 'CHI' 'PHO' 'NYK'],NBA,C,76.0,68.0,29.4,4.8,10.5,0.483,0.0,0.0,0.0,4.8,10.5,0.483,0.483,1.9,2.6,0.825,2.1,4.2,6.0,2.8,0.9,1.4,2.2,3.6,11.4,1,24.0,19.0,8.0,5.0,7.0,22.0,['NMEXICO'],https://www.basketball-reference.com/req/202106291/images/headshots/longllu01.jpg,0,3,0,7,1991,
0,Oliver Lafayette,2009-10,25.0,['BOS'],NBA,SG,1.0,0.0,22.0,3.0,6.0,0.5,1.0,2.0,0.5,2.0,4.0,0.5,0.583,0.0,0.0,,1.0,3.0,4.0,2.0,0.0,0.0,1.0,0.0,7.0,0,7.0,4.0,2.0,,,6.0,['HOUSTON'],,0,0,0,,,
0,Goose Ligon,1967-68,23.0,['KEN' 'TOT' 'PTC' 'VIR'],ABA,PF,84.0,,37.5,6.0,12.1,0.563,0.1,0.1,0.5,6.0,12.0,0.563,0.563,5.2,7.6,0.76,4.8,8.3,13.0,2.5,0.5,0.5,2.6,4.3,16.2,1,35.0,27.0,6.0,,,,,,1,0,0,,,
0,Tony Lavelli,1949-50,23.0,['BOS' 'NYK'],NBA,,56.0,,,2.9,7.8,0.372,,,,,,,,3.0,3.5,0.854,,,2.0,0.8,,,,1.9,8.8,0,28.0,,4.0,,,,['YALE'],,0,0,0,4,1949,
0,Jerry Lucas,1962-63,22.0,['CIN' 'TOT' 'SFW' 'NYK'],Did Not Play (contractual issues),Did Not Play (contractual issues),82.0,,44.5,8.7,19.3,0.551,,,,,,,,4.5,5.5,0.814,0.8,4.3,21.1,4.5,0.4,0.3,,3.8,21.5,1,41.0,40.0,12.0,2.0,2.0,,['OHIOST'],https://www.basketball-reference.com/req/202106291/images/headshots/lucasje01.jpg,7,1,0,6,1962,9.0
0,Kalin Lucas,2014-15,25.0,['MEM' 'DET'],NBA,PG,1.0,0.0,6.0,0.0,1.0,0.0,0.0,1.0,0.0,0.0,1.0,0.0,0.0,2.0,2.0,1.0,0.0,3.0,3.0,1.0,1.0,0.0,0.0,1.0,2.0,0,2.0,3.0,1.0,1.0,,2.5,['MICHIGANST'],https://www.basketball-reference.com/req/202106291/images/headshots/lucaska01.jpg,0,0,0,,,
0,Gene Littles,1969-70,26.0,['CAR' 'KEN'],ABA,PG,84.0,,34.5,5.0,10.0,0.507,0.1,0.4,0.286,5.0,9.9,0.51,0.507,2.6,3.4,0.776,1.9,3.2,5.1,3.4,1.4,0.2,1.9,3.1,12.5,0,34.0,12.0,11.0,1.0,1.0,4.0,,,0,1,0,11,1969,1.0
0,Andrew Lang,1988-89,22.0,['PHO' 'PHI' 'ATL' 'TOT' 'MIN' 'MIL' 'CHI' 'NYK'],NBA,C,82.0,71.0,35.6,5.5,12.1,0.577,0.1,0.1,0.667,5.5,12.1,0.58,0.577,1.9,2.3,0.809,2.2,4.6,6.7,1.2,0.7,2.5,1.8,3.8,12.9,1,29.0,20.0,4.0,4.0,8.0,26.4,['ARKANSAS'],,0,0,0,3,1988,
0,Damian Lillard,2012-13,22.0,['POR'],NBA,PG,82.0,82.0,38.6,9.6,20.7,0.463,4.2,11.3,0.401,6.0,12.1,0.574,0.564,8.8,9.6,0.928,0.9,4.3,4.9,8.0,1.2,0.4,3.3,2.4,32.2,0,71.0,18.0,16.0,6.0,4.0,57.6,['WEBERST'],https://www.basketball-reference.com/req/202106291/images/headshots/lillada01.jpg,7,0,0,6,2012,3.0
0,Jalen Lecque,2019-20,19.0,['PHO' 'IND'],NBA,SG,5.0,0.0,6.4,0.8,2.3,0.4,0.0,0.8,0.0,0.8,2.0,0.667,0.4,0.8,0.8,1.0,0.5,0.8,1.3,0.5,0.0,0.0,0.4,0.6,2.0,0,4.0,2.0,1.0,,,3.7,,https://www.basketball-reference.com/req/202106291/images/headshots/lecquja01.jpg,0,0,0,,,
0,Bob Love,1966-67,24.0,['CIN' 'TOT' 'MIL' 'CHI' 'NYN' 'SEA'],NBA,PF,82.0,,43.0,10.4,23.5,0.466,,,,,,,,6.3,7.6,0.872,2.7,4.7,8.7,2.3,1.0,0.3,,3.4,25.8,1,49.0,18.0,8.0,5.0,2.0,,,https://www.basketball-reference.com/req/202106291/images/headshots/lovebo01.jpg,3,0,0,7,1965,
0,Reggie Lewis,1987-88,22.0,['BOS'],NBA,SG,82.0,82.0,39.3,8.6,17.6,0.503,0.2,0.8,0.267,8.5,16.9,0.507,0.505,4.1,4.7,0.867,1.5,3.7,5.2,3.7,1.5,1.3,1.9,3.2,20.8,0,42.0,12.0,12.0,5.0,5.0,38.9,['NEASTERN'],https://www.basketball-reference.com/req/202106291/images/headshots/lewisre01.jpg,1,0,0,22,1987,
0,Saben Lee,2020-21,21.0,['DET' 'TOT' 'PHI' 'PHO'],NBA,PG,48.0,7.0,16.3,2.1,5.1,0.75,0.5,1.6,0.379,1.9,3.9,1.0,0.75,1.8,2.5,0.789,0.6,1.9,2.4,3.6,1.0,0.3,1.5,1.6,6.3,1,25.0,9.0,12.0,4.0,2.0,22.9,['VANDY'],https://www.basketball-reference.com/req/202106291/images/headshots/leesa01.jpg,0,0,0,8,2020,
0,Raef LaFrentz,1998-99,22.0,['DEN' 'TOT' 'DAL' 'BOS' 'POR'],NBA,C,82.0,80.0,32.7,6.0,12.9,0.518,1.5,3.5,0.434,4.5,9.5,0.583,0.563,3.0,4.0,0.811,2.8,5.8,7.9,1.4,0.9,3.0,1.3,4.0,14.9,1,32.0,20.0,7.0,4.0,9.0,38.7,['KANSAS'],https://www.basketball-reference.com/req/202106291/images/headshots/lafrera01.jpg,0,0,0,3,1998,
0,Fred LaCour,1960-61,22.0,['STL' 'SFW'],NBA,SF,73.0,,20.6,3.2,7.3,0.429,,,,,,,,1.5,1.8,0.815,,,3.7,2.3,,,,2.3,7.8,0,28.0,15.0,7.0,,,,['SANFRAN'],,0,0,0,6,1960,
0,Al Lujack,1946-47,26.0,['WSC'],BAA,,5.0,,,0.2,1.6,0.125,,,,,,,,0.4,1.0,0.4,,,,0.0,,,,1.2,0.8,0,2.0,,,,,,,,0,0,0,,,
0,Bob Lavoy,1950-51,24.0,['INO' 'TOT' 'MLH' 'SYR'],NBA,PF,70.0,,33.2,3.8,9.8,0.444,,,,,,,,2.7,3.5,0.753,,,7.6,1.9,,,,3.9,10.3,1,31.0,13.0,5.0,,,,['WKENTUCKY'],,0,0,0,9,1950,
0,Edgar Lacey,1968-69,24.0,['LAS'],ABA,SF,46.0,,13.2,2.1,4.8,0.447,0.0,0.0,0.0,2.1,4.7,0.452,0.447,0.8,1.5,0.567,1.5,2.4,3.9,0.7,,,1.4,2.0,5.1,0,19.0,10.0,4.0,,,,['UCLA'],,0,0,0,9,1967,
0,Ralph Lewis,1987-88,24.0,['DET' 'CHH' 'TOT'],NBA,SG,50.0,0.0,8.0,1.4,2.9,0.667,0.0,0.1,0.333,1.4,2.8,0.667,0.667,0.7,1.0,1.0,1.3,0.7,2.0,0.4,0.3,0.1,0.6,0.7,3.3,1,17.0,6.0,3.0,2.0,2.0,12.2,['LASALLE'],,0,0,0,23,1985,
0,Ty Lawson,2009-10,22.0,['DEN' 'TOT' 'HOU' 'IND' 'SAC'],NBA,PG,80.0,75.0,35.8,6.1,13.3,0.515,1.2,3.3,0.41,5.0,10.1,0.544,0.559,5.2,6.5,0.824,0.9,2.8,3.7,9.6,1.6,0.2,3.2,1.8,17.6,1,37.0,10.0,18.0,8.0,2.0,36.9,['UNC'],https://www.basketball-reference.com/req/202106291/images/headshots/lawsoty01.jpg,0,0,0,18,2009,1.0
0,Jerome Lane,1988-89,22.0,['DEN' 'TOT' 'IND' 'MIL' 'CLE'],NBA,PF,67.0,46.0,22.3,3.3,7.4,1.0,0.0,0.1,0.25,3.2,7.4,1.0,1.0,0.9,2.3,0.5,4.5,4.8,9.3,2.0,0.8,0.3,1.7,3.1,7.5,1,22.0,25.0,7.0,4.0,2.0,20.0,['PITT'],,0,0,0,23,1988,
0,Harry Laurie,1970-71,26.0,['PTC'],ABA,,9.0,,6.3,0.3,1.3,0.25,0.0,0.0,,0.3,1.3,0.25,0.25,0.8,1.2,0.636,0.8,0.9,1.7,0.9,,,1.1,1.8,1.4,0,4.0,3.0,,,,,['LOYOLACHI' 'STPETERS'],,0,0,0,6,1968,
0,Timothé Luwawu-Cabarrot,2016-17,21.0,['PHI' 'TOT' 'OKC' 'CHI' 'BRK' 'ATL'],NBA,SF,69.0,19.0,18.8,2.5,6.1,0.435,1.3,4.1,0.388,1.4,2.9,0.505,0.55,1.5,1.8,0.854,0.6,2.5,2.7,1.2,0.6,0.2,1.1,2.3,7.8,1,26.0,10.0,5.0,4.0,2.0,20.2,,https://www.basketball-reference.com/req/202106291/images/headshots/luwawti01.jpg,0,0,0,24,2016,
0,John Lucas III,2005-06,23.0,['HOU' 'CHI' 'TOR' 'UTA' 'DET' 'MIN'],NBA,PG,63.0,6.0,14.8,2.9,7.3,0.404,1.1,2.9,0.393,1.8,4.4,0.5,0.476,0.6,1.0,1.0,0.4,1.1,1.6,2.9,0.4,0.0,0.9,1.0,7.5,0,25.0,8.0,9.0,4.0,1.0,22.8,['BAYLOR' 'OKSTATE'],https://www.basketball-reference.com/req/202106291/images/headshots/lucasjo02.jpg,0,0,0,,,
0,Martin Lewis,1995-96,20.0,['TOR'],NBA,SF,16.0,0.0,11.8,1.8,3.8,0.483,0.1,0.4,0.333,1.7,3.3,0.509,0.5,0.9,1.6,0.6,0.9,0.9,1.8,0.4,0.5,0.2,0.9,1.3,4.7,0,17.0,5.0,1.0,2.0,2.0,12.4,['BUTLERCOCC' 'SEWARDCCC'],,0,0,0,21,1995,
0,Jake Layman,2016-17,22.0,['POR' 'MIN'],NBA,SF,71.0,33.0,22.0,3.5,7.8,0.509,1.0,3.1,0.333,2.5,4.7,0.646,0.579,1.0,1.4,0.765,0.8,2.3,3.1,0.7,0.7,0.4,1.0,2.0,9.1,0,25.0,11.0,4.0,5.0,4.0,22.3,['MARYLAND'],https://www.basketball-reference.com/req/202106291/images/headshots/laymaja01.jpg,0,0,0,17,2016,
0,Acie Law,2007-08,23.0,['ATL' 'TOT' 'GSW' 'CHA' 'CHI' 'MEM'],NBA,PG,56.0,6.0,15.8,2.0,4.2,0.643,0.3,1.0,0.333,1.8,3.6,0.727,0.679,2.4,3.0,0.857,0.3,1.1,1.3,2.0,1.2,0.1,1.0,1.3,6.2,1,22.0,6.0,8.0,5.0,1.0,21.2,['TEXASAM'],https://www.basketball-reference.com/req/202106291/images/headshots/lawac01.jpg,0,0,0,11,2007,
0,Hal Lear,1956-57,22.0,['PHW'],NBA,,3.0,,4.7,0.7,2.0,0.333,,,,,,,,0.0,0.0,,,,0.3,0.3,,,,1.0,1.3,0,4.0,1.0,1.0,,,,['TEMPLE'],,0,0,0,8,1956,
0,Keith Langford,2007-08,24.0,['SAS'],NBA,SG,2.0,0.0,5.0,0.5,2.0,0.25,0.0,0.0,,0.5,2.0,0.25,0.25,0.0,0.0,,0.0,1.0,1.0,0.0,0.0,0.0,0.0,0.5,1.0,0,2.0,2.0,,,,0.9,['KANSAS'],,0,0,0,,,
0,Nicolás Laprovíttola,2016-17,27.0,['SAS'],NBA,PG,18.0,3.0,9.7,1.1,2.6,0.426,0.6,1.5,0.37,0.6,1.1,0.5,0.532,0.5,0.5,1.0,0.1,0.5,0.6,1.6,0.2,0.1,1.1,1.1,3.3,0,11.0,4.0,5.0,2.0,1.0,11.2,,https://www.basketball-reference.com/req/202106291/images/headshots/laproni01.jpg,0,0,0,,,
0,Kurk Lee,1990-91,23.0,['NJN'],NBA,PG,48.0,0.0,5.5,0.4,1.5,0.268,0.1,0.3,0.2,0.3,1.2,0.286,0.289,0.5,0.6,0.893,0.1,0.5,0.6,0.7,0.2,0.0,0.4,0.8,1.4,0,8.0,4.0,6.0,2.0,1.0,8.0,['WKENTUCKY' 'TOWSON'],,0,0,0,,,
0,Stan Love,1971-72,22.0,['BAL' 'LAL' 'TOT' 'SAA'],NBA,PF,74.0,,17.9,3.3,7.2,0.451,0.0,0.0,,3.3,7.2,0.451,0.451,1.6,2.2,0.79,1.1,2.3,4.6,0.9,0.5,0.4,0.5,2.7,7.9,1,28.0,13.0,6.0,3.0,4.0,,['OREGON'],,0,0,0,9,1971,
0,James Lang,2006-07,23.0,['WAS'],NBA,C,11.0,0.0,5.0,0.4,0.8,0.444,0.0,0.0,,0.4,0.8,0.444,0.444,0.3,0.5,0.6,0.5,0.5,1.0,0.2,0.0,0.3,0.2,1.3,1.0,0,7.0,4.0,2.0,,3.0,7.9,,,0,0,0,19,2003,
