,Name,Season,Age,Tm,Lg,Pos,G,GS,MP,FG,FGA,FG%,FT,FTA,FT%,TRB,AST,PF,PTS,MidSeasonTrade,"Career high, Points","Career high, Rebounds","Career high, Assists",College,Image URL,All Star Games,Championships,HOF,Pick #,Draft Year,3P,3PA,3P%,2P,2PA,2P%,eFG%,ORB,DRB,STL,BLK,TOV,"Career high, Steals","Career high, Game Score","Career high, Blocks",Triple-Doubles
0,John Oldham,1949-50,26.0,['FTW'],NBA,,68.0,,,2.9,8.8,0.333,2.5,4.3,0.71,3.6,1.9,3.6,8.4,0,23.0,6.0,4.0,['WKENTUCKY'],,0,0,0,3,1949,,,,,,,,,,,,,,,,
0,Daniel Ochefu,2016-17,23.0,['WAS'],NBA,C,19.0,0.0,3.9,0.6,1.4,0.444,0.0,0.1,0.0,1.2,0.2,0.9,1.3,0,8.0,3.0,1.0,['VILLANOVA'],https://www.basketball-reference.com/req/202106291/images/headshots/ochefda01.jpg,0,0,0,,,0.0,0.0,,0.6,1.4,0.444,0.444,0.3,0.9,0.1,0.0,0.2,1.0,8.4,,
0,Mike O'Neill,1952-53,24.0,['MLH'],NBA,SF,4.0,,12.5,1.0,4.3,0.235,1.0,1.0,1.0,2.3,0.8,2.5,3.0,0,9.0,,,['CALIFORNIA'],,0,0,0,,,,,,,,,,,,,,,,,,
0,Frank Oleynick,1975-76,20.0,['SEA'],NBA,SG,52.0,,12.5,2.4,6.1,0.402,1.0,1.5,0.736,0.9,1.2,1.2,5.9,0,22.0,4.0,5.0,['SEATTLE'],,0,0,0,12,1975,,,,,,,,0.3,0.7,0.4,0.1,,3.0,-1.8,2.0,
0,Charles Oakley,1985-86,22.0,['CHI' 'NYK' 'TOR' 'WAS' 'HOU'],NBA,PF,82.0,82.0,36.3,5.7,12.8,0.524,3.6,4.7,0.851,13.1,3.6,3.8,14.6,0,35.0,35.0,15.0,['VAUNION'],https://www.basketball-reference.com/req/202106291/images/headshots/oaklech01.jpg,1,0,0,9,1985,0.2,0.6,0.367,5.6,12.5,0.527,0.524,4.3,9.5,1.6,0.6,3.6,5.0,39.3,6.0,3.0
0,Dean Oliver,2001-02,23.0,['GSW'],NBA,PG,20.0,0.0,7.0,0.9,2.3,0.37,0.5,0.5,0.875,1.1,1.5,0.8,2.1,0,15.0,5.0,6.0,['IOWA'],,0,0,0,,,0.1,0.7,0.167,0.8,1.7,0.455,0.391,0.5,0.5,0.5,0.0,0.7,2.0,12.9,,
0,Doug Overton,1992-93,23.0,['WSB' 'DEN' 'PHI' 'TOT' 'ORL' 'NJN' 'BOS' 'CHH' 'LAC'],NBA,PG,82.0,20.0,26.3,3.4,7.8,1.0,1.5,1.8,1.0,2.4,4.4,2.1,8.1,1,30.0,8.0,18.0,['LASALLE'],,0,0,0,13,1991,0.8,2.7,0.5,3.3,6.9,1.0,1.0,0.8,1.9,0.7,0.1,1.9,6.0,25.3,1.0,
0,Kevin O'Shea,1950-51,25.0,['MNL' 'TOT' 'MLH' 'BLB'],NBA,,65.0,,29.5,2.8,7.5,0.376,3.2,4.4,0.724,3.6,3.2,2.9,8.7,1,19.0,5.0,7.0,['NOTREDAME'],,0,0,0,11,1950,,,,,,,,,,,,,,,,
0,Keith Owens,1991-92,22.0,['LAL'],NBA,SF,20.0,0.0,4.0,0.5,1.6,0.281,0.4,0.5,0.8,0.8,0.2,0.6,1.3,0,8.0,4.0,1.0,['UCLA'],,0,0,0,,,0.0,0.0,,0.5,1.6,0.281,0.281,0.4,0.4,0.3,0.2,0.1,2.0,8.6,1.0,
0,Jahlil Okafor,2015-16,20.0,['PHI' 'TOT' 'BRK' 'NOP' 'DET'],NBA,C,59.0,48.0,30.0,7.5,14.7,0.623,2.5,3.7,0.76,7.0,1.2,3.5,17.5,1,31.0,17.0,6.0,['DUKE'],https://www.basketball-reference.com/req/202106291/images/headshots/okafoja01.jpg,0,0,0,3,2015,0.1,0.3,0.333,7.5,14.6,0.656,0.627,2.3,4.7,0.4,1.2,2.3,3.0,26.8,6.0,
0,Don Ohl,1960-61,24.0,['DET' 'BAL' 'TOT' 'STL' 'ATL'],NBA,SG,80.0,,37.0,8.1,18.3,0.473,4.8,6.1,0.806,4.4,4.1,3.6,20.6,1,43.0,15.0,10.0,['ILLINOIS'],,5,0,0,5,1958,,,,,,,,,,,,,,,,
0,Tom Owens,1971-72,22.0,['TOT' 'MMP' 'CAR' 'SSL' 'MMS' 'KEN' 'INA' 'SAA' 'HOU' 'POR' 'IND' 'DET'],ABA,C,83.0,40.0,34.0,7.3,13.4,0.548,3.9,4.9,0.801,11.4,3.7,4.0,18.5,1,41.0,23.0,9.0,['SCAROLINA'],https://www.basketball-reference.com/req/202106291/images/headshots/owensto01.jpg,0,0,0,7,1971,0.0,0.1,0.5,7.3,13.4,0.548,0.548,3.7,7.7,0.7,1.0,3.0,4.0,38.8,5.0,
0,J.J. O'Brien,2015-16,23.0,['UTA'],NBA,SF,2.0,0.0,3.0,0.0,0.5,0.0,0.0,0.0,,0.5,0.0,0.5,0.0,0,,1.0,,['UTAH' 'SANDIEGOST'],https://www.basketball-reference.com/req/202106291/images/headshots/obriejj01.jpg,0,0,0,,,0.0,0.0,,0.0,0.5,0.0,0.0,0.0,0.5,0.5,0.0,0.0,1.0,0.9,,
0,John Olive,1978-79,23.0,['SDC'],NBA,SF,34.0,,15.0,0.4,2.0,0.325,0.5,0.7,0.783,1.0,0.1,2.0,1.3,0,7.0,3.0,2.0,['VILLANOVA'],,0,0,0,20,1977,0.0,0.0,,0.4,2.0,0.325,0.325,0.1,1.0,0.1,0.0,2.0,1.0,1.7,,
0,Jawann Oldham,1980-81,23.0,['DEN' 'HOU' 'CHI' 'NYK' 'SAC' 'TOT' 'ORL' 'LAL' 'IND'],NBA,C,64.0,47.0,24.5,3.2,6.2,0.667,1.1,1.8,0.68,5.9,0.7,4.0,7.4,1,19.0,15.0,4.0,['SEATTLE'],,0,0,0,18,1980,0.0,0.0,0.0,3.2,6.2,0.667,0.667,2.2,4.1,0.7,2.6,1.7,3.0,20.7,7.0,
0,Gene Ollrich,1949-50,27.0,['WAT'],NBA,,14.0,,,1.2,5.1,0.236,0.7,1.0,0.714,,1.7,2.4,3.1,0,8.0,,,['DRAKE'],,0,0,0,,,,,,,,,,,,,,,,,,
0,Greg Ostertag,1995-96,22.0,['UTA' 'SAC'],NBA,C,81.0,74.0,27.9,2.7,5.6,0.518,1.8,2.7,0.678,7.4,1.6,3.0,7.3,0,25.0,21.0,6.0,['KANSAS'],https://www.basketball-reference.com/req/202106291/images/headshots/ostergr01.jpg,0,0,0,28,1995,0.0,0.1,0.5,2.7,5.6,0.52,0.518,2.8,5.1,0.4,2.7,1.3,3.0,22.5,11.0,
0,Andy O'Donnell,1949-50,24.0,['BLB'],NBA,,25.0,,,1.5,4.3,0.352,0.6,0.7,0.778,,0.7,1.3,3.6,0,13.0,,2.0,['LOYOLAMD'],,0,0,0,,,,,,,,,,,,,,,,,,
0,Miye Oni,2019-20,22.0,['UTA'],NBA,SF,54.0,1.0,10.9,1.2,3.2,0.375,0.4,0.5,0.833,1.7,0.5,1.1,3.5,0,14.0,7.0,3.0,['YALE'],https://www.basketball-reference.com/req/202106291/images/headshots/onimi01.jpg,0,0,0,28,2019,0.7,1.9,0.368,0.5,1.3,1.0,0.505,0.5,1.2,0.4,0.2,0.4,1.0,11.4,3.0,
0,José Ortiz,1988-89,25.0,['UTA'],NBA,PF,51.0,15.0,6.4,1.5,3.2,0.452,0.6,1.0,0.6,1.2,0.5,1.2,3.2,0,15.0,6.0,4.0,['OREGONST'],,0,0,0,15,1987,0.1,0.2,0.5,1.4,3.1,0.45,0.464,0.6,0.5,0.2,0.1,0.7,1.0,10.6,2.0,
0,Elie Okobo,2018-19,21.0,['PHO'],NBA,PG,55.0,16.0,18.1,2.2,5.5,0.398,0.9,1.3,0.787,1.8,2.4,2.1,5.7,0,19.0,7.0,11.0,,https://www.basketball-reference.com/req/202106291/images/headshots/okoboel01.jpg,0,0,0,1,2018,0.7,2.5,0.352,1.4,3.0,0.475,0.467,0.3,1.6,0.6,0.1,1.3,5.0,16.0,2.0,
0,Wally Osterkorn,1951-52,23.0,['SYR'],NBA,SF,70.0,,30.9,2.9,8.4,0.351,3.0,5.2,0.631,7.0,2.2,3.4,8.8,0,25.0,17.0,8.0,,,0,1,0,6,1950,,,,,,,,,,,,,,,,
0,Fran O'Hanlon,1970-71,22.0,['FLO'],ABA,,14.0,,7.2,0.6,1.6,0.364,0.4,0.6,0.667,0.3,0.9,1.3,1.6,0,8.0,,1.0,['VILLANOVA'],,0,0,0,12,1970,0.0,0.1,0.0,0.6,1.5,0.381,0.364,0.1,0.1,,,1.6,,,,
0,Jimmy O'Brien,1971-72,21.0,['TOT' 'PTC' 'KEN' 'SDA'],ABA,PG,84.0,,25.8,3.5,8.8,0.419,1.6,1.8,0.88,2.6,5.6,2.3,8.6,1,25.0,9.0,16.0,,,0,0,0,2,1971,0.2,0.7,0.333,3.3,8.2,0.427,0.433,0.7,1.9,1.1,0.0,2.4,4.0,12.1,1.0,
0,Michael Olowokandi,1998-99,23.0,['LAC' 'MIN' 'TOT' 'BOS'],NBA,C,82.0,82.0,38.0,5.2,12.1,0.456,1.9,2.9,0.667,9.1,1.3,3.8,12.3,1,30.0,20.0,4.0,['PACIFIC'],,0,0,0,1,1998,0.0,0.0,,5.2,12.1,0.456,0.456,2.7,7.5,0.7,2.2,2.7,3.0,27.5,7.0,
0,KZ Okpala,2019-20,20.0,['MIA' 'SAC'],NBA,PF,37.0,9.0,12.1,1.4,3.3,0.6,0.4,0.5,0.875,2.0,0.7,1.6,3.7,0,17.0,9.0,2.0,['STANFORD'],https://www.basketball-reference.com/req/202106291/images/headshots/okpalkz01.jpg,0,0,0,2,2019,0.4,1.4,0.346,1.0,2.0,0.75,0.6,0.6,1.4,0.4,0.3,0.4,2.0,16.2,3.0,
0,Barry Orms,1968-69,22.0,['BAL' 'TOT' 'INA' 'PTP'],NBA,PG,77.0,,28.6,3.8,9.6,0.425,2.0,3.7,0.654,4.6,1.8,3.3,9.6,1,32.0,13.0,5.0,['STLOUIS'],,0,0,0,4,1968,0.1,0.3,0.217,3.7,9.3,0.459,0.425,1.9,2.7,,,2.1,,,,
0,Ed O'Bannon,1995-96,23.0,['NJN' 'TOT' 'DAL'],NBA,SG,64.0,29.0,19.6,2.4,6.3,0.39,1.2,1.7,0.917,2.6,1.0,1.7,6.2,1,19.0,11.0,5.0,['UCLA'],,0,0,0,9,1995,0.4,1.3,0.283,2.3,5.4,0.424,0.408,1.0,1.6,0.7,0.2,1.0,4.0,19.9,2.0,
0,Lamar Odom,1999-00,20.0,['LAC' 'MIA' 'LAL' 'DAL'],NBA,SF,82.0,80.0,40.3,6.3,14.1,0.53,4.3,5.7,0.777,10.6,5.9,3.8,17.2,0,34.0,22.0,12.0,['RHODEISLE'],https://www.basketball-reference.com/req/202106291/images/headshots/odomla01.jpg,0,2,0,4,1999,1.1,3.3,0.382,5.3,11.5,0.566,0.568,2.6,8.1,1.2,1.6,3.5,6.0,32.7,9.0,12.0
0,Hakeem Olajuwon,1984-85,22.0,['HOU' 'TOR'],NBA,C,82.0,82.0,41.0,11.2,21.5,0.538,5.6,8.0,0.787,14.0,3.6,4.2,27.8,0,52.0,25.0,12.0,['HOUSTON'],https://www.basketball-reference.com/req/202106291/images/headshots/olajuha01.jpg,12,2,1,1,1984,0.1,0.3,0.421,11.1,21.2,0.538,0.538,5.4,10.4,2.6,4.6,3.9,8.0,46.7,12.0,14.0
0,Bud Ogden,1969-70,23.0,['PHI'],NBA,SF,47.0,,7.6,1.7,3.7,0.477,0.7,1.0,0.692,1.8,0.7,1.3,4.1,0,16.0,6.0,3.0,['SANTACLARA'],,0,0,0,2,1968,,,,,,,,,,,,,,,,
0,Chinanu Onuaku,2016-17,20.0,['HOU'],NBA,C,5.0,1.0,22.0,2.0,5.0,0.714,0.8,0.8,1.0,4.0,1.0,4.0,4.0,0,6.0,6.0,1.0,['LOUISVILLE'],https://www.basketball-reference.com/req/202106291/images/headshots/onuakch01.jpg,0,0,0,7,2016,0.0,0.0,,2.0,5.0,0.714,0.714,1.0,3.0,0.6,0.2,3.0,1.0,8.0,1.0,
0,Jim Owens,1973-74,23.0,['PHO'],NBA,SF,41.0,,10.5,1.4,3.5,0.538,0.6,0.8,0.786,1.0,1.2,0.7,3.1,0,12.0,5.0,7.0,['ARIZONAST'],,0,0,0,8,1973,,,,,,,,0.2,0.9,0.4,0.0,,2.0,,1.0,
0,Royce O'Neale,2017-18,24.0,['UTA' 'BRK'],NBA,SF,82.0,77.0,31.7,3.0,7.8,0.475,0.9,1.1,0.848,6.8,3.7,3.1,8.8,0,20.0,15.0,11.0,['DENVER' 'BAYLOR'],https://www.basketball-reference.com/req/202106291/images/headshots/onealro01.jpg,0,0,0,,,2.1,5.5,0.389,1.2,2.4,0.609,0.591,1.2,5.6,1.1,0.6,1.5,6.0,23.3,4.0,1.0
0,Johnny Orr,1949-50,22.0,['TOT' 'STB' 'WAT'],NBA,,34.0,,,1.8,5.5,0.362,0.5,0.5,0.857,,1.1,1.2,4.0,1,12.0,,3.0,,,0,0,0,5,1948,,,,,,,,,,,,,,,,
0,Olumide Oyedeji,2000-01,19.0,['SEA' 'ORL'],NBA,C,36.0,3.0,7.4,0.6,1.2,0.537,0.3,0.5,0.75,2.2,0.2,1.3,1.5,0,10.0,14.0,2.0,,,0,0,0,13,2000,0.0,0.0,,0.6,1.2,0.537,0.537,0.8,1.5,0.2,0.3,0.4,2.0,9.7,2.0,
0,Daniel Oturu,2020-21,21.0,['LAC' 'TOR'],NBA,C,30.0,0.0,9.0,1.0,2.0,0.5,1.0,1.7,0.75,1.7,0.3,0.8,3.0,0,13.0,12.0,2.0,['MINNESOTA'],https://www.basketball-reference.com/req/202106291/images/headshots/oturuda01.jpg,0,0,0,3,2020,0.0,0.3,0.2,1.0,1.7,0.6,0.5,0.7,1.3,0.1,0.7,0.3,2.0,7.6,2.0,
0,Josh Okogie,2018-19,20.0,['MIN' 'PHO'],NBA,SG,74.0,52.0,25.0,2.7,6.9,0.427,2.5,3.1,0.796,4.3,1.6,2.2,8.6,0,28.0,11.0,6.0,['GATECH'],https://www.basketball-reference.com/req/202106291/images/headshots/okogijo01.jpg,0,0,0,20,2018,0.9,2.9,0.335,2.1,4.0,0.529,0.479,1.5,2.9,1.2,0.5,1.4,5.0,26.1,4.0,
0,Mike O'Koren,1980-81,22.0,['NJN' 'WSB'],NBA,SF,80.0,32.0,31.3,4.8,9.7,0.563,1.7,2.7,0.714,6.1,3.2,3.1,11.4,0,28.0,16.0,10.0,['UNC'],,0,0,0,6,1980,0.2,0.5,0.381,4.7,9.4,0.6,0.563,2.3,3.8,1.1,0.5,1.8,4.0,33.5,2.0,
0,Alan Ogg,1990-91,23.0,['MIA' 'TOT' 'MIL' 'WSB'],NBA,C,43.0,1.0,8.7,1.1,3.0,0.548,0.7,0.7,1.0,2.0,1.3,2.0,2.7,1,11.0,7.0,2.0,['UAB'],,0,0,0,,,0.0,0.1,0.0,1.1,3.0,0.548,0.548,0.7,1.7,0.3,1.0,1.0,2.0,10.1,4.0,
0,Patrick O'Bryant,2006-07,20.0,['GSW' 'TOT' 'BOS' 'TOR'],NBA,C,39.0,3.0,11.3,2.2,4.1,0.552,0.7,1.1,0.667,2.5,0.6,2.5,4.7,1,16.0,7.0,4.0,['BRADLEY'],https://www.basketball-reference.com/req/202106291/images/headshots/obryapa01.jpg,0,0,0,9,2006,0.0,0.2,0.0,2.2,3.9,0.571,0.552,0.5,2.0,0.4,0.8,0.7,3.0,10.9,4.0,
0,Emeka Okafor,2004-05,22.0,['CHA' 'NOH' 'WAS' 'NOP'],NBA,PF,82.0,82.0,35.6,6.1,13.7,0.573,3.2,4.8,0.818,11.3,1.2,3.4,15.1,0,30.0,25.0,5.0,['UCONN'],https://www.basketball-reference.com/req/202106291/images/headshots/okafoem01.jpg,0,0,0,2,2004,0.0,0.0,0.0,6.1,13.7,0.574,0.573,3.9,7.6,0.9,2.6,2.0,5.0,32.0,10.0,
0,Chris Owens,2002-03,23.0,['MEM'],NBA,SF,1.0,0.0,6.0,2.0,3.0,0.667,0.0,0.0,,1.0,0.0,0.0,4.0,0,4.0,1.0,,['TULANE' 'TEXAS'],,0,0,0,19,2002,0.0,0.0,,2.0,3.0,0.667,0.667,1.0,0.0,0.0,0.0,1.0,,2.4,,
0,Claude Overton,1952-53,25.0,['PHW'],NBA,SG,15.0,,12.1,1.3,5.0,0.253,1.3,2.0,0.667,1.7,1.0,1.7,3.9,0,25.0,4.0,3.0,,,0,0,0,5,1950,,,,,,,,,,,,,,,,
0,Dermie O'Connell,1948-49,20.0,['BOS' 'TOT' 'STB'],BAA,,61.0,,,4.1,15.0,0.276,1.4,2.7,0.569,,3.1,1.9,9.7,1,19.0,,5.0,,,0,0,0,,,,,,,,,,,,,,,,,,
0,Eddie Owens,1977-78,24.0,['BUF'],NBA,SF,8.0,,7.9,1.1,2.6,0.429,0.4,0.8,0.5,1.3,0.6,1.1,2.6,0,8.0,6.0,2.0,['UNLV'],,0,0,0,9,1977,,,,,,,,0.6,0.6,0.1,0.0,0.4,1.0,8.2,,
0,Shaquille O'Neal,1992-93,20.0,['ORL' 'LAL' 'MIA' 'TOT' 'PHO' 'CLE' 'BOS'],NBA,C,81.0,81.0,40.0,12.1,21.1,0.667,6.7,13.1,0.622,13.9,3.8,4.1,29.7,1,61.0,28.0,10.0,['LSU'],https://www.basketball-reference.com/req/202106291/images/headshots/onealsh01.jpg,15,4,1,1,1992,0.0,0.1,0.5,12.1,21.1,0.667,0.667,4.7,9.6,0.9,3.5,3.8,5.0,49.5,15.0,2.0
0,Jermaine O'Neal,1996-97,18.0,['POR' 'IND' 'TOT' 'TOR' 'MIA' 'BOS' 'PHO' 'GSW'],NBA,PF,81.0,80.0,37.6,8.8,19.4,0.529,6.7,8.9,0.835,10.5,2.6,3.9,24.3,1,55.0,21.0,7.0,,https://www.basketball-reference.com/req/202106291/images/headshots/onealje01.jpg,6,0,0,17,1996,0.1,0.3,0.333,8.8,19.3,0.53,0.529,3.1,7.9,0.9,2.8,3.0,5.0,44.0,10.0,1.0
0,Bud Olsen,1962-63,22.0,['CIN' 'TOT' 'SFW' 'SEA' 'BOS' 'DET' 'KEN'],NBA,PF,84.0,,17.4,2.8,6.5,0.479,1.8,2.5,0.738,4.5,3.0,2.8,7.5,1,24.0,13.0,7.0,['LOUISVILLE'],,0,0,0,6,1962,0.0,0.0,0.25,2.8,6.5,0.482,0.48,1.7,2.8,,,1.3,,,,
0,Ralph Ogden,1970-71,23.0,['SFW'],NBA,,32.0,,5.1,0.5,2.2,0.239,0.3,0.4,0.667,1.0,0.3,0.5,1.3,0,9.0,5.0,2.0,['SANTACLARA'],,0,0,0,2,1970,,,,,,,,,,,,,,,,
0,Travis Outlaw,2003-04,19.0,['POR' 'TOT' 'LAC' 'NJN' 'SAC'],NBA,PF,82.0,55.0,28.8,5.1,11.8,0.498,2.7,3.6,0.875,4.6,1.3,2.2,13.3,1,36.0,15.0,6.0,,https://www.basketball-reference.com/req/202106291/images/headshots/outlatr01.jpg,0,0,0,23,2003,1.2,3.2,0.4,4.6,10.5,0.502,0.506,1.2,3.4,0.9,1.1,1.3,4.0,30.1,6.0,
0,Onyeka Okongwu,2020-21,20.0,['ATL'],NBA,C,80.0,18.0,23.1,4.0,6.2,0.69,1.9,2.5,0.781,7.2,1.1,3.1,9.9,0,21.0,20.0,5.0,['USC'],https://www.basketball-reference.com/req/202106291/images/headshots/okongon01.jpg,0,0,0,6,2020,0.1,0.2,0.308,3.9,6.1,0.69,0.69,2.7,4.5,0.7,1.3,1.0,3.0,26.2,5.0,
0,Mehmet Okur,2001-02,22.0,['DET' 'UTA' 'NJN'],Did Not Play (other pro league—Turkey),Did Not Play (other pro league—Turkey),82.0,82.0,35.9,6.3,13.8,0.485,4.3,5.5,0.85,9.1,2.4,3.5,18.0,0,43.0,18.0,8.0,,https://www.basketball-reference.com/req/202106291/images/headshots/okurme01.jpg,1,1,0,9,2001,1.6,4.2,0.446,5.4,10.9,0.498,0.536,2.6,6.5,0.8,1.1,2.0,4.0,38.9,5.0,
0,John O'Boyle,1952-53,24.0,['MLH'],NBA,SG,5.0,,19.4,1.6,5.2,0.308,1.0,1.4,0.714,2.0,1.0,4.0,4.2,0,9.0,,,['COLORADOST'],,0,0,0,,,,,,,,,,,,,,,,,,
0,Brian Oliver,1990-91,22.0,['PHI' 'WSB' 'ATL'],NBA,SG,73.0,4.0,12.2,1.5,3.8,0.444,1.0,1.3,0.75,1.8,1.2,1.3,3.8,0,19.0,5.0,7.0,['GATECH'],,0,0,0,5,1990,0.1,0.2,0.278,1.5,3.8,0.444,0.444,0.6,1.2,0.5,0.1,0.7,3.0,13.8,1.0,
0,Garland O'Shields,1946-47,25.0,['CHS'],BAA,,9.0,,,0.2,1.2,0.182,0.0,0.2,0.0,,0.1,0.9,0.4,0,4.0,,,,,0,0,0,,,,,,,,,,,,,,,,,,
0,Arinze Onuaku,2013-14,26.0,['TOT' 'NOP' 'CLE' 'MIN' 'ORL'],NBA,PF,8.0,1.0,11.3,2.0,2.3,0.857,0.5,1.3,0.5,3.5,1.0,1.0,4.5,1,12.0,8.0,3.0,['SYRACUSE'],https://www.basketball-reference.com/req/202106291/images/headshots/onuakar01.jpg,0,0,0,,,0.0,0.0,,2.0,2.3,0.857,0.857,1.2,2.3,0.2,0.5,0.3,1.0,14.0,2.0,
0,Kelly Oubre Jr.,2015-16,20.0,['WAS' 'TOT' 'PHO' 'GSW' 'CHO'],NBA,SF,81.0,55.0,34.5,7.4,17.1,0.453,3.4,4.4,0.82,6.4,1.6,3.4,20.3,1,40.0,15.0,7.0,['KANSAS'],https://www.basketball-reference.com/req/202106291/images/headshots/oubreke01.jpg,0,0,0,15,2015,2.5,7.3,0.352,5.1,10.0,0.578,0.542,1.5,5.3,1.4,1.0,1.8,6.0,35.0,4.0,
0,Mac Otten,1949-50,24.0,['TOT' 'TRI' 'STB'],NBA,,59.0,,,1.0,2.8,0.353,1.3,1.8,0.682,,0.9,2.3,3.3,1,13.0,,2.0,['BOWLGREEN'],,0,0,0,,1949,,,,,,,,,,,,,,,,
0,Tim Ohlbrecht,2012-13,24.0,['HOU'],NBA,C,3.0,0.0,4.0,0.3,1.0,0.333,0.3,0.3,1.0,0.3,0.3,0.3,1.0,0,3.0,1.0,1.0,,https://www.basketball-reference.com/req/202106291/images/headshots/ohlbrti01.jpg,0,0,0,,,0.0,0.0,,0.3,1.0,0.333,0.333,0.0,0.3,0.3,0.0,1.3,1.0,2.3,,
0,Daniel Orton,2010-11,20.0,['ORL' 'OKC' 'PHI'],Did Not Play (injury—knee),Did Not Play (injury—knee),22.0,4.0,11.7,1.1,2.1,0.567,1.0,1.6,0.767,2.8,0.7,1.9,3.0,0,11.0,10.0,3.0,['KENTUCKY'],https://www.basketball-reference.com/req/202106291/images/headshots/ortonda01.jpg,0,0,0,29,2010,0.0,0.1,0.0,1.1,2.1,0.586,0.567,1.2,2.0,0.5,0.7,0.8,5.0,16.4,3.0,
0,Semi Ojeleye,2017-18,23.0,['BOS' 'TOT' 'MIL' 'LAC'],NBA,PF,73.0,15.0,17.0,1.6,3.9,0.424,1.3,1.6,0.875,2.9,0.7,1.3,4.6,1,24.0,8.0,3.0,['DUKE' 'SMETHODIST'],https://www.basketball-reference.com/req/202106291/images/headshots/ojelese01.jpg,0,0,0,7,2017,1.0,2.8,0.444,0.8,2.0,0.565,0.534,1.3,2.1,0.3,0.3,0.4,4.0,20.6,2.0,
0,Jimmy Oliver,1991-92,22.0,['CLE' 'BOS' 'TOR' 'WAS' 'PHO'],NBA,SG,44.0,8.0,12.3,2.0,4.9,0.5,0.6,0.8,1.0,2.0,1.0,1.0,5.0,0,21.0,6.0,5.0,['PURDUE'],,0,0,0,12,1991,1.0,2.0,1.0,1.7,4.1,0.5,0.625,0.3,2.0,0.5,0.1,0.8,3.0,19.4,1.0,
0,Eugene Omoruyi,2021-22,24.0,['DAL' 'TOT' 'OKC' 'DET'],NBA,SF,40.0,6.0,21.9,3.4,7.9,0.468,2.0,2.8,0.723,3.5,1.0,2.6,9.7,1,22.0,9.0,2.0,['RUTGERS' 'OREGON'],https://www.basketball-reference.com/req/202106291/images/headshots/omorueu01.jpg,0,0,0,,,1.0,3.4,0.5,2.4,4.5,0.571,0.511,1.2,2.2,0.8,0.2,1.1,4.0,16.4,2.0,
0,Fabricio Oberto,1997-98,22.0,['SAS' 'WAS' 'POR'],Did Not Play (other pro league—Argentina),Did Not Play (other pro league—Argentina),82.0,64.0,20.0,2.2,3.6,0.625,0.5,0.7,0.765,5.2,1.2,2.7,4.8,0,22.0,16.0,5.0,,https://www.basketball-reference.com/req/202106291/images/headshots/obertfa01.jpg,0,1,0,,,0.0,0.0,0.0,2.2,3.6,0.625,0.625,1.9,3.4,0.5,0.3,0.9,2.0,25.8,4.0,
0,Mark Olberding,1975-76,19.0,['TOT' 'SDS' 'SAA' 'SAS' 'CHI' 'KCK' 'SAC'],ABA,"PF,SF",82.0,81.0,39.5,6.3,13.1,0.558,4.0,5.0,0.885,9.5,4.4,4.7,15.3,1,30.0,17.0,12.0,['MINNESOTA'],https://www.basketball-reference.com/req/202106291/images/headshots/olberma01.jpg,0,0,0,,,0.0,0.2,0.167,6.3,13.1,0.561,0.558,3.2,6.4,0.9,0.6,2.5,6.0,27.5,4.0,
0,Bob O'Brien,1947-48,21.0,['PHW' 'TOT' 'STB'],BAA,,24.0,,,0.8,3.7,0.278,0.9,2.3,0.577,,0.5,1.8,2.2,1,12.0,,2.0,,,0,0,0,,,,,,,,,,,,,,,,,,
0,Victor Oladipo,2013-14,21.0,['ORL' 'OKC' 'IND' 'TOT' 'HOU' 'MIA'],NBA,PG,80.0,75.0,35.7,8.5,19.1,0.479,3.9,4.9,0.83,5.7,5.2,3.3,23.1,1,47.0,15.0,14.0,['INDIANA'],https://www.basketball-reference.com/req/202106291/images/headshots/oladivi01.jpg,2,0,0,2,2013,2.8,7.7,0.417,6.4,12.1,0.541,0.582,0.8,5.6,2.4,0.8,3.5,7.0,39.8,4.0,2.0
0,Billy Owens,1991-92,22.0,['GSW' 'MIA' 'TOT' 'SAC' 'SEA' 'PHI' 'DET'],NBA,PF,80.0,78.0,34.7,6.7,13.3,0.525,3.2,4.9,0.8,8.1,4.1,3.5,16.5,1,34.0,22.0,11.0,['SYRACUSE'],,0,0,0,3,1991,0.4,1.1,0.455,6.6,13.0,0.529,0.526,3.0,5.3,1.2,0.8,2.9,6.0,36.6,4.0,1.0
0,Ray Owes,1996-97,24.0,['GSW'],NBA,PF,57.0,1.0,10.4,1.3,3.2,0.417,0.5,0.8,0.565,2.9,0.3,1.5,3.1,0,18.0,12.0,2.0,['ARIZONA'],,0,0,0,,,0.0,0.1,0.2,1.3,3.1,0.423,0.419,1.1,1.7,0.3,0.4,0.4,2.0,15.8,2.0,
0,Chuma Okeke,2020-21,22.0,['ORL'],NBA,PF,70.0,20.0,25.2,3.1,8.2,0.417,0.8,0.9,0.846,5.0,2.2,1.5,8.6,0,26.0,11.0,7.0,['AUBURN'],https://www.basketball-reference.com/req/202106291/images/headshots/okekech01.jpg,0,0,0,16,2019,1.7,5.3,0.348,1.9,4.1,0.48,0.492,1.0,4.3,1.4,0.6,0.8,6.0,29.7,3.0,
0,Ralph O'Brien,1951-52,23.0,['INO' 'TOT' 'FTW' 'BLB'],NBA,SG,64.0,,24.6,3.6,9.6,0.417,1.9,2.3,0.877,1.9,1.9,2.1,9.0,1,26.0,4.0,6.0,['BUTLER'],,0,0,0,9,1950,,,,,,,,,,,,,,,,
0,Tariq Owens,2019-20,24.0,['PHO'],NBA,PF,3.0,0.0,5.0,0.3,1.7,0.2,0.7,0.7,1.0,1.0,0.0,0.3,1.3,0,2.0,2.0,,['TENNESSEE' 'STJOHNS' 'TXTECH'],https://www.basketball-reference.com/req/202106291/images/headshots/owensta01.jpg,0,0,0,,,0.0,0.7,0.0,0.3,1.0,0.333,0.2,0.7,0.3,0.3,0.0,0.0,1.0,1.2,,
0,Kelly Olynyk,2013-14,22.0,['BOS' 'MIA' 'TOT' 'HOU' 'DET' 'UTA'],NBA,C,79.0,68.0,31.1,6.5,11.9,0.545,4.2,5.0,0.86,8.4,4.1,3.4,19.0,1,32.0,18.0,11.0,['GONZAGA'],https://www.basketball-reference.com/req/202106291/images/headshots/olynyke01.jpg,0,0,0,13,2013,1.8,5.7,0.406,4.7,7.3,0.643,0.621,2.0,6.9,1.4,0.6,2.6,5.0,30.4,4.0,
0,Grady O'Malley,1969-70,21.0,['ATL'],NBA,,24.0,,4.7,0.9,2.5,0.35,0.3,0.8,0.421,1.1,0.4,0.5,2.1,0,8.0,5.0,3.0,['MANHATTAN'],,0,0,0,3,1969,,,,,,,,,,,,,,,,
0,Larry Owens,2010-11,28.0,['TOT' 'SAS' 'WAS' 'NJN'],NBA,SF,12.0,0.0,22.4,2.4,5.2,0.5,0.4,1.0,0.75,2.2,1.4,2.8,6.2,1,10.0,6.0,4.0,['ORALROB'],https://www.basketball-reference.com/req/202106291/images/headshots/owensla01.jpg,0,0,0,,,1.0,2.0,0.5,1.4,3.2,0.667,0.583,0.3,2.0,1.4,1.0,1.0,4.0,9.3,2.0,
0,Tommy O'Keefe,1950-51,22.0,['TOT' 'WSC' 'BLB'],NBA,,6.0,,,1.7,5.0,0.385,0.7,1.0,1.0,1.3,2.7,1.3,4.0,1,6.0,,4.0,,,0,0,0,5,1950,,,,,,,,,,,,,,,,
0,Charles O'Bannon,1997-98,22.0,['DET'],NBA,SG,30.0,1.0,9.2,1.3,3.1,0.429,0.4,0.5,1.0,1.9,0.7,1.2,3.1,0,14.0,7.0,5.0,['UCLA'],,0,0,0,3,1997,0.0,0.1,0.0,1.3,3.1,0.436,0.429,1.0,0.9,0.3,0.2,0.4,2.0,14.7,2.0,
0,Bo Outlaw,1993-94,22.0,['LAC' 'ORL' 'TOT' 'PHO' 'MEM'],NBA,SF,83.0,76.0,36.0,3.7,6.6,0.667,2.2,3.8,0.625,7.8,3.0,3.2,9.5,1,29.0,17.0,10.0,['SPLAINS' 'HOUSTON'],https://www.basketball-reference.com/req/202106291/images/headshots/outlabo01.jpg,0,0,0,,,0.0,0.1,0.5,3.7,6.6,0.667,0.667,3.1,5.1,1.4,2.2,2.1,6.0,33.1,9.0,2.0
0,Kyle O'Quinn,2012-13,22.0,['ORL' 'NYK' 'IND' 'PHI'],NBA,C,79.0,19.0,18.0,2.9,5.4,0.583,1.3,1.6,0.81,6.1,2.1,2.5,7.1,0,23.0,16.0,11.0,['NORFOLKST'],https://www.basketball-reference.com/req/202106291/images/headshots/oquinky01.jpg,0,0,0,19,2012,0.2,0.9,0.279,2.9,5.3,0.603,0.589,2.0,4.5,0.6,1.3,1.3,5.0,24.9,6.0,
0,Andre Owens,2005-06,25.0,['UTA' 'IND'],NBA,PG,31.0,7.0,12.6,1.3,3.5,0.374,0.8,1.1,0.735,1.5,1.5,1.2,4.0,0,15.0,6.0,5.0,['INDIANA' 'HOUSTON'],,0,0,0,,,0.6,1.3,0.45,1.0,2.5,0.414,0.458,0.5,1.1,0.4,0.1,0.8,2.0,14.8,1.0,
0,Matt Othick,1992-93,23.0,['SAS'],NBA,PG,4.0,0.0,9.8,0.8,1.3,0.6,0.0,0.5,0.0,0.5,1.8,1.8,2.0,0,6.0,1.0,4.0,['ARIZONA'],,0,0,0,,,0.5,1.0,0.5,0.3,0.3,1.0,0.8,0.3,0.3,0.3,0.0,1.0,1.0,3.4,,
0,Cameron Oliver,2020-21,24.0,['HOU' 'ATL'],NBA,SF,4.0,0.0,21.8,5.0,8.3,0.667,1.0,1.5,0.667,5.3,1.5,2.8,11.5,0,17.0,12.0,2.0,['NEVADA'],https://www.basketball-reference.com/req/202106291/images/headshots/oliveca01.jpg,0,0,0,,,1.0,3.3,0.333,4.5,6.0,0.75,0.7,1.3,4.0,0.5,1.0,0.8,1.0,13.8,3.0,
0,Don Otten,1949-50,28.0,['TOT' 'TRI' 'WSC' 'BLB' 'FTW' 'MLH'],NBA,C,67.0,,30.3,4.3,10.9,0.391,6.4,8.2,0.875,7.3,2.1,3.9,14.9,1,28.0,22.0,3.0,,,0,0,0,,,,,,,,,,,,,,,,,,
0,Red Owens,1949-50,24.0,['TOT' 'TRI' 'AND' 'BLB' 'MLH'],NBA,SG,61.0,,28.5,2.9,9.1,0.342,2.4,3.9,0.678,3.7,3.2,4.1,8.0,1,21.0,5.0,3.0,,,0,0,0,9,1949,,,,,,,,,,,,,,,,
0,Chuck Osborne,1961-62,23.0,['SYR'],NBA,PF,4.0,,5.3,0.3,2.0,0.125,0.8,1.0,0.75,2.3,0.3,0.8,1.3,0,3.0,4.0,1.0,,,0,0,0,5,1961,,,,,,,,,,,,,,,,
0,Buddy O'Grady,1946-47,27.0,['WSC' 'STB' 'TOT' 'PRO'],BAA,,55.0,,,1.9,6.9,0.295,1.1,1.5,0.739,,1.5,1.4,4.8,1,18.0,,1.0,,,0,0,0,,,,,,,,,,,,,,,,,,
0,Kevin Ollie,1997-98,25.0,"['TOT' 'DAL' 'ORL' 'SAC' 'PHI' 'NJN' 'CHI' 'IND' 'MIL' 'SEA' 'CLE' 'MIN'
 'OKC']",NBA,PG,82.0,23.0,26.6,2.8,6.4,0.459,2.7,3.3,1.0,2.9,3.8,1.8,8.0,1,19.0,10.0,12.0,['UCONN'],,0,0,0,,,0.0,0.1,1.0,2.8,6.4,0.464,0.461,0.4,2.4,1.1,0.1,1.5,4.0,19.7,2.0,
0,Cedi Osman,2017-18,22.0,['CLE'],NBA,SF,77.0,75.0,32.2,4.7,11.1,0.484,1.9,2.4,0.8,4.7,2.9,2.6,13.0,0,29.0,12.0,12.0,,https://www.basketball-reference.com/req/202106291/images/headshots/osmande01.jpg,0,0,0,1,2015,1.9,5.5,0.383,3.0,6.2,0.586,0.57,0.6,4.1,0.9,0.2,1.5,4.0,29.0,2.0,
0,Johnny O'Bryant,2014-15,21.0,['MIL' 'TOT' 'DEN' 'CHO'],NBA,PF,66.0,15.0,13.0,2.0,4.8,0.533,0.6,0.8,1.0,2.7,1.0,1.5,4.8,1,16.0,9.0,3.0,['LSU'],https://www.basketball-reference.com/req/202106291/images/headshots/obryajo01.jpg,0,0,0,6,2014,0.4,1.2,1.0,1.8,3.6,0.583,0.567,1.0,1.8,0.3,0.2,0.8,3.0,14.0,2.0,
0,Dick O'Keefe,1947-48,24.0,['WSC'],BAA,,68.0,,,2.4,7.8,0.306,2.2,3.0,0.739,2.2,1.5,3.6,7.0,0,24.0,7.0,3.0,,,0,0,0,9,1947,,,,,,,,,,,,,,,,
0,Louis Orr,1980-81,22.0,['IND' 'NYK'],NBA,SF,82.0,64.0,31.0,4.7,10.0,0.497,3.3,4.2,0.82,4.9,2.4,2.5,12.7,0,28.0,12.0,7.0,['SYRACUSE'],,0,0,0,6,1980,0.0,0.1,0.2,4.7,10.0,0.501,0.497,2.2,2.8,1.3,0.4,1.7,4.0,25.8,3.0,
0,Dan O'Sullivan,1990-91,22.0,['UTA' 'TOT' 'NJN' 'MIL' 'DET' 'TOR'],NBA,C,21.0,2.0,27.8,2.6,7.0,0.667,1.4,1.6,0.875,6.4,0.4,2.6,6.6,1,15.0,10.0,1.0,['FORDHAM'],,0,0,0,,,0.0,0.2,0.0,2.6,6.8,0.667,0.667,2.6,3.8,0.4,0.8,1.0,2.0,10.2,2.0,
0,Jim O'Brien,1973-74,22.0,['NYA' 'MMS'],ABA,SF,47.0,,13.0,1.9,4.3,0.433,1.0,1.4,0.783,2.6,1.7,1.2,4.9,0,23.0,9.0,6.0,['MARYLAND'],,0,1,0,2,1973,0.1,0.6,0.231,1.7,3.8,0.463,0.448,1.2,1.6,0.8,0.5,1.6,3.0,,1.0,
0,Isaac Okoro,2020-21,20.0,['CLE'],NBA,SG,76.0,67.0,32.4,3.5,8.3,0.494,1.8,2.3,0.768,3.1,1.9,2.8,9.6,0,32.0,10.0,6.0,['AUBURN'],https://www.basketball-reference.com/req/202106291/images/headshots/okorois01.jpg,0,0,0,5,2020,0.9,3.2,0.363,2.6,5.1,0.617,0.582,1.1,2.1,0.9,0.4,1.3,4.0,29.9,3.0,
0,Greg Oden,2007-08,20.0,['POR' 'MIA'],Did Not Play (injury—knee),Did Not Play (injury—knee),61.0,39.0,23.9,4.4,7.2,0.605,2.4,3.7,0.766,8.5,0.9,4.0,11.1,0,24.0,20.0,3.0,['OHIOST'],https://www.basketball-reference.com/req/202106291/images/headshots/odengr01.jpg,0,0,0,1,2007,0.0,0.0,,4.4,7.2,0.605,0.605,3.0,5.4,0.4,2.3,1.9,3.0,24.9,6.0,
