,Name,Season,Age,Tm,Lg,Pos,G,GS,MP,FG,FGA,FG%,FT,FTA,FT%,TRB,AST,PF,PTS,MidSeasonTrade,"Career high, Points",College,Image URL,All Star Games,Championships,HOF,Pick #,Draft Year,ORB,DRB,STL,BLK,TOV,"Career high, Rebounds","Career high, Assists","Career high, Steals","Career high, Game Score",3P,3PA,3P%,2P,2PA,2P%,eFG%,"Career high, Blocks",Triple-Doubles
0,Bob Shea,1946-47,22.0,['PRO'],BAA,,43.0,,,0.9,3.6,0.242,0.4,0.8,0.576,,0.1,1.0,2.2,0,12.0,,,0,0,0,,,,,,,,,,,,,,,,,,,,
0,Scott Sims,1977-78,22.0,['SAS'],NBA,PG,12.0,,7.9,0.8,2.2,0.385,0.8,1.3,0.667,1.1,1.7,1.3,2.5,0,11.0,['MISSOURI'],,0,0,0,15,1977,0.4,0.7,0.3,0.0,1.6,4.0,4.0,2.0,6.9,,,,,,,,,
0,Ken Smith,1975-76,22.0,['SAA'],ABA,SF,19.0,,8.6,1.8,4.4,0.41,0.7,0.8,0.813,1.3,0.4,1.2,4.3,0,15.0,['TULSA'],,0,0,0,11,1975,0.5,0.8,0.2,0.0,0.4,4.0,2.0,1.0,-2.8,0.1,0.3,0.2,1.7,4.1,0.423,0.416,,
0,Shea Seals,1997-98,22.0,['LAL'],NBA,SG,4.0,0.0,2.3,0.3,2.0,0.125,0.5,1.0,0.5,1.0,0.0,0.3,1.0,0,2.0,['TULSA'],,0,0,0,,,0.8,0.3,0.3,0.0,0.0,3.0,,1.0,0.9,0.0,0.8,0.0,0.3,1.3,0.2,0.125,,
0,Melvin Sanders,2005-06,25.0,['SAS'],NBA,SG,16.0,0.0,7.1,1.0,2.1,0.485,0.4,0.6,0.7,1.4,0.2,1.3,2.6,0,8.0,['SEWARDCCC' 'OKSTATE'],,0,0,0,,,0.3,1.2,0.3,0.0,0.5,5.0,1.0,2.0,7.6,0.1,0.2,0.667,0.9,1.9,0.467,0.515,,
0,Mark Sibley,1973-74,23.0,['POR'],NBA,SG,28.0,,4.4,0.7,2.0,0.357,0.2,0.3,0.857,0.9,0.5,0.8,1.6,0,8.0,['NWESTERN'],,0,0,0,12,1973,0.3,0.6,0.1,0.0,,4.0,2.0,1.0,,,,,,,,,1.0,
0,Mike Smith,2000-01,24.0,['WAS'],NBA,SF,17.0,0.0,10.6,1.1,3.5,0.322,0.6,0.9,0.625,1.3,0.6,0.5,3.0,0,11.0,['ULAMO'],,0,0,0,6,2000,0.6,0.7,0.3,0.2,0.4,3.0,3.0,1.0,8.8,0.2,1.1,0.167,0.9,2.4,0.39,0.347,1.0,
0,Willie Smith,1976-77,23.0,['CHI' 'IND' 'POR' 'CLE'],NBA,PG,62.0,,17.0,2.0,5.1,0.523,0.9,1.3,0.769,2.0,4.2,1.8,4.8,0,14.0,['MISSOURI'],,0,0,0,1,1976,0.9,1.0,1.2,0.1,1.5,6.0,11.0,5.0,16.8,0.3,1.1,0.239,1.8,3.9,0.523,0.523,1.0,
0,Mike Silliman,1970-71,26.0,['BUF'],NBA,SF,36.0,,10.2,1.0,2.2,0.456,0.5,1.1,0.487,1.7,0.6,1.0,2.5,0,12.0,['ARMY'],,0,0,0,1,1966,,,,,,5.0,2.0,,,,,,,,,,,
0,Bob Sura,1995-96,22.0,['CLE' 'GSW' 'TOT' 'DET' 'ATL' 'HOU'],NBA,SG,82.0,59.0,35.4,4.9,11.6,0.437,4.6,5.8,0.783,8.3,5.3,2.8,14.7,1,35.0,['FLORIDAST'],https://www.basketball-reference.com/req/202106291/images/headshots/surabo01.jpg,0,0,0,17,1995,2.6,5.7,1.2,0.4,3.0,15.0,13.0,6.0,30.9,1.7,4.5,0.367,4.4,10.0,0.484,0.512,3.0,2.0
0,Steven Smith,2006-07,23.0,['PHI'],NBA,PF,8.0,0.0,3.5,0.3,1.0,0.25,0.1,0.3,0.5,0.8,0.0,0.5,0.6,0,5.0,['LASALLE'],,0,0,0,,,0.1,0.6,0.1,0.0,0.3,2.0,,1.0,1.4,0.0,0.0,,0.3,1.0,0.25,0.25,,
0,Clinton Smith,1986-87,23.0,['GSW' 'WSB'],NBA,SG,41.0,0.0,9.0,1.2,2.9,0.5,0.7,1.2,0.75,1.4,1.1,0.9,3.1,0,13.0,['OHIOST' 'CLEVST'],,0,0,0,4,1986,0.6,0.7,0.3,0.0,0.6,6.0,6.0,2.0,10.9,0.0,0.0,0.0,1.2,2.8,0.5,0.5,1.0,
0,Rony Seikaly,1988-89,23.0,['MIA' 'GSW' 'ORL' 'TOT' 'NJN'],NBA,C,79.0,78.0,35.4,6.6,13.1,0.516,5.5,7.5,0.754,11.8,1.9,3.9,17.3,1,40.0,['SYRACUSE'],https://www.basketball-reference.com/req/202106291/images/headshots/seikaro01.jpg,0,0,0,9,1988,3.9,8.2,1.1,1.7,3.2,34.0,6.0,4.0,31.9,0.0,0.1,0.667,6.6,13.1,0.516,0.516,8.0,
0,Otto Schnellbacher,1948-49,25.0,['TOT' 'PRO' 'STB'],BAA,,43.0,,,3.0,8.1,0.364,2.8,4.0,0.696,,2.3,3.1,8.7,1,18.0,['KANSAS'],,0,0,0,,1948,,,,,,,4.0,,,,,,,,,,,
0,Soumaila Samake,2000-01,22.0,['NJN' 'LAL'],NBA,C,34.0,1.0,6.6,0.8,1.8,0.417,0.3,0.7,1.0,1.8,0.3,1.0,1.7,0,10.0,,,0,0,0,7,2000,0.8,1.0,0.1,0.4,0.2,7.0,2.0,1.0,12.1,0.0,0.0,,0.8,1.8,0.417,0.417,2.0,
0,Jack Stephens,1955-56,22.0,['STL'],NBA,SG,72.0,,30.8,3.4,8.9,0.386,3.4,5.0,0.692,5.2,2.9,2.0,10.3,0,30.0,['NOTREDAME'],,0,0,0,1,1955,,,,,,11.0,6.0,,,,,,,,,,,
0,Dru Smith,2022-23,25.0,['TOT' 'MIA' 'BRK'],NBA,SG,15.0,1.0,13.4,1.3,3.1,0.419,0.3,0.3,1.0,1.8,1.7,2.0,3.3,1,17.0,['EVANSVILLE' 'MISSOURI'],https://www.basketball-reference.com/req/202106291/images/headshots/smithdr01.jpg,0,0,0,,,0.2,1.6,0.8,0.6,0.2,4.0,5.0,2.0,15.4,0.4,1.3,0.308,0.9,1.8,0.5,0.484,2.0,
0,Zeke Sinicola,1951-52,23.0,['FTW'],NBA,,9.0,,5.0,0.4,1.8,0.25,0.3,0.7,0.5,0.3,0.3,0.9,1.2,0,4.0,['NIAGARA'],,0,0,0,4,1951,,,,,,,1.0,,,,,,,,,,,
0,Dennis Schröder,2013-14,20.0,['ATL' 'OKC' 'LAL' 'TOT' 'BOS' 'HOU'],NBA,PG,80.0,78.0,32.1,7.5,17.1,0.469,3.4,4.0,0.872,3.6,6.3,2.6,19.4,1,41.0,,https://www.basketball-reference.com/req/202106291/images/headshots/schrode01.jpg,0,0,0,17,2013,0.7,3.3,1.1,0.2,3.3,12.0,15.0,5.0,30.6,1.9,5.0,0.385,6.3,13.2,0.513,0.534,2.0,
0,Dexter Shouse,1989-90,26.0,['PHI'],NBA,PG,3.0,0.0,6.0,0.0,1.3,0.0,0.0,0.0,,0.0,0.7,0.7,0.0,0,,['SALABAMA'],,0,0,0,22,1985,0.0,0.0,0.3,0.3,0.7,,1.0,1.0,1.3,0.0,0.3,0.0,0.0,1.0,0.0,0.0,1.0,
0,Charlie Sitton,1984-85,22.0,['DAL'],NBA,SF,43.0,0.0,7.1,0.9,2.2,0.415,0.3,0.6,0.52,1.4,0.6,1.2,2.1,0,8.0,['OREGONST'],,0,0,0,14,1984,0.6,0.8,0.2,0.1,0.4,5.0,4.0,1.0,7.2,0.0,0.0,0.0,0.9,2.1,0.424,0.415,1.0,
0,Paul Stovall,1972-73,24.0,['PHO' 'SDA'],NBA,SF,25.0,,14.9,2.8,5.6,0.493,2.2,3.4,0.636,4.5,0.9,2.5,7.7,0,21.0,['ARIZONAST'],,0,0,0,9,1972,1.6,2.8,0.3,0.5,1.6,11.0,3.0,1.0,,0.0,0.0,,2.8,5.6,0.493,0.493,1.0,
0,Greg Smith,1968-69,22.0,['MIL' 'TOT' 'HOU' 'POR'],NBA,PF,82.0,,29.6,5.0,9.7,0.512,1.7,2.6,0.718,10.2,2.9,3.7,11.7,1,26.0,['WKENTUCKY'],,0,1,0,14,1968,1.0,1.9,0.6,0.1,,23.0,10.0,5.0,,,,,,,,,2.0,1.0
0,Danny Schayes,1981-82,22.0,['UTA' 'TOT' 'DEN' 'MIL' 'LAL' 'PHO' 'MIA' 'ORL'],NBA,C,82.0,74.0,32.8,4.6,10.3,0.54,5.0,6.0,0.955,9.0,3.3,4.3,13.9,1,37.0,['SYRACUSE'],https://www.basketball-reference.com/req/202106291/images/headshots/schayda01.jpg,0,0,0,13,1981,2.7,6.2,0.8,1.4,3.9,24.0,11.0,6.0,31.6,0.0,0.1,1.0,4.6,10.3,0.542,0.54,7.0,1.0
0,Roger Strickland,1963-64,23.0,['BAL'],NBA,,1.0,,4.0,1.0,3.0,0.333,0.0,0.0,,0.0,0.0,1.0,2.0,0,2.0,,,0,0,0,9,1962,,,,,,,,,,,,,,,,,,
0,Collin Sexton,2018-19,20.0,['CLE' 'UTA'],NBA,PG,82.0,72.0,35.3,8.8,18.4,0.506,5.2,6.4,0.846,3.3,4.4,2.6,24.3,0,42.0,['ALABAMA'],https://www.basketball-reference.com/req/202106291/images/headshots/sextoco01.jpg,0,0,0,8,2018,1.2,2.2,1.0,0.2,2.8,10.0,12.0,3.0,32.4,1.6,4.4,0.402,7.1,14.0,0.546,0.558,2.0,
0,Joe Strawder,1965-66,25.0,['DET'],NBA,C,79.0,,27.8,3.6,8.4,0.452,2.4,3.3,0.718,10.4,1.2,4.4,9.5,0,29.0,['BRADLEY'],,0,0,0,9,1964,,,,,,26.0,6.0,,,,,,,,,,,
0,Dave Sorenson,1970-71,22.0,['CLE' 'TOT' 'PHI'],NBA,PF,79.0,,24.6,4.5,10.1,0.456,2.3,2.9,0.803,6.2,2.1,2.3,11.3,1,34.0,['OHIOST'],,0,0,0,9,1970,,,,,,18.0,9.0,,,,,,,,,,,
0,Marreese Speights,2008-09,21.0,['PHI' 'MEM' 'TOT' 'CLE' 'GSW' 'LAC' 'ORL'],NBA,C,82.0,54.0,22.4,4.2,8.6,0.502,2.2,2.8,0.876,6.2,0.9,2.8,10.4,1,32.0,['FLORIDA'],https://www.basketball-reference.com/req/202106291/images/headshots/speigma01.jpg,0,1,0,16,2008,2.2,4.0,0.5,0.7,1.2,18.0,5.0,3.0,28.1,1.7,4.5,0.4,4.1,8.5,0.52,0.539,4.0,
0,Jack Smiley,1948-49,26.0,['FTW' 'TOT' 'AND' 'WAT'],BAA,,59.0,,,2.4,9.7,0.293,2.6,3.8,0.701,,3.1,3.4,6.7,1,27.0,,,0,0,0,,,,,,,,,4.0,,,,,,,,,,,
0,Willie Sojourner,1971-72,23.0,['VIR' 'NYA'],ABA,C,84.0,,16.6,3.1,6.4,0.496,1.5,2.3,0.844,6.1,1.2,2.9,7.5,0,26.0,['WEBERST'],,0,1,0,3,1971,2.2,3.9,0.3,1.1,1.3,20.0,5.0,2.0,13.1,0.0,0.0,0.333,3.1,6.4,0.496,0.496,3.0,
0,Aaron Swinson,1994-95,24.0,['PHO'],NBA,SF,9.0,0.0,5.7,1.1,2.0,0.556,0.4,0.6,0.8,0.9,0.3,0.9,2.7,0,12.0,['AUBURN'],,0,0,0,,,0.3,0.6,0.1,0.0,0.6,2.0,2.0,1.0,6.9,0.0,0.0,,1.1,2.0,0.556,0.556,,
0,Larry Steele,1971-72,22.0,['POR'],NBA,SG,81.0,,32.7,4.0,9.1,0.548,2.3,2.8,0.836,3.9,4.2,3.6,10.3,0,30.0,['KENTUCKY'],https://www.basketball-reference.com/req/202106291/images/headshots/steella01.jpg,0,1,0,2,1971,1.1,2.7,2.7,0.4,2.1,11.0,13.0,10.0,21.4,0.0,0.3,0.0,4.0,8.9,0.548,0.548,5.0,1.0
0,Walt Szczerbiak,1971-72,22.0,['PTC'],ABA,SF,53.0,,11.3,2.8,4.5,0.629,0.7,1.0,0.66,2.8,0.8,1.9,6.3,0,26.0,['GEORGEWASH'],,0,0,0,14,1971,1.5,1.3,,,0.9,12.0,8.0,,,0.0,0.0,0.0,2.8,4.4,0.634,0.629,,
0,God Shammgod,1997-98,21.0,['WAS'],NBA,PG,20.0,0.0,7.3,1.0,2.9,0.328,1.2,1.5,0.767,0.4,1.8,1.4,3.1,0,12.0,['PROVIDENCE'],,0,0,0,17,1997,0.1,0.3,0.4,0.1,1.1,2.0,7.0,2.0,7.0,0.0,0.1,0.0,1.0,2.8,0.339,0.328,1.0,
0,Ed Sherod,1982-83,23.0,['NYK'],NBA,PG,64.0,37.0,25.4,2.7,6.6,0.406,0.8,1.3,0.65,2.3,4.9,1.8,6.2,0,20.0,['VCU'],,0,0,0,3,1981,0.7,1.7,1.5,0.2,1.6,8.0,13.0,6.0,17.7,0.0,0.2,0.077,2.7,6.4,0.417,0.407,2.0,
0,Jaden Springer,2021-22,19.0,['PHI'],NBA,SG,16.0,2.0,5.6,1.1,2.2,1.0,0.4,0.5,0.75,1.0,0.5,0.9,2.6,0,19.0,['TENNESSEE'],https://www.basketball-reference.com/req/202106291/images/headshots/sprinja01.jpg,0,0,0,28,2021,0.5,0.5,0.4,1.0,0.5,2.0,3.0,2.0,13.1,0.1,0.3,0.4,0.9,1.9,1.0,1.0,2.0,
0,Julyan Stone,2011-12,23.0,['DEN' 'TOR' 'CHO'],NBA,SG,23.0,2.0,8.1,0.6,1.4,1.0,0.8,1.0,0.75,1.3,1.7,1.0,1.8,0,9.0,['UTEP'],https://www.basketball-reference.com/req/202106291/images/headshots/stoneju01.jpg,0,0,0,,,0.5,1.2,0.4,0.3,0.5,6.0,7.0,2.0,12.4,0.3,0.6,0.462,0.5,0.9,1.0,1.0,2.0,
0,Larry Siegfried,1963-64,24.0,['BOS' 'SDR' 'TOT' 'HOU' 'ATL'],NBA,SG,79.0,,32.4,5.0,13.1,0.442,4.3,4.9,0.881,3.9,6.5,3.1,14.2,1,39.0,['OHIOST'],,0,5,0,3,1961,,,,,,11.0,21.0,,,,,,,,,,,
0,Garfield Smith,1970-71,25.0,['BOS' 'SDA'],NBA,C,71.0,,14.9,1.6,3.4,0.475,0.6,1.5,0.393,4.3,0.5,2.8,3.7,0,14.0,['EKENTUCKY'],,0,0,0,10,1968,2.0,2.3,,,0.5,13.0,3.0,,,0.0,0.0,,1.6,3.4,0.475,0.475,,
0,Iman Shumpert,2011-12,21.0,['NYK' 'TOT' 'CLE' 'SAC' 'HOU' 'BRK'],NBA,PG,76.0,58.0,28.9,3.7,9.1,0.411,1.5,1.8,0.829,4.2,3.3,2.9,9.5,1,27.0,['GATECH'],https://www.basketball-reference.com/req/202106291/images/headshots/shumpim01.jpg,0,1,0,17,2011,1.1,3.2,1.7,0.5,1.9,16.0,9.0,6.0,25.4,1.8,4.8,0.402,2.8,6.4,1.0,0.507,2.0,
0,Brent Scott,1996-97,25.0,['IND'],NBA,PF,16.0,0.0,3.4,0.5,1.1,0.471,0.2,0.4,0.5,0.6,0.2,0.9,1.2,0,6.0,['RICE'],,0,0,0,,,0.2,0.4,0.1,0.1,0.3,3.0,1.0,1.0,3.8,0.0,0.0,,0.5,1.1,0.471,0.471,1.0,
0,James Singleton,2005-06,24.0,['LAC' 'DAL' 'TOT' 'WAS'],NBA,SF,62.0,10.0,23.9,3.4,6.3,0.547,1.5,1.8,1.0,6.9,1.3,2.6,8.2,1,23.0,['MURRAYST'],https://www.basketball-reference.com/req/202106291/images/headshots/singlja01.jpg,0,0,0,,,2.8,4.7,0.8,1.1,1.2,21.0,5.0,3.0,23.0,0.2,0.9,0.5,3.3,5.5,0.591,0.56,4.0,
0,Josh Selby,2011-12,20.0,['MEM'],NBA,PG,28.0,0.0,8.5,0.9,2.6,0.347,0.7,1.1,0.786,0.5,1.1,0.7,2.3,0,10.0,['KANSAS'],https://www.basketball-reference.com/req/202106291/images/headshots/selbyjo01.jpg,0,0,0,19,2011,0.1,0.5,0.3,0.0,1.0,3.0,7.0,2.0,8.7,0.1,0.6,0.167,0.8,2.0,0.404,0.361,,
0,Lee Shaffer,1961-62,22.0,['SYR' 'PHI'],NBA,SF,80.0,,29.9,7.5,17.4,0.436,3.7,4.7,0.784,6.8,1.3,3.5,18.6,0,42.0,['UNC'],,1,0,0,5,1960,,,,,,18.0,5.0,,,,,,,,,,,
0,Tre Scott,2021-22,25.0,['CLE'],NBA,SF,2.0,0.0,5.5,1.5,3.0,0.5,0.0,0.0,,1.0,0.0,1.0,3.0,0,6.0,['CINCY'],,0,0,0,,,0.5,0.5,0.5,0.5,0.0,2.0,,1.0,4.9,0.0,0.5,0.0,1.5,2.5,0.6,0.5,1.0,
0,Jabari Smith,2000-01,23.0,['SAC' 'TOT' 'PHI' 'NJN'],NBA,C,45.0,2.0,14.4,1.8,3.8,0.5,1.4,1.8,0.75,2.5,0.8,2.3,5.0,1,19.0,['LSU'],,0,0,0,16,2000,0.6,1.8,0.6,0.3,0.9,8.0,6.0,4.0,18.9,0.0,0.2,0.5,1.8,3.6,0.5,0.5,3.0,
0,Paul Silas,1964-65,21.0,['STL' 'ATL' 'PHO' 'BOS' 'DEN' 'SEA'],NBA,PF,82.0,,38.5,6.1,12.9,0.47,5.4,7.0,0.783,13.0,4.3,3.4,17.5,0,31.0,['CREIGHTON'],,2,3,0,3,1964,4.5,8.3,0.8,0.4,1.9,27.0,13.0,5.0,17.2,0.0,0.0,,6.1,12.9,0.47,0.47,3.0,1.0
0,Paul Shirley,2002-03,25.0,['ATL' 'CHI' 'PHO'],NBA,PF,9.0,0.0,12.3,1.4,3.3,0.455,0.2,0.4,0.5,2.3,0.6,1.3,3.0,0,6.0,['IOWAST'],,0,0,0,,,1.1,1.1,0.1,0.1,1.3,5.0,2.0,1.0,6.9,0.0,0.1,0.0,1.4,3.1,0.455,0.455,1.0,
0,Erick Strickland,1996-97,23.0,['DAL' 'TOT' 'NYK' 'VAN' 'BOS' 'IND' 'MIL'],NBA,SG,79.0,67.0,29.8,4.6,10.7,0.433,2.4,2.9,0.863,4.8,3.1,2.8,12.8,1,36.0,['NEBRASKA'],,0,0,0,,,1.0,3.7,1.5,0.2,2.4,11.0,11.0,7.0,31.8,1.2,3.3,0.439,3.6,8.0,0.459,0.511,2.0,
0,John Schweitz,1984-85,24.0,['SEA' 'DET'],NBA,SG,19.0,0.0,5.8,1.3,3.9,0.338,0.4,0.5,0.7,1.1,0.9,0.7,3.0,0,11.0,['RICHMOND'],,0,0,0,23,1982,0.3,0.8,0.0,0.1,0.7,4.0,4.0,,8.1,0.0,0.2,0.0,1.3,3.7,0.357,0.338,1.0,
0,Dave Stallworth,1965-66,24.0,['NYK' 'TOT' 'BAL' 'CAP'],NBA,SF,82.0,,28.4,5.0,10.8,0.466,3.2,4.7,0.855,6.2,2.3,3.0,13.0,1,35.0,['WICHITAST'],,0,1,0,5,1965,1.2,2.0,0.6,0.4,,19.0,8.0,3.0,,,,,,,,,1.0,
0,Joe Stephens,1996-97,24.0,['HOU' 'VAN'],NBA,PF,13.0,0.0,13.9,1.5,4.0,0.373,0.6,0.9,0.75,2.8,0.8,1.5,3.9,0,10.0,['COLORADO' 'ARKANSASLR'],,0,0,0,,,1.0,1.8,1.5,0.2,1.5,7.0,2.0,2.0,9.2,0.5,1.5,0.333,1.5,3.3,0.442,0.411,1.0,
0,Ben Schadler,1947-48,23.0,['CHS'],BAA,,37.0,,,0.6,3.1,0.198,0.3,0.4,0.769,,0.2,1.1,1.5,0,6.0,,,0,0,0,,1947,,,,,,,,,,,,,,,,,,
0,Wayne Simien,2005-06,22.0,['MIA'],NBA,PF,43.0,2.0,11.6,1.3,2.9,0.483,0.7,0.9,0.882,2.0,0.5,1.6,3.4,0,10.0,['KANSAS'],,0,1,0,29,2005,0.9,1.2,0.3,0.0,0.6,6.0,2.0,2.0,8.8,0.0,0.0,,1.3,2.9,0.483,0.483,1.0,
0,Craig Spitzer,1967-68,22.0,['CHI'],NBA,C,10.0,,4.4,0.8,2.1,0.381,0.2,0.3,0.667,2.4,0.0,0.4,1.8,0,5.0,['TULANE'],,0,0,0,,,,,,,,6.0,,,,,,,,,,,,
0,Grant Simmons,1967-68,24.0,['DNR'],ABA,PG,78.0,,29.0,3.7,8.8,0.424,2.7,3.8,0.705,3.1,2.3,3.0,10.2,0,29.0,['NEBRASKA'],,0,0,0,3,1966,0.4,1.2,,,2.0,6.0,5.0,,,0.1,0.3,0.5,3.7,8.5,0.437,0.425,,
0,Frank Selvy,1954-55,22.0,['TOT' 'BLB' 'MLH' 'STL' 'MNL' 'NYK' 'SYR' 'LAL'],NBA,SF,80.0,,39.3,7.7,20.5,0.424,6.6,9.1,0.767,7.0,4.8,3.3,22.1,1,42.0,['FURMAN'],,2,0,0,1,1954,,,,,,12.0,12.0,,,,,,,,,,,
0,Stevin Smith,1996-97,25.0,['DAL'],NBA,SG,8.0,0.0,7.5,0.8,2.3,0.333,0.1,0.1,1.0,1.3,0.5,1.1,1.8,0,4.0,['ARIZONAST'],,0,0,0,,,0.3,1.0,0.1,0.0,0.5,5.0,3.0,1.0,2.2,0.1,0.8,0.167,0.6,1.5,0.417,0.361,,
0,Tom Scheffler,1984-85,30.0,['POR'],NBA,C,39.0,0.0,6.9,0.5,1.3,0.412,0.3,0.5,0.5,1.9,0.3,1.2,1.3,0,10.0,['PURDUE'],,0,0,0,7,1977,0.5,1.5,0.2,0.3,0.4,9.0,2.0,2.0,8.9,0.0,0.0,,0.5,1.3,0.412,0.412,2.0,
0,Jerry Sichting,1980-81,24.0,['IND' 'BOS' 'TOT' 'POR' 'CHH' 'MIL'],NBA,PG,82.0,80.0,31.2,5.0,9.3,0.57,3.0,4.0,0.924,2.1,5.7,2.4,11.5,1,29.0,['PURDUE'],,0,1,0,16,1979,0.6,1.6,1.3,0.1,1.8,7.0,16.0,5.0,29.3,0.3,0.5,0.571,4.9,9.1,0.578,0.589,2.0,
0,Amar'e Stoudemire,2002-03,20.0,['PHO' 'NYK' 'TOT' 'DAL' 'MIA'],NBA,PF,82.0,82.0,36.8,9.5,19.0,0.59,7.3,9.9,0.889,9.6,2.6,3.7,26.0,1,50.0,,https://www.basketball-reference.com/req/202106291/images/headshots/stoudam01.jpg,6,0,0,9,2002,3.0,6.9,1.2,2.1,3.2,23.0,8.0,6.0,50.2,0.1,0.4,0.435,9.4,18.7,0.601,0.592,10.0,
0,Pape Sow,2004-05,23.0,['TOR'],NBA,C,42.0,25.0,14.0,1.3,2.9,0.431,1.0,1.4,0.719,3.5,0.3,2.8,3.5,0,13.0,['CALSTFULL'],,0,0,0,18,2004,1.3,2.2,0.5,0.5,0.7,15.0,2.0,3.0,14.0,0.0,0.0,,1.3,2.9,0.431,0.431,3.0,
0,Roger Schurig,1967-68,25.0,['HSM'],ABA,PG,21.0,,12.0,1.7,4.5,0.372,1.3,1.7,0.75,1.4,0.9,1.8,4.8,0,15.0,['VANDY'],,0,0,0,,,,,,,1.1,5.0,,,,0.1,0.4,0.375,1.5,4.1,0.372,0.388,,
0,Rodney Stuckey,2007-08,21.0,['DET' 'IND'],NBA,PG,79.0,67.0,34.2,6.2,15.2,0.44,4.9,5.8,0.866,3.8,5.2,2.8,16.6,0,40.0,['EWASHINGTN'],https://www.basketball-reference.com/req/202106291/images/headshots/stuckro01.jpg,0,0,0,15,2007,1.0,3.0,1.4,0.2,2.2,14.0,14.0,5.0,32.9,0.8,2.4,0.39,5.9,14.1,0.457,0.477,2.0,
0,Dick Shrider,1948-49,25.0,['NYK'],BAA,,4.0,,,0.0,0.0,,0.3,0.8,0.333,,0.5,0.5,0.3,0,1.0,,,0,0,0,,1948,,,,,,,,,,,,,,,,,,
0,Ish Smith,2010-11,22.0,"['TOT' 'HOU' 'MEM' 'GSW' 'ORL' 'MIL' 'PHO' 'OKC' 'PHI' 'NOP' 'DET' 'WAS'
 'CHO' 'DEN']",NBA,PG,82.0,53.0,32.4,6.0,14.8,0.486,1.8,2.7,0.767,4.3,7.0,1.9,14.7,1,32.0,['WAKE'],https://www.basketball-reference.com/req/202106291/images/headshots/smithis01.jpg,0,1,0,,,0.6,3.7,1.3,0.5,2.8,14.0,16.0,7.0,29.5,0.9,2.7,0.4,5.1,12.0,0.506,0.507,3.0,
0,Vassilis Spanoulis,2006-07,24.0,['HOU'],NBA,SG,31.0,0.0,8.8,0.7,2.3,0.319,1.1,1.4,0.81,0.7,0.9,1.1,2.7,0,13.0,,https://www.basketball-reference.com/req/202106291/images/headshots/spanova01.jpg,0,0,0,21,2004,0.2,0.5,0.2,0.0,0.9,4.0,4.0,1.0,10.1,0.2,0.9,0.172,0.6,1.4,0.419,0.354,1.0,
0,Kenny Sailors,1946-47,26.0,['CLR' 'TOT' 'CHS' 'PHW' 'PRO' 'DNN' 'BOS' 'BLB'],BAA,,60.0,,,5.8,16.7,0.667,5.8,8.0,0.766,2.3,4.0,4.2,17.3,1,37.0,,,0,0,0,,,,,,,,4.0,5.0,,,,,,,,,,,
0,Gene Short,1975-76,22.0,['TOT' 'SEA' 'NYK'],NBA,SF,34.0,,6.9,1.0,3.0,0.545,0.7,1.1,0.633,1.5,0.3,1.1,2.6,1,10.0,,,0,0,0,9,1975,0.6,0.9,0.3,0.1,,7.0,2.0,2.0,,,,,,,,,1.0,
0,Keifer Sykes,2021-22,28.0,['IND'],NBA,PG,32.0,11.0,17.7,2.2,5.9,0.363,0.5,0.5,0.882,1.4,1.9,1.6,5.6,0,22.0,['WISCGB'],https://www.basketball-reference.com/req/202106291/images/headshots/sykeske01.jpg,0,0,0,,,0.3,1.2,0.4,0.1,1.0,5.0,6.0,1.0,18.6,0.8,2.8,0.3,1.3,3.1,0.42,0.434,1.0,
0,Wally Szczerbiak,1999-00,22.0,['MIN' 'TOT' 'BOS' 'SEA' 'CLE'],NBA,SF,82.0,82.0,38.9,7.4,14.8,0.511,4.1,4.6,0.898,5.5,3.2,2.8,20.1,1,44.0,['MIAMIOH'],https://www.basketball-reference.com/req/202106291/images/headshots/szczewa02.jpg,1,0,0,6,1999,1.6,3.9,0.8,0.4,2.2,14.0,10.0,4.0,33.2,1.5,3.6,0.455,6.4,12.3,0.536,0.544,3.0,
0,Jeff Sanders,1989-90,24.0,['CHI' 'CHH' 'ATL'],NBA,PF,31.0,0.0,14.3,2.0,4.7,0.444,0.6,0.9,0.778,3.2,0.8,2.0,4.3,0,9.0,['GEORGIASOU'],,0,0,0,20,1989,1.3,2.0,0.9,0.3,1.2,8.0,2.0,2.0,8.6,0.0,0.0,,2.0,4.7,0.444,0.444,1.0,
0,Mark Strickland,1994-95,24.0,['IND' 'MIA' 'TOT' 'DEN' 'NJN' 'ATL' 'DAL'],NBA,PF,58.0,10.0,22.4,2.8,6.0,0.545,1.2,1.6,0.731,4.6,0.8,1.7,6.8,1,23.0,['TEMPLE'],,0,0,0,,,1.6,3.3,0.4,0.7,1.1,13.0,4.0,3.0,24.9,0.1,0.1,1.0,2.8,5.9,0.545,0.545,4.0,
0,Charles Shackleford,1988-89,22.0,['NJN' 'PHI' 'MIN' 'CHH'],NBA,C,72.0,62.0,22.2,3.5,7.6,0.6,1.1,1.6,0.8,6.8,0.8,2.8,8.2,0,23.0,['NCSTATE'],,0,0,0,7,1988,2.6,4.3,0.6,0.7,1.7,26.0,5.0,5.0,22.9,0.0,0.0,0.0,3.5,7.6,0.6,0.6,5.0,
0,Dolph Schayes,1949-50,21.0,['SYR' 'PHI'],NBA,,79.0,,40.5,8.1,20.3,0.401,8.7,9.9,0.904,16.4,4.0,4.1,24.9,0,50.0,['NEWYORKU'],https://www.basketball-reference.com/req/202106291/images/headshots/schaydo01.jpg,12,1,1,4,1948,,,,,,35.0,13.0,,,,,,,,,,,3.0
0,Tal Skinner,1974-75,22.0,['SEA'],NBA,SF,73.0,,21.6,1.9,4.8,0.463,0.9,1.3,0.649,4.7,1.2,2.2,4.8,0,26.0,,,0,0,0,8,1974,1.8,2.9,0.7,0.2,,16.0,5.0,4.0,,,,,,,,,2.0,
0,Brian Skinner,1998-99,22.0,['LAC' 'CLE' 'PHI' 'MIL' 'TOT' 'SAC' 'POR' 'PHO' 'MEM'],NBA,PF,77.0,54.0,28.2,4.6,9.2,0.554,1.4,2.5,0.75,8.7,1.5,2.9,10.5,1,23.0,['BAYLOR'],https://www.basketball-reference.com/req/202106291/images/headshots/skinnbr01.jpg,0,0,0,22,1998,3.4,5.4,1.0,1.7,1.4,19.0,5.0,3.0,21.7,0.0,0.0,0.667,4.6,9.2,0.554,0.554,6.0,
0,Deb Smith,1946-47,27.0,['STB'],BAA,,48.0,,,0.7,2.5,0.269,0.2,0.4,0.429,,0.1,1.0,1.5,0,8.0,,,0,0,0,,,,,,,,,,,,,,,,,,,,
0,Howie Shannon,1948-49,25.0,['PRO' 'BOS'],BAA,,67.0,,,5.3,14.6,0.364,2.8,3.4,0.804,,2.6,2.8,13.4,0,27.0,,,0,0,0,1,1949,,,,,,,5.0,,,,,,,,,,,
0,Alan Sawyer,1950-51,23.0,['WSC'],NBA,,33.0,,,2.6,7.1,0.37,1.3,1.5,0.86,3.7,0.8,2.3,6.6,0,19.0,['UCLA'],,0,0,0,5,1950,,,,,,3.0,3.0,,,,,,,,,,,
0,Guy Sparrow,1957-58,25.0,['NYK' 'TOT' 'PHW'],NBA,SF,72.0,,23.1,4.4,11.6,0.379,2.3,3.6,0.642,6.4,1.0,3.2,11.1,1,29.0,['DETROIT'],,0,0,0,5,1955,,,,,,18.0,4.0,,,,,,,,,,,
0,Byron Scott,1983-84,22.0,['LAL' 'IND' 'VAN'],NBA,SG,82.0,82.0,37.6,8.8,16.6,0.539,3.4,3.9,0.892,4.1,4.1,2.5,21.7,0,38.0,['ARIZONAST'],https://www.basketball-reference.com/req/202106291/images/headshots/scottby01.jpg,0,3,0,4,1983,1.0,3.2,1.9,0.4,2.1,11.0,11.0,7.0,38.3,1.2,2.9,0.436,8.0,14.4,0.554,0.552,3.0,
0,Tom Sanders,1960-61,22.0,['BOS'],NBA,SF,82.0,,30.7,4.8,11.3,0.456,2.9,3.8,0.88,9.5,1.6,4.4,12.6,0,30.0,['NEWYORKU'],https://www.basketball-reference.com/req/202106291/images/headshots/sandeto01.jpg,0,8,0,8,1960,,,,,,26.0,8.0,,,,,,,,,,,
0,Ron Sanford,1971-72,25.0,['DLC'],ABA,,1.0,,2.0,0.0,0.0,,0.0,0.0,,0.0,0.0,1.0,0.0,0,,['NMEXICO'],,0,0,0,8,1969,0.0,0.0,,,0.0,,,,,0.0,0.0,,0.0,0.0,,,,
0,Les Selvage,1967-68,24.0,['ANA' 'LAS'],ABA,PG,78.0,,31.2,4.8,13.4,0.355,2.6,3.6,0.741,2.8,3.2,3.1,14.0,0,38.0,,,0,0,0,,,0.0,0.5,,,2.5,8.0,10.0,,,1.9,5.9,0.319,2.9,7.5,0.4,0.426,,
0,Randy Smith,1971-72,23.0,['BUF' 'SDC' 'CLE' 'NYK' 'TOT' 'ATL'],NBA,SF,82.0,40.0,40.4,9.6,20.7,0.494,5.4,6.8,0.929,5.6,6.5,3.3,24.6,1,41.0,['BUFFALOST'],https://www.basketball-reference.com/req/202106291/images/headshots/smithra01.jpg,2,0,0,2,1970,1.6,3.9,2.5,0.2,3.5,14.0,14.0,8.0,29.5,0.1,0.6,0.273,9.6,20.7,0.499,0.494,2.0,
0,McKinley Singleton,1986-87,25.0,['NYK'],NBA,PG,2.0,0.0,5.0,1.0,1.5,0.667,0.0,0.0,,0.0,0.5,0.5,2.0,0,2.0,['UAB'],,0,0,0,4,1984,0.0,0.0,0.0,0.0,0.0,,1.0,,1.7,0.0,0.5,0.0,1.0,1.0,1.0,0.667,,
0,Jeryl Sasser,2001-02,22.0,['ORL'],NBA,SG,75.0,4.0,13.7,0.9,2.8,0.309,0.7,1.0,0.8,2.5,0.9,1.2,2.6,0,26.0,['SMETHODIST'],,0,0,0,22,2001,0.9,1.6,0.6,0.2,0.5,11.0,6.0,4.0,24.2,0.2,0.6,0.295,0.7,2.2,0.313,0.341,1.0,
0,Dickey Simpkins,1994-95,22.0,['CHI' 'TOT' 'GSW' 'ATL'],NBA,PF,69.0,48.0,29.0,3.0,6.5,0.634,3.1,4.8,0.7,6.8,1.4,3.1,9.1,1,21.0,['PROVIDENCE'],https://www.basketball-reference.com/req/202106291/images/headshots/simpkdi01.jpg,0,3,0,21,1994,2.2,4.6,0.7,0.3,1.9,14.0,6.0,3.0,17.8,0.0,0.1,1.0,3.0,6.5,0.65,0.634,3.0,
0,Lamar Stevens,2020-21,23.0,['CLE'],NBA,PF,63.0,25.0,18.1,2.5,5.1,0.489,0.9,1.3,0.725,3.3,0.7,1.7,6.1,0,23.0,['PENNST'],https://www.basketball-reference.com/req/202106291/images/headshots/stevela01.jpg,0,0,0,,,0.8,2.6,0.5,0.3,0.7,11.0,4.0,3.0,20.2,0.5,1.5,0.316,2.2,4.0,0.543,0.517,4.0,
0,Steve Sheppard,1977-78,23.0,['CHI' 'TOT' 'DET'],NBA,SF,64.0,,10.9,1.9,4.1,0.48,0.6,0.9,0.661,2.0,0.7,1.1,4.3,1,22.0,['MARYLAND'],,0,0,0,8,1977,1.0,1.0,0.2,0.1,1.0,9.0,4.0,3.0,22.1,,,,,,,,1.0,
0,Henry Sims,2012-13,22.0,['NOH' 'TOT' 'CLE' 'PHI' 'BRK'],NBA,C,73.0,32.0,27.2,4.3,8.8,0.667,3.2,4.1,0.833,7.0,1.8,3.2,11.8,1,24.0,['GEORGETOWN'],https://www.basketball-reference.com/req/202106291/images/headshots/simshe01.jpg,0,0,0,,,3.2,3.8,0.9,1.0,1.4,15.0,7.0,3.0,21.5,0.1,0.3,0.182,4.3,8.8,0.667,0.667,3.0,
0,Art Spoelstra,1954-55,22.0,['ROC' 'TOT' 'MNL' 'NYK'],NBA,C,72.0,,22.8,3.1,8.1,0.399,2.3,3.3,0.733,6.1,1.3,3.7,8.5,1,26.0,['WKENTUCKY'],,0,0,0,7,1954,,,,,,14.0,4.0,,,,,,,,,,,
0,Stan Stutz,1946-47,26.0,['NYK' 'BLB'],BAA,,60.0,,,2.9,10.7,0.281,2.4,2.9,0.837,,1.4,2.6,8.0,0,29.0,,,0,0,0,,,,,,,,,5.0,,,,,,,,,,,
0,Charlie Scott,1970-71,22.0,['VIR' 'TOT' 'PHO' 'BOS' 'LAL' 'DEN'],ABA,SG,84.0,,41.9,13.5,30.0,0.463,7.2,9.0,0.81,5.2,6.1,4.3,34.6,1,50.0,['UNC'],https://www.basketball-reference.com/req/202106291/images/headshots/scottch01.jpg,5,1,0,4,1970,2.4,3.4,1.9,0.4,4.7,13.0,15.0,7.0,23.7,0.4,1.5,0.264,13.1,28.5,0.471,0.467,4.0,1.0
0,John Salmons,2002-03,23.0,['PHI' 'SAC' 'TOT' 'CHI' 'MIL' 'TOR' 'NOP'],NBA,PG,82.0,74.0,37.7,6.9,14.8,0.477,4.6,5.3,1.0,4.3,3.7,2.3,19.9,1,38.0,['MIAMIFL'],https://www.basketball-reference.com/req/202106291/images/headshots/salmojo01.jpg,0,0,0,26,2002,0.9,3.7,1.3,0.6,2.3,14.0,12.0,6.0,35.0,1.9,4.5,0.418,5.4,10.9,0.504,0.543,3.0,1.0
0,Nick Shaback,1946-47,28.0,['CLR'],BAA,,53.0,,,1.9,7.3,0.265,0.7,1.0,0.717,,0.5,1.4,4.6,0,14.0,,,0,0,0,,,,,,,,,,,,,,,,,,,,
0,Howie Schultz,1949-50,27.0,['TOT' 'AND' 'FTW' 'MNL'],NBA,PF,67.0,,19.7,3.0,11.1,0.283,3.3,4.6,0.756,3.7,2.5,3.7,8.5,1,19.0,,,0,1,0,,,,,,,,8.0,4.0,,,,,,,,,,,
0,Luka Šamanić,2019-20,20.0,['SAS' 'UTA'],NBA,PF,33.0,4.0,23.0,3.7,8.1,0.456,1.3,1.9,0.75,4.3,2.1,2.4,9.9,0,23.0,,https://www.basketball-reference.com/req/202106291/images/headshots/samanlu01.jpg,0,0,0,19,2019,0.5,4.3,0.9,0.7,1.4,9.0,5.0,2.0,17.3,1.1,4.4,0.375,2.6,3.7,0.692,0.526,2.0,
0,Garret Siler,2010-11,24.0,['PHO'],NBA,C,21.0,0.0,4.8,0.8,1.5,0.548,0.5,1.0,0.5,1.3,0.1,1.0,2.1,0,8.0,['AUGUSTAST'],https://www.basketball-reference.com/req/202106291/images/headshots/silerga01.jpg,0,0,0,,,0.8,0.6,0.0,0.2,0.5,5.0,1.0,1.0,7.4,0.0,0.0,,0.8,1.5,0.548,0.548,2.0,
0,Russ Schoene,1982-83,22.0,['TOT' 'PHI' 'IND' 'SEA'],NBA,PF,81.0,7.0,16.8,3.3,7.4,0.512,1.3,1.8,0.81,3.3,0.9,2.6,7.8,1,25.0,['UTCHAT'],,0,0,0,22,1982,1.4,2.2,0.5,0.5,1.1,12.0,5.0,4.0,19.9,0.6,1.6,0.382,3.2,7.3,0.515,0.512,3.0,
0,Ken Spain,1970-71,24.0,['PTC'],ABA,,11.0,,10.2,0.7,2.0,0.364,0.7,1.5,0.471,3.6,0.2,1.5,2.2,0,8.0,['HOUSTON'],,0,0,0,5,1969,1.0,2.6,,,0.8,1.0,,,,0.0,0.0,,0.7,2.0,0.364,0.364,,
0,Darius Songaila,2003-04,25.0,['SAC' 'CHI' 'WAS' 'NOH' 'PHI'],NBA,PF,81.0,29.0,21.4,3.8,7.9,0.532,1.5,1.9,0.918,4.2,1.7,2.8,9.2,0,23.0,['WAKE'],https://www.basketball-reference.com/req/202106291/images/headshots/songada01.jpg,0,0,0,21,2002,1.5,2.7,0.8,0.3,1.4,13.0,6.0,5.0,18.6,0.0,0.1,0.4,3.8,7.8,0.533,0.532,3.0,
0,Sam Sibert,1972-73,23.0,['KCO'],NBA,PF,5.0,,5.2,0.8,2.6,0.308,0.8,1.0,0.8,0.8,0.0,0.8,2.4,0,7.0,['TXTECH'],,0,0,0,6,1972,,,,,,2.0,,,,,,,,,,,,
0,Jason Smith,2007-08,21.0,['PHI' 'NOH' 'NOP' 'NYK' 'ORL' 'WAS' 'TOT' 'MIL'],NBA,PF,82.0,31.0,26.8,4.5,9.1,0.529,1.7,2.0,1.0,5.8,1.7,3.2,9.9,1,26.0,['COLORADOST'],https://www.basketball-reference.com/req/202106291/images/headshots/smithja02.jpg,0,0,0,20,2007,1.8,4.2,0.5,1.0,1.3,16.0,6.0,4.0,26.0,1.0,3.5,0.474,4.5,9.1,0.546,0.585,5.0,
0,Bob Sims,1961-62,23.0,['TOT' 'LAL' 'STL' 'ANA'],NBA,SG,65.0,,25.5,3.7,9.4,0.396,2.3,3.8,0.667,3.4,3.1,3.2,9.7,1,28.0,['PEPPERDINE'],,0,0,0,6,1960,,,,,0.0,10.0,11.0,,,0.0,0.0,,3.7,9.4,0.396,0.396,,
0,Tornike Shengelia,2012-13,21.0,['BRK' 'TOT' 'CHI'],NBA,SF,26.0,0.0,8.1,0.6,1.4,0.5,0.5,0.8,0.563,1.2,0.7,0.9,1.6,1,11.0,,https://www.basketball-reference.com/req/202106291/images/headshots/shengto01.jpg,0,0,0,24,2012,0.5,0.7,0.2,0.1,0.6,11.0,5.0,1.0,9.3,0.1,0.4,0.5,0.6,1.1,0.611,0.5,1.0,
0,Alen Smailagić,2019-20,19.0,['GSW'],NBA,C,15.0,1.0,9.9,1.4,2.9,0.5,1.1,1.4,0.842,1.9,0.9,1.0,4.2,0,10.0,,https://www.basketball-reference.com/req/202106291/images/headshots/smailal01.jpg,0,0,0,9,2019,0.7,1.2,0.2,0.3,0.8,5.0,3.0,1.0,8.6,0.3,0.9,0.4,1.2,1.9,0.63,0.538,2.0,
0,Anfernee Simons,2018-19,19.0,['POR'],NBA,SG,70.0,62.0,35.0,7.5,16.9,0.447,2.6,2.9,0.894,2.6,4.1,2.3,21.1,0,45.0,,https://www.basketball-reference.com/req/202106291/images/headshots/simonan01.jpg,0,0,0,24,2018,0.5,2.3,0.7,0.2,2.1,10.0,11.0,4.0,36.1,3.4,9.1,0.426,4.1,7.8,0.529,0.569,2.0,
0,Marv Schatzman,1949-50,22.0,['BLB'],NBA,,34.0,,,1.3,5.1,0.247,0.9,1.5,0.58,,1.1,1.4,3.4,0,13.0,['STLOUIS'],,0,0,0,,1949,,,,,,,6.0,,,,,,,,,,,
0,Keith Swagerty,1967-68,22.0,['HSM' 'KEN'],Did Not Play (other pro league—Italy),Did Not Play (other pro league—Italy),77.0,,31.8,4.7,11.5,0.41,3.3,5.5,1.0,10.7,1.2,3.1,12.7,0,32.0,['PACIFIC'],,0,0,0,5,1967,4.2,6.4,,,1.5,24.0,2.0,,,0.0,0.3,0.0,4.7,11.4,0.412,0.41,,
0,Al Smith,1971-72,25.0,['DNR' 'UTS'],ABA,SF,83.0,,32.0,4.1,10.3,0.433,3.3,4.2,0.814,3.2,8.1,3.6,11.1,0,32.0,['BRADLEY'],,0,0,0,5,1969,1.0,2.4,1.3,0.1,3.6,9.0,21.0,2.0,13.1,0.4,1.3,0.362,3.8,9.3,0.458,0.456,1.0,
0,Woody Sauldsberry,1957-58,23.0,['PHW' 'STL' 'TOT' 'CHP' 'CHZ' 'BOS'],NBA,PF,77.0,,38.1,7.0,19.2,0.384,1.9,3.1,0.685,11.5,1.6,3.8,15.4,1,41.0,,,1,1,0,5,1957,,,,,,30.0,6.0,,,,,,,,,,,
0,Donta Smith,2004-05,21.0,['ATL'],NBA,SG,38.0,0.0,11.4,1.2,3.0,0.556,0.9,1.3,0.688,1.4,1.0,1.3,3.3,0,15.0,['SEILLINOIS'],,0,0,0,5,2004,0.5,0.9,0.6,0.1,0.7,6.0,4.0,3.0,13.4,0.2,0.6,0.5,1.0,2.4,0.565,0.593,1.0,
0,Maurice Stokes,1955-56,22.0,['ROC' 'CIN'],NBA,C,72.0,,39.0,6.6,18.7,0.354,4.8,6.7,0.715,18.1,6.4,4.1,16.9,0,36.0,['STFRANPA'],,3,0,0,2,1955,,,,,,38.0,14.0,,,,,,,,,,,11.0
0,Jamal Sampson,2002-03,19.0,['MIL' 'LAL' 'CHA' 'SAC' 'DEN'],NBA,PF,23.0,3.0,14.3,1.2,2.7,0.714,1.0,1.7,0.59,5.3,0.7,2.3,3.4,0,10.0,['CALIFORNIA'],,0,0,0,18,2002,2.3,3.7,0.2,0.7,0.7,13.0,3.0,1.0,11.7,0.0,0.0,0.0,1.2,2.7,0.714,0.714,3.0,
0,Xavier Sneed,2021-22,24.0,['TOT' 'MEM' 'UTA' 'CHO'],NBA,SF,9.0,0.0,12.0,1.3,2.5,0.5,1.0,1.0,1.0,1.3,1.3,1.8,4.3,1,9.0,['KANSASST'],https://www.basketball-reference.com/req/202106291/images/headshots/sneedxa01.jpg,0,0,0,,,0.5,1.3,0.0,0.3,0.8,2.0,2.0,,9.1,0.8,1.5,0.5,0.5,1.0,0.5,0.65,1.0,
0,Billy Shepherd,1972-73,23.0,['VIR' 'SDA' 'MMS'],ABA,PG,84.0,,20.7,2.4,6.3,0.417,0.8,1.0,0.9,1.3,4.4,1.2,6.3,0,25.0,['BUTLER'],,0,0,0,,,0.3,1.0,1.2,0.1,1.4,6.0,14.0,5.0,15.5,0.9,2.4,0.42,1.6,3.9,0.416,0.495,1.0,
0,Ed Sadowski,1946-47,31.0,['TOT' 'TRH' 'CLR' 'BOS' 'PHW' 'BLB'],BAA,,69.0,,,7.3,20.9,0.405,6.3,9.0,0.745,,2.7,4.6,19.4,1,35.0,,,0,0,0,,,,,,,,,6.0,,,,,,,,,,,
0,Larry Staverman,1958-59,22.0,['CIN' 'CHZ' 'TOT' 'BAL' 'DET'],NBA,PF,66.0,,18.2,2.8,5.9,0.537,1.5,2.0,1.0,4.8,1.3,2.8,7.2,1,21.0,,,0,0,0,2,1958,,,,,,14.0,4.0,,,,,,,,,,,
0,Willie Somerset,1965-66,23.0,['BAL' 'HSM' 'TOT' 'NYA'],NBA,PG,74.0,,42.7,9.1,21.2,0.448,7.4,8.9,0.836,5.0,4.0,3.7,24.1,1,43.0,['DUQUESNE'],,1,0,0,3,1965,2.0,2.7,,,3.0,9.0,10.0,,,0.6,2.1,0.308,8.5,19.1,0.464,0.464,,
0,Jonathon Simmons,2015-16,26.0,['SAS' 'ORL' 'TOT' 'PHI'],NBA,SG,78.0,50.0,29.4,5.1,11.0,0.504,2.7,3.5,0.778,3.5,2.5,2.5,13.9,1,35.0,['HOUSTON'],https://www.basketball-reference.com/req/202106291/images/headshots/simmojo02.jpg,0,0,0,,,0.9,2.6,0.8,0.3,2.1,8.0,8.0,4.0,28.3,1.0,3.0,0.429,4.1,8.1,0.533,0.541,2.0,
0,Jalen Smith,2020-21,20.0,['PHO' 'TOT' 'IND'],NBA,PF,68.0,31.0,24.7,5.1,9.7,0.531,1.7,2.3,0.769,7.6,1.0,2.3,13.4,1,23.0,['MARYLAND'],https://www.basketball-reference.com/req/202106291/images/headshots/smithja04.jpg,0,0,0,10,2020,2.1,5.5,0.4,1.0,1.1,18.0,4.0,3.0,19.9,1.4,3.8,0.373,3.7,5.9,0.631,0.603,5.0,
0,JaKarr Sampson,2014-15,21.0,['PHI' 'TOT' 'DEN' 'SAC' 'CHI' 'IND'],NBA,SF,74.0,40.0,31.8,7.3,13.5,0.591,4.3,5.3,0.81,8.0,1.0,2.2,20.0,1,29.0,['STJOHNS'],https://www.basketball-reference.com/req/202106291/images/headshots/sampsja02.jpg,0,0,0,,,1.3,6.8,1.0,1.0,1.1,16.0,6.0,3.0,25.6,1.3,3.5,0.5,6.0,10.0,0.647,0.6,4.0,
0,Max Strus,2019-20,23.0,['CHI' 'MIA'],NBA,SF,80.0,33.0,28.4,4.1,9.9,0.667,1.0,1.1,1.0,3.2,2.1,2.1,11.5,0,32.0,['DEPAUL'],https://www.basketball-reference.com/req/202106291/images/headshots/strusma01.jpg,0,0,0,,,0.6,2.6,0.5,0.2,0.9,10.0,10.0,3.0,26.9,2.7,7.0,0.41,1.6,2.8,1.0,0.667,2.0,
0,John Shumate,1974-75,22.0,['TOT' 'PHO' 'BUF' 'DET' 'HOU' 'SAS' 'SEA'],Did Not Play (illness—blood clots in lung),Did Not Play (illness—blood clots in lung),80.0,,35.1,5.5,10.9,0.575,5.3,6.6,0.797,9.8,3.2,3.2,15.5,1,31.0,['NOTREDAME'],,0,0,0,4,1974,2.6,7.3,1.2,1.1,3.0,22.0,10.0,7.0,24.4,0.0,0.0,0.0,5.5,10.9,0.575,0.575,5.0,1.0
0,Bob Schafer,1955-56,22.0,['TOT' 'PHW' 'STL' 'SYR'],NBA,SG,54.0,,15.2,1.7,6.0,0.343,1.3,1.6,0.846,1.4,1.4,1.5,4.6,1,17.0,['VILLANOVA'],,0,0,0,3,1955,,,,,,4.0,5.0,,,,,,,,,,,
0,Courtney Sims,2007-08,24.0,['IND' 'TOT' 'PHO' 'NYK'],NBA,C,3.0,0.0,11.0,3.0,6.0,0.5,0.0,0.0,,4.0,0.3,1.0,6.0,1,6.0,['MICHIGAN'],,0,0,0,,,2.0,2.0,0.0,0.0,1.0,4.0,1.0,,4.6,0.0,0.0,,3.0,6.0,0.5,0.5,,
0,Javonte Smart,2021-22,22.0,['TOT' 'MIL' 'MIA'],NBA,PG,17.0,1.0,12.3,2.0,4.3,0.471,0.4,0.5,0.833,1.5,1.1,0.8,5.0,1,20.0,['LSU'],https://www.basketball-reference.com/req/202106291/images/headshots/smartja01.jpg,0,0,0,,,0.3,1.2,0.5,0.3,0.7,6.0,4.0,1.0,15.3,1.0,2.3,0.444,1.0,2.0,0.5,0.588,2.0,
0,Mustafa Shakur,2010-11,26.0,['WAS' 'OKC'],NBA,PG,22.0,0.0,7.2,1.0,2.7,0.356,0.4,0.7,0.533,1.0,1.3,0.7,2.3,0,8.0,['ARIZONA'],https://www.basketball-reference.com/req/202106291/images/headshots/shakumu01.jpg,0,0,0,,,0.3,0.7,0.2,0.1,0.8,5.0,5.0,2.0,7.7,0.0,0.5,0.1,0.9,2.2,0.408,0.364,2.0,
0,Uroš Slokar,2006-07,23.0,['TOR'],NBA,C,20.0,0.0,3.6,0.7,1.3,0.538,0.5,0.7,0.692,0.7,0.1,0.6,1.9,0,18.0,,,0,0,0,28,2005,0.4,0.4,0.1,0.1,0.5,3.0,1.0,1.0,12.9,0.1,0.1,0.5,0.7,1.2,0.542,0.558,2.0,
0,Matt Steigenga,1996-97,26.0,['CHI'],NBA,SF,2.0,0.0,6.0,0.5,2.0,0.25,0.5,1.0,0.5,1.5,1.0,0.5,1.5,0,2.0,['MICHIGANST'],,0,1,0,25,1992,0.0,1.5,0.5,0.5,1.0,2.0,2.0,1.0,3.3,0.0,1.0,0.0,0.5,1.0,0.5,0.25,1.0,
0,Caleb Swanigan,2017-18,20.0,['POR' 'TOT' 'SAC'],NBA,PF,27.0,3.0,13.3,1.3,3.0,0.605,0.4,0.8,0.857,4.7,1.5,2.7,3.0,1,11.0,['PURDUE'],https://www.basketball-reference.com/req/202106291/images/headshots/swanica01.jpg,0,0,0,26,2017,1.3,3.4,0.7,0.3,1.6,11.0,4.0,2.0,9.7,0.1,0.7,0.2,1.3,2.3,0.634,0.605,2.0,
0,Rory Sparrow,1980-81,22.0,['NJN' 'ATL' 'TOT' 'NYK' 'CHI' 'MIA' 'SAC' 'LAL'],NBA,PG,82.0,82.0,32.7,5.6,12.3,0.516,2.0,2.7,0.879,2.9,7.1,3.3,12.6,1,32.0,['VILLANOVA'],,0,0,0,6,1980,0.8,2.1,1.4,0.2,2.7,10.0,17.0,5.0,32.1,0.4,1.0,0.5,5.3,11.4,0.525,0.519,3.0,1.0
0,Odie Spears,1948-49,24.0,['CHS' 'ROC' 'FTW' 'TOT' 'STL'],BAA,SF,72.0,,26.6,4.1,11.4,0.401,3.2,3.9,1.0,4.6,2.5,3.7,10.5,1,31.0,['WKENTUCKY'],,0,0,0,,1948,,,,,,14.0,5.0,,,,,,,,,,,
0,Walt Simon,1967-68,28.0,['NJA' 'NYA' 'KEN'],ABA,SF,84.0,,40.4,8.4,19.1,0.524,4.3,6.1,0.838,8.1,4.0,4.3,21.1,0,36.0,,,1,0,0,,,2.7,5.5,0.5,0.1,2.7,19.0,11.0,,,0.1,0.4,0.222,8.3,18.7,0.533,0.525,,1.0
0,J.R. Smith,2004-05,19.0,['NOH' 'NOK' 'DEN' 'NYK' 'TOT' 'CLE' 'LAL'],NBA,SG,81.0,77.0,33.5,6.6,15.6,0.461,3.0,3.9,1.0,5.3,3.4,2.8,18.1,1,45.0,,https://www.basketball-reference.com/req/202106291/images/headshots/smithjr01.jpg,0,2,0,18,2004,0.8,4.5,1.5,0.4,1.9,14.0,9.0,5.0,37.7,2.8,7.3,0.403,4.7,10.2,0.545,0.578,4.0,
0,Don Sunderlage,1953-54,24.0,['MLH' 'MNL'],NBA,SG,68.0,,32.8,3.7,11.0,0.34,3.7,5.0,0.748,3.3,2.8,3.9,11.2,0,28.0,['ILLINOIS'],,1,0,0,9,1951,,,,,,4.0,7.0,,,,,,,,,,,
0,Ed Stokes,1997-98,26.0,['TOR'],NBA,C,4.0,0.0,4.3,0.3,0.8,0.333,0.3,0.5,0.5,1.0,0.3,1.0,0.8,0,2.0,['ARIZONA'],,0,0,0,8,1993,0.3,0.8,0.3,0.5,0.5,2.0,1.0,1.0,2.3,0.0,0.0,,0.3,0.8,0.333,0.333,1.0,
0,Jim Spanarkel,1979-80,22.0,['PHI' 'DAL'],NBA,SG,82.0,4.0,28.3,4.9,10.6,0.479,4.6,5.2,0.887,3.6,2.8,2.8,14.4,0,28.0,['DUKE'],,0,0,0,16,1979,1.7,1.9,1.4,0.2,2.1,10.0,10.0,8.0,30.3,0.1,0.3,0.5,4.9,10.4,0.485,0.486,2.0,
0,Keith Smart,1988-89,24.0,['SAS'],NBA,PG,2.0,0.0,6.0,0.0,1.0,0.0,1.0,1.0,1.0,0.5,1.0,0.0,1.0,0,2.0,['INDIANA'],,0,0,0,16,1988,0.0,0.5,0.0,0.0,1.0,1.0,2.0,,0.3,0.0,0.5,0.0,0.0,0.5,0.0,0.0,,
0,Alperen Şengün,2021-22,19.0,['HOU'],NBA,C,75.0,72.0,28.9,5.9,10.7,0.553,2.7,3.8,0.715,9.0,3.9,3.4,14.8,0,33.0,,https://www.basketball-reference.com/req/202106291/images/headshots/sengual01.jpg,0,0,0,16,2021,3.2,5.8,0.9,0.9,2.6,21.0,11.0,4.0,35.0,0.4,1.6,0.333,5.6,9.9,0.57,0.565,5.0,2.0
0,Brian Shaw,1988-89,22.0,['BOS' 'TOT' 'MIA' 'ORL' 'GSW' 'PHI' 'POR' 'LAL'],NBA,SG,82.0,79.0,35.1,5.6,11.9,0.469,2.6,3.2,0.875,4.7,7.6,2.8,13.8,1,32.0,['STMARYSCA' 'UCSB'],,0,3,0,24,1988,1.5,3.4,1.3,0.6,2.8,15.0,17.0,7.0,31.2,0.9,2.8,0.349,5.6,11.6,0.48,0.472,4.0,1.0
0,Chris Silva,2019-20,23.0,['MIA' 'TOT' 'SAC' 'MIN' 'DAL'],NBA,PF,44.0,0.0,9.8,1.1,1.8,1.0,1.1,1.4,0.833,3.9,0.8,2.2,3.0,1,13.0,['SCAROLINA'],https://www.basketball-reference.com/req/202106291/images/headshots/silvach01.jpg,0,0,0,,,1.4,2.4,0.2,0.5,1.0,11.0,4.0,3.0,11.0,0.1,0.1,1.0,1.1,1.7,1.0,1.0,3.0,
0,Ricky Sobers,1975-76,23.0,['PHO' 'IND' 'CHI' 'WSB' 'SEA'],NBA,SG,82.0,81.0,38.2,7.0,15.5,0.496,4.2,5.1,0.935,4.1,7.4,3.9,18.2,0,34.0,['UNLV'],,0,0,0,16,1975,1.5,3.0,2.2,0.3,4.5,12.0,16.0,7.0,31.1,0.6,1.4,0.418,7.0,15.5,0.496,0.496,3.0,1.0
0,Dick Schnittker,1950-51,22.0,['WSC' 'MNL'],NBA,SF,72.0,,26.8,3.5,9.0,0.411,4.2,5.0,0.866,5.3,2.0,3.5,11.3,0,24.0,['OHIOST'],,0,2,0,5,1950,,,,,,19.0,7.0,,,,,,,,,,,
0,Bob Santini,1955-56,20.0,['NYK'],NBA,,4.0,,5.8,1.3,2.5,0.5,0.3,0.5,0.5,0.8,0.3,1.0,2.8,0,6.0,,,0,0,0,,1953,,,,,,,,,,,,,,,,,,
0,Charles Smith,1988-89,23.0,['LAC' 'NYK' 'TOT' 'SAS'],NBA,PF,81.0,76.0,36.5,7.6,15.8,0.52,5.8,7.3,0.794,8.2,1.8,3.8,21.1,1,52.0,['PITT'],https://www.basketball-reference.com/req/202106291/images/headshots/smithch01.jpg,0,0,0,3,1988,2.9,5.3,1.1,2.0,2.2,17.0,6.0,5.0,41.9,0.2,0.4,0.5,7.6,15.7,0.524,0.52,8.0,
0,Jim Seminoff,1946-47,24.0,['CHS' 'BOS'],BAA,,65.0,,,3.1,9.8,0.314,2.6,3.8,0.755,,3.9,3.4,7.9,0,22.0,,,0,0,0,,,,,,,,,14.0,,,,,,,,,,,
0,Bill Sharman,1950-51,24.0,['WSC' 'BOS'],NBA,SG,72.0,,37.5,8.7,20.6,0.456,5.7,6.3,0.932,4.7,4.7,3.4,22.3,0,44.0,['USC'],https://www.basketball-reference.com/req/202106291/images/headshots/sharmbi01.jpg,8,4,0,5,1950,,,,,,15.0,11.0,,,,,,,,,,,
0,Randy Stoll,1967-68,,['ANA'],ABA,PF,25.0,,16.1,2.6,5.5,0.478,0.4,1.0,0.4,3.6,0.5,1.7,5.7,0,18.0,['WASHST'],,0,0,0,,,,,,,1.1,7.0,,,,0.0,0.0,,2.6,5.5,0.478,0.478,,
0,Dick Surhoff,1952-53,23.0,['NYK' 'MLH'],NBA,SF,32.0,,11.2,1.3,4.0,0.333,1.5,1.9,0.758,2.2,0.7,1.7,4.2,0,14.0,,,0,0,0,,1952,,,,,,5.0,2.0,,,,,,,,,,,
0,Kevin Stacom,1974-75,23.0,['BOS' 'TOT' 'IND' 'MIL'],NBA,SG,79.0,0.0,18.3,3.7,8.8,0.453,1.0,1.3,0.879,2.1,2.0,1.5,8.5,1,22.0,['HOLYCROSS' 'PROVIDENCE'],,0,1,0,6,1973,0.8,1.5,0.6,0.1,1.3,7.0,7.0,4.0,18.3,0.1,0.3,0.5,3.7,8.8,0.453,0.453,1.0,
0,Alexey Shved,2012-13,24.0,['MIN' 'TOT' 'PHI' 'HOU' 'NYK'],NBA,SG,77.0,16.0,26.4,4.6,11.3,0.403,4.0,5.1,0.842,4.6,3.7,1.6,14.8,1,25.0,,https://www.basketball-reference.com/req/202106291/images/headshots/shvedal01.jpg,0,0,0,,,0.9,3.7,0.9,0.4,1.9,11.0,12.0,3.0,21.6,1.6,4.4,0.371,2.9,6.9,0.479,0.475,3.0,
0,Ray Scott,1961-62,23.0,['DET' 'TOT' 'BAL' 'VIR'],NBA,PF,82.0,,37.1,7.6,17.1,0.45,4.3,6.0,0.803,13.7,3.6,3.7,19.0,1,39.0,['PORTLAND'],,0,0,0,4,1961,2.3,5.7,,,1.9,28.0,11.0,,,0.0,0.1,1.0,7.6,17.1,0.45,0.451,,1.0
0,Tomáš Satoranský,2016-17,25.0,['WAS' 'CHI' 'TOT' 'NOP' 'SAS'],NBA,SG,80.0,64.0,28.9,3.6,8.5,0.523,3.0,4.0,0.876,3.9,5.4,2.2,9.9,1,27.0,,https://www.basketball-reference.com/req/202106291/images/headshots/satorto01.jpg,0,0,0,2,2012,1.2,2.7,1.2,0.2,2.0,12.0,14.0,6.0,25.4,1.0,3.1,0.465,2.7,5.4,0.602,0.585,3.0,1.0
0,Dennis Smith Jr.,2017-18,20.0,['DAL' 'TOT' 'NYK' 'DET' 'POR' 'CHO'],NBA,PG,69.0,69.0,29.7,5.9,14.8,0.44,2.0,3.5,0.833,3.8,5.4,2.6,15.2,1,31.0,['NCSTATE'],https://www.basketball-reference.com/req/202106291/images/headshots/smithde03.jpg,0,0,0,9,2017,0.7,3.0,1.4,0.7,3.1,12.0,15.0,7.0,24.3,1.5,4.9,0.352,4.6,10.0,0.491,0.5,3.0,3.0
0,Fred Schaus,1949-50,24.0,['FTW' 'TOT' 'NYK'],NBA,,69.0,,41.6,5.2,14.6,0.397,5.9,7.1,0.835,7.3,4.0,3.8,15.1,1,33.0,['WVIRGINIA'],https://www.basketball-reference.com/req/202106291/images/headshots/schaufr01.jpg,1,0,0,,1949,,,,,,15.0,13.0,,,,,,,,,,,
0,Brad Sellers,1986-87,24.0,['CHI' 'TOT' 'SEA' 'MIN' 'DET'],NBA,PF,82.0,76.0,27.0,4.0,8.7,0.485,1.6,2.2,0.949,4.7,1.7,2.4,9.5,1,32.0,['WISCONSIN' 'OHIOST'],,0,0,0,9,1986,1.9,2.7,0.6,0.9,1.1,13.0,8.0,4.0,28.2,0.0,0.1,0.5,4.0,8.6,0.485,0.488,5.0,
0,Jerry Smith,2011-12,24.0,['NJN'],NBA,PG,5.0,0.0,9.2,0.6,2.8,0.214,0.0,0.0,,1.4,0.8,1.0,1.4,0,5.0,['LOUISVILLE'],https://www.basketball-reference.com/req/202106291/images/headshots/smithje01.jpg,0,0,0,,,0.4,1.0,1.0,0.0,0.0,4.0,3.0,2.0,4.8,0.2,1.2,0.167,0.4,1.6,0.25,0.25,,
0,Dan Sparks,1968-69,23.0,['MMF'],ABA,PF,64.0,,17.8,2.4,6.2,0.389,1.8,2.6,0.833,5.3,0.7,2.7,6.5,0,23.0,['WEBERST'],,0,0,0,5,1968,3.0,2.3,,,1.3,10.0,3.0,,,0.0,0.0,,2.4,6.2,0.389,0.389,,
0,Shaedon Sharpe,2022-23,19.0,['POR'],NBA,SG,80.0,15.0,22.2,3.8,8.1,0.472,0.9,1.3,0.714,3.0,1.2,1.7,9.9,0,30.0,,https://www.basketball-reference.com/req/202106291/images/headshots/sharpsh01.jpg,0,0,0,7,2022,0.8,2.2,0.5,0.3,1.0,9.0,7.0,4.0,20.7,1.3,3.5,0.36,2.6,4.6,0.559,0.551,2.0,
0,Ralph Sampson,1983-84,23.0,['HOU' 'TOT' 'GSW' 'SAC' 'WSB'],NBA,C,82.0,82.0,37.6,9.2,18.3,0.523,3.7,5.5,0.775,11.1,3.6,4.1,22.1,1,43.0,['VIRGINIA'],https://www.basketball-reference.com/req/202106291/images/headshots/sampsra01.jpg,4,0,0,1,1983,3.6,7.9,1.3,2.4,4.0,25.0,9.0,6.0,36.9,0.1,0.3,0.375,9.2,18.2,0.524,0.523,13.0,1.0
0,Larry Stewart,1991-92,23.0,['WSB' 'SEA'],NBA,PF,81.0,43.0,29.3,4.0,7.8,0.543,2.5,3.3,0.807,5.9,1.8,3.0,10.4,0,32.0,['COPPINST'],,0,0,0,,,2.4,3.5,0.7,0.6,1.9,16.0,11.0,5.0,27.3,0.1,0.5,0.243,4.0,7.7,0.544,0.543,4.0,
0,Robert Swift,2004-05,19.0,['SEA' 'OKC'],NBA,C,47.0,20.0,21.0,2.6,5.1,0.521,1.1,1.9,1.0,5.6,0.3,3.0,6.4,0,17.0,,,0,0,0,12,2004,2.0,3.6,0.6,1.2,1.3,13.0,2.0,2.0,16.8,0.0,0.0,,2.6,5.1,0.521,0.521,4.0,
0,Dario Šarić,2016-17,22.0,['PHI' 'TOT' 'MIN' 'PHO' 'OKC'],NBA,PF,81.0,73.0,30.5,5.2,11.4,0.515,2.3,2.7,0.9,6.7,2.6,3.0,14.6,1,32.0,,https://www.basketball-reference.com/req/202106291/images/headshots/saricda01.jpg,0,0,0,12,2014,2.0,5.0,0.7,0.4,2.3,17.0,9.0,5.0,25.2,2.0,5.4,0.393,3.4,7.2,0.623,0.606,3.0,
0,Reggie Smith,1992-93,22.0,['POR'],NBA,C,43.0,9.0,7.3,0.7,1.7,0.403,0.4,0.9,0.474,2.3,0.1,1.1,1.8,0,6.0,['TXCHRIST'],,0,0,0,4,1992,0.9,1.4,0.3,0.1,0.3,10.0,1.0,2.0,8.3,0.0,0.0,0.0,0.7,1.7,0.403,0.403,3.0,
0,Mike Sojourner,1974-75,21.0,['ATL'],NBA,C,73.0,,29.2,5.2,10.6,0.488,1.3,2.0,0.719,8.8,1.3,3.0,11.7,0,29.0,['UTAH'],,0,0,0,10,1974,2.7,6.1,0.6,0.8,,20.0,5.0,3.0,,,,,,,,,3.0,
0,Peyton Siva,2013-14,23.0,['DET'],NBA,SG,24.0,0.0,9.3,0.8,2.4,0.316,0.5,0.6,0.733,0.6,1.4,1.1,2.3,0,12.0,['LOUISVILLE'],https://www.basketball-reference.com/req/202106291/images/headshots/sivape01.jpg,0,0,0,26,2013,0.1,0.5,0.4,0.0,0.8,2.0,5.0,2.0,8.4,0.3,1.0,0.28,0.5,1.3,0.344,0.377,1.0,
0,Derek Smith,1982-83,21.0,['GSW' 'SDC' 'LAC' 'SAC' 'TOT' 'PHI' 'BOS'],NBA,SF,80.0,80.0,34.5,9.1,16.5,0.552,5.3,7.6,0.794,5.3,3.9,4.0,23.5,1,41.0,['LOUISVILLE'],,0,0,0,12,1982,2.2,3.2,1.0,1.2,3.0,11.0,10.0,5.0,33.9,0.2,0.7,0.5,9.0,16.3,0.553,0.555,5.0,
0,Lynn Shackelford,1969-70,22.0,['MMF'],ABA,SF,22.0,,8.3,1.0,3.3,0.306,0.5,0.6,0.769,1.2,0.5,1.5,2.6,0,15.0,['UCLA'],,0,0,0,6,1969,0.5,0.7,,,0.4,5.0,3.0,,,0.2,0.6,0.308,0.8,2.7,0.305,0.333,,
0,Ben Simmons,2016-17,20.0,['PHI' 'BRK'],Did Not Play (injury—foot),Did Not Play (injury—foot),81.0,81.0,35.4,6.8,12.3,0.58,3.3,5.4,0.621,8.8,8.2,3.3,16.9,0,42.0,['LSU'],https://www.basketball-reference.com/req/202106291/images/headshots/simmobe01.jpg,3,0,0,1,2016,2.2,6.6,2.1,0.9,3.5,22.0,17.0,7.0,42.4,0.1,0.2,0.3,6.8,12.2,0.583,0.581,4.0,33.0
0,Jordan Schakel,2021-22,23.0,['WAS'],NBA,SG,4.0,0.0,7.5,0.5,2.8,0.5,0.5,0.5,1.0,2.0,0.5,0.5,1.5,0,5.0,['SANDIEGOST'],https://www.basketball-reference.com/req/202106291/images/headshots/schakjo01.jpg,0,0,0,,,0.5,1.5,0.5,0.0,0.3,4.0,1.0,1.0,3.8,0.5,1.5,1.0,0.0,1.3,0.0,0.75,,
0,Ralph Siewert,1946-47,23.0,['TOT' 'STB' 'TRH'],BAA,,21.0,,,0.4,2.2,0.161,0.4,0.7,0.6,,0.3,1.1,1.1,1,3.0,,,0,0,0,,,,,,,,,1.0,,,,,,,,,,,
0,James Southerland,2013-14,23.0,['TOT' 'CHA' 'NOP'],NBA,SF,4.0,0.0,9.0,1.7,4.0,0.417,0.3,0.7,0.5,2.7,0.0,1.0,4.7,1,10.0,['SYRACUSE'],https://www.basketball-reference.com/req/202106291/images/headshots/southja01.jpg,0,0,0,,,0.0,2.7,0.3,0.7,0.3,4.0,,1.0,8.3,1.0,1.7,0.6,0.7,2.3,0.286,0.542,1.0,
0,Theron Smith,2003-04,23.0,['MEM' 'CHA'],NBA,SF,33.0,5.0,15.5,1.3,4.1,0.372,0.4,0.5,0.875,3.5,0.8,1.8,3.2,0,10.0,['BALLST'],,0,0,0,,,1.2,2.3,0.3,0.3,0.8,10.0,3.0,2.0,11.0,0.3,0.6,0.5,1.2,3.8,0.331,0.442,2.0,
0,Craig Smith,2006-07,23.0,['MIN' 'LAC' 'POR'],NBA,PF,82.0,31.0,20.1,3.9,6.9,0.569,2.3,3.4,0.735,5.1,1.1,2.8,10.1,0,36.0,['BOSTONCOLL'],https://www.basketball-reference.com/req/202106291/images/headshots/smithcr01.jpg,0,0,0,6,2006,1.8,3.3,0.6,0.3,1.4,13.0,5.0,5.0,29.7,0.0,0.1,0.2,3.9,6.9,0.574,0.571,3.0,
0,Gary Suiter,1970-71,26.0,['CLE'],NBA,,30.0,,4.7,0.6,1.8,0.352,0.1,0.3,0.444,1.4,0.1,0.7,1.4,0,6.0,,,0,0,0,,,,,,,,5.0,1.0,,,,,,,,,,,
0,Omari Spellman,2018-19,21.0,['ATL' 'GSW'],NBA,PF,49.0,11.0,18.1,2.6,6.0,0.431,1.5,1.9,0.793,4.5,1.0,1.5,7.6,0,23.0,['VILLANOVA'],https://www.basketball-reference.com/req/202106291/images/headshots/spellom01.jpg,0,0,0,30,2018,1.6,2.9,0.7,0.5,1.1,11.0,4.0,4.0,24.8,1.0,2.8,0.391,1.7,3.8,0.466,0.503,4.0,
0,Herb Scherer,1950-51,22.0,['TRI' 'NYK'],NBA,C,20.0,,13.9,1.6,5.4,0.292,1.0,1.8,0.643,2.5,0.9,2.8,3.9,0,12.0,['LONGISLAND'],,0,0,0,7,1950,,,,,,7.0,2.0,,,,,,,,,,,
0,Tony Snell,2013-14,22.0,['CHI' 'MIL' 'DET' 'ATL' 'TOT' 'POR' 'NOP'],NBA,SG,80.0,80.0,29.2,3.1,6.8,0.515,0.6,0.8,1.0,3.1,2.2,1.7,8.5,1,26.0,['NMEXICO'],https://www.basketball-reference.com/req/202106291/images/headshots/snellto01.jpg,0,0,0,20,2013,0.4,2.8,0.7,0.4,0.8,11.0,7.0,4.0,22.8,1.8,4.4,0.569,1.3,2.9,0.571,0.696,3.0,
0,Bingo Smith,1969-70,23.0,['SDR' 'CLE' 'TOT' 'SDC'],NBA,SF,82.0,,33.3,7.1,14.8,0.483,2.3,3.0,0.875,6.1,3.4,3.0,15.9,1,41.0,['TULSA'],https://www.basketball-reference.com/req/202106291/images/headshots/smithbi02.jpg,0,0,0,6,1969,1.6,3.7,1.1,0.4,1.1,15.0,10.0,6.0,23.8,0.3,1.1,0.289,7.1,14.8,0.483,0.483,3.0,
0,Mike Scott,2012-13,24.0,['ATL' 'WAS' 'TOT' 'LAC' 'PHI'],NBA,PF,80.0,12.0,24.0,3.8,7.9,0.527,1.3,1.7,0.875,3.8,1.1,2.5,9.6,1,30.0,['VIRGINIA'],https://www.basketball-reference.com/req/202106291/images/headshots/scottmi01.jpg,0,0,0,13,2012,1.0,3.1,0.5,0.3,1.0,14.0,5.0,4.0,24.6,1.8,4.4,0.412,3.0,5.4,0.582,0.59,3.0,
0,Mike Sweetney,2003-04,21.0,['NYK' 'CHI'],NBA,PF,77.0,44.0,19.6,3.1,6.7,0.531,2.3,3.1,0.749,5.4,0.9,3.2,8.4,0,24.0,['GEORGETOWN'],https://www.basketball-reference.com/req/202106291/images/headshots/sweetmi01.jpg,0,0,0,9,2003,2.2,3.5,0.4,0.8,1.4,14.0,4.0,2.0,22.2,0.0,0.0,0.0,3.1,6.7,0.533,0.531,4.0,
0,Willie Scott,1969-70,22.0,['DLC'],ABA,,8.0,,6.4,0.8,1.9,0.4,0.1,0.8,0.167,0.5,0.3,2.0,1.6,0,4.0,,,0,0,0,14,1969,0.3,0.3,,,1.0,,1.0,,,0.0,0.0,,0.8,1.9,0.4,0.4,,
0,Russ Smith,2014-15,23.0,['TOT' 'NOP' 'MEM'],NBA,PG,15.0,0.0,6.0,1.0,2.5,0.4,2.0,2.2,0.923,0.6,1.0,1.2,4.2,1,16.0,['LOUISVILLE'],https://www.basketball-reference.com/req/202106291/images/headshots/smithru01.jpg,0,0,0,17,2014,0.2,0.5,0.5,0.1,1.2,3.0,4.0,2.0,14.0,0.2,1.0,0.2,0.8,1.7,0.5,0.433,1.0,
0,Rollie Seltz,1949-50,26.0,['AND'],NBA,,34.0,,,2.7,9.1,0.301,2.4,3.1,0.769,,1.9,2.1,7.8,0,18.0,,,0,0,0,,,,,,,,,8.0,,,,,,,,,,,
0,Jerry Stackhouse,1995-96,21.0,['PHI' 'TOT' 'DET' 'WAS' 'DAL' 'MIL' 'MIA' 'ATL' 'BRK'],NBA,SG,82.0,82.0,40.2,9.7,24.1,0.452,8.3,10.1,1.0,4.2,5.3,2.7,29.8,1,57.0,['UNC'],https://www.basketball-reference.com/req/202106291/images/headshots/stackje01.jpg,2,0,0,3,1995,1.9,3.1,1.4,1.1,4.1,15.0,13.0,7.0,40.3,2.1,5.9,0.383,7.6,18.2,0.488,0.481,5.0,1.0
0,Damon Stoudamire,1995-96,22.0,['TOR' 'TOT' 'POR' 'MEM' 'SAS'],NBA,PG,82.0,82.0,41.5,7.2,17.4,0.434,4.1,5.0,0.915,4.4,9.3,2.5,20.2,1,54.0,['ARIZONA'],https://www.basketball-reference.com/req/202106291/images/headshots/stoudda01.jpg,0,0,0,7,1995,1.3,3.2,1.6,0.3,3.8,12.0,19.0,5.0,40.1,2.2,6.1,0.395,5.9,12.8,0.46,0.49,2.0,6.0
0,Milt Schoon,1946-47,24.0,['DTF' 'SHE'],BAA,,62.0,,,2.4,5.9,0.41,3.2,4.8,0.653,,1.4,3.1,8.0,0,24.0,,,0,0,0,,,,,,,,,7.0,,,,,,,,,,,
0,Kevin Salvadori,1996-97,26.0,['SAC'],NBA,C,23.0,0.0,6.7,0.5,1.4,0.364,0.6,0.8,0.722,1.3,0.4,0.8,1.6,0,9.0,['UNC'],,0,0,0,,,0.3,0.9,0.1,0.7,0.5,6.0,4.0,1.0,9.9,0.0,0.0,,0.5,1.4,0.364,0.364,3.0,
0,John Stroud,1980-81,23.0,['HOU'],NBA,SF,9.0,,9.8,1.2,3.8,0.324,0.3,0.4,0.75,1.4,1.0,0.8,2.8,0,11.0,['OLEMISS'],,0,0,0,4,1980,0.8,0.7,0.1,0.0,0.4,6.0,4.0,1.0,8.3,0.0,0.0,,1.2,3.8,0.324,0.324,,
0,Gino Sovran,1946-47,22.0,['TRH'],BAA,,6.0,,,0.8,2.5,0.333,0.2,0.3,0.5,,0.2,0.8,1.8,0,6.0,,,0,0,0,,,,,,,,,,,,,,,,,,,,
0,Felton Spencer,1990-91,23.0,['MIN' 'UTA' 'TOT' 'ORL' 'GSW' 'SAS' 'NYK'],NBA,C,81.0,79.0,28.0,3.2,6.4,1.0,3.1,4.0,0.793,8.3,1.0,4.2,9.3,1,23.0,['LOUISVILLE'],,0,0,0,6,1990,5.0,5.4,0.6,1.5,2.0,19.0,4.0,3.0,25.8,0.0,0.0,0.0,3.2,6.4,1.0,1.0,7.0,
0,Larry Sykes,1995-96,22.0,['BOS'],NBA,PF,1.0,0.0,2.0,0.0,0.0,,0.0,0.0,,2.0,0.0,0.0,0.0,0,,['XAVIER'],,0,0,0,,,1.0,1.0,0.0,0.0,1.0,2.0,,,0.0,0.0,0.0,,0.0,0.0,,,,
0,Salim Stoudamire,2005-06,23.0,['ATL'],NBA,SG,61.0,1.0,20.3,3.3,8.1,0.416,1.6,1.8,0.9,1.9,1.2,1.9,9.7,0,37.0,['ARIZONA'],,0,0,0,1,2005,0.2,1.7,0.4,0.1,1.3,7.0,5.0,3.0,27.2,1.3,3.5,0.38,2.0,4.5,0.448,0.498,2.0,
0,Frank Schade,1972-73,23.0,['KCO'],NBA,PG,9.0,,8.4,0.2,0.8,0.286,0.7,0.7,1.0,0.7,1.1,1.3,1.1,0,4.0,,,0,0,0,6,1972,,,,,,2.0,2.0,,,,,,,,,,,
0,Sam Smith,1967-68,24.0,['MNM' 'KEN' 'TOT' 'UTS'],ABA,SF,81.0,,29.7,3.8,9.7,0.452,2.4,3.6,0.663,8.9,1.3,2.5,9.8,1,29.0,,,0,1,0,9,1967,3.7,5.2,,,1.5,24.0,3.0,,,0.1,0.3,0.333,3.8,9.7,0.465,0.452,,
0,Robert Sacre,2012-13,23.0,['LAL'],NBA,C,67.0,18.0,16.9,2.2,4.6,0.477,1.0,1.5,0.681,3.9,0.8,2.1,5.4,0,15.0,['GONZAGA'],https://www.basketball-reference.com/req/202106291/images/headshots/sacrero01.jpg,0,0,0,30,2012,1.3,2.6,0.4,0.7,0.7,11.0,4.0,3.0,18.6,0.0,0.0,0.0,2.2,4.6,0.477,0.477,4.0,
0,Kirk Snyder,2004-05,21.0,['UTA' 'NOK' 'HOU' 'TOT' 'MIN'],NBA,SG,68.0,45.0,25.2,3.1,6.7,0.516,2.1,2.9,0.753,4.2,2.1,1.8,8.4,1,28.0,['NEVADA'],,0,0,0,16,2004,0.9,3.3,0.7,0.5,1.8,11.0,12.0,5.0,25.9,0.7,1.9,0.357,3.0,5.4,0.579,0.525,4.0,
0,Michael Smith,1989-90,24.0,['BOS' 'LAC'],NBA,PF,65.0,7.0,11.0,2.2,4.6,0.476,0.9,1.0,0.867,1.9,1.2,1.4,5.3,0,24.0,['BYU'],,0,0,0,13,1989,0.6,1.5,0.2,0.1,0.8,10.0,8.0,2.0,20.7,0.1,0.5,0.25,2.1,4.3,0.519,0.49,2.0,
0,Kenny Sears,1955-56,22.0,['NYK' 'TOT' 'SFW'],NBA,PF,77.0,,37.3,6.9,14.1,0.533,7.1,8.3,0.868,13.7,2.0,3.5,21.0,1,41.0,['SANTACLARA'],https://www.basketball-reference.com/req/202106291/images/headshots/searske01.jpg,2,0,0,5,1953,,,,,,24.0,11.0,,,,,,,,,,,1.0
0,Larry Smith,1980-81,23.0,['GSW' 'HOU' 'SAS'],NBA,PF,82.0,78.0,31.7,4.6,8.6,0.588,2.2,3.7,0.605,12.1,1.5,3.9,11.1,0,25.0,['ALCORNST'],https://www.basketball-reference.com/req/202106291/images/headshots/smithla01.jpg,0,0,0,1,1980,5.3,7.2,1.0,0.8,2.0,31.0,6.0,6.0,28.1,0.0,0.1,0.0,4.6,8.6,0.588,0.588,6.0,
0,Andre Spencer,1992-93,28.0,['TOT' 'ATL' 'GSW' 'SAC'],NBA,SF,28.0,1.0,23.9,4.3,9.4,0.5,2.4,3.2,0.759,4.7,1.4,3.6,11.0,1,24.0,['NARIZONA'],,0,0,0,,,2.2,2.5,0.9,0.4,1.4,11.0,8.0,3.0,24.8,0.0,0.1,0.0,4.3,9.3,0.5,0.5,3.0,
0,Awvee Storey,2004-05,27.0,['NJN' 'WAS' 'MIL'],NBA,SG,26.0,1.0,10.0,1.5,3.4,0.438,0.5,1.1,0.571,2.1,0.6,1.6,3.5,0,13.0,['ILLINOIS' 'ARIZONAST'],,0,0,0,,,1.2,0.9,0.3,0.0,0.4,7.0,3.0,2.0,12.5,0.1,0.3,0.5,1.5,3.2,0.476,0.438,1.0,
0,Ramon Sessions,2007-08,21.0,['MIL' 'MIN' 'CLE' 'TOT' 'LAL' 'CHA' 'SAC' 'WAS' 'CHO' 'NYK'],NBA,PG,83.0,39.0,32.5,5.0,11.1,0.479,5.1,6.1,0.841,3.8,7.5,2.0,15.8,1,44.0,['NEVADA'],https://www.basketball-reference.com/req/202106291/images/headshots/sessira01.jpg,0,0,0,26,2007,0.8,3.2,1.1,0.2,2.6,10.0,24.0,5.0,39.7,0.7,2.0,0.486,4.4,9.4,0.507,0.519,2.0,1.0
0,Pape Sy,2010-11,22.0,['ATL'],NBA,SF,3.0,0.0,7.0,0.7,2.0,0.333,1.0,1.0,1.0,1.0,0.7,0.3,2.3,0,7.0,,https://www.basketball-reference.com/req/202106291/images/headshots/sypa01.jpg,0,0,0,23,2010,0.7,0.3,0.3,0.0,1.0,2.0,2.0,1.0,3.7,0.0,0.3,0.0,0.7,1.7,0.4,0.333,,
0,Skeeter Swift,1969-70,23.0,['NOB' 'TOT' 'MMP' 'PTC' 'DLC' 'SAA'],ABA,SG,80.0,,31.3,5.3,11.2,0.473,3.0,3.5,0.861,3.4,4.3,3.6,13.7,1,29.0,['ETENNST'],,0,0,0,2,1969,0.8,2.6,0.2,0.0,3.2,8.0,10.0,,,0.6,2.3,0.388,4.8,9.6,0.499,0.499,,
0,Al Salvadori,1967-68,22.0,['OAK'],ABA,,17.0,,10.9,1.2,3.4,0.362,0.6,0.9,0.688,2.7,0.2,1.6,3.2,0,9.0,['SCAROLINA'],,0,0,0,1,1967,,,,,0.7,4.0,,,,0.1,0.1,1.0,1.2,3.4,0.351,0.371,,
0,LaBradford Smith,1991-92,22.0,['WSB' 'TOT' 'SAC'],NBA,SG,69.0,33.0,22.4,3.8,8.3,0.458,2.1,2.9,0.858,1.7,2.7,2.6,9.3,1,37.0,['LOUISVILLE'],,0,0,0,19,1991,0.7,1.2,0.9,0.1,1.5,6.0,9.0,6.0,31.4,0.4,1.0,0.35,3.7,7.9,0.463,0.465,1.0,
0,Dennis Scott,1990-91,22.0,['ORL' 'TOT' 'DAL' 'PHO' 'NYK' 'MIN' 'VAN'],NBA,SG,82.0,82.0,37.1,7.4,18.4,0.446,3.6,3.9,0.901,3.8,3.0,2.7,19.9,1,41.0,['GATECH'],https://www.basketball-reference.com/req/202106291/images/headshots/scottde01.jpg,0,0,0,4,1990,0.8,3.0,1.1,0.6,1.9,11.0,9.0,5.0,32.7,3.3,7.7,0.449,5.8,13.4,0.461,0.559,6.0,
0,Carl Shaeffer,1949-50,25.0,['INO'],NBA,,43.0,,,1.4,3.7,0.369,0.7,1.3,1.0,1.0,0.9,2.4,3.5,0,16.0,['ALABAMA'],,0,0,0,,1949,,,,,,2.0,,,,,,,,,,,,
0,Barry Sumpter,1988-89,23.0,['LAC'],NBA,PF,1.0,0.0,1.0,0.0,1.0,0.0,0.0,0.0,,0.0,0.0,0.0,0.0,0,,['LOUISVILLE' 'AUSTINPEAY'],,0,0,0,6,1988,0.0,0.0,0.0,0.0,0.0,,,,-0.7,0.0,0.0,,0.0,1.0,0.0,0.0,,
0,Tom Stith,1961-62,23.0,['NYK'],Did Not Play (illness—tuberculosis),Did Not Play (illness—tuberculosis),25.0,,8.4,1.5,4.4,0.336,0.1,0.4,0.3,1.6,0.7,0.9,3.1,0,9.0,['STBONNY'],,0,0,0,2,1961,,,,,,4.0,1.0,,,,,,,,,,,
0,Barry Stevens,1992-93,30.0,['GSW'],NBA,SF,2.0,0.0,3.0,0.5,1.0,0.5,0.0,0.0,,1.0,0.0,0.5,1.0,0,2.0,['IOWAST'],,0,0,0,19,1985,1.0,0.0,0.0,0.0,0.0,1.0,,,1.7,0.0,0.0,,0.5,1.0,0.5,0.5,,
0,Jerry Sloan,1965-66,23.0,['BAL' 'CHI'],NBA,SG,82.0,,39.3,7.4,16.8,0.447,4.3,6.0,0.796,9.1,3.5,4.0,18.3,0,43.0,['EVANSVILLE'],https://www.basketball-reference.com/req/202106291/images/headshots/sloanje01.jpg,2,0,0,3,1964,2.3,5.3,2.4,0.2,,21.0,13.0,7.0,,,,,,,,,2.0,2.0
0,James Silas,1972-73,23.0,['DLC' 'SAA' 'SAS' 'CLE'],ABA,SG,84.0,34.0,37.9,8.5,16.5,0.519,6.7,7.7,0.887,4.3,5.4,3.4,23.8,0,46.0,['SFAUSTIN'],https://www.basketball-reference.com/req/202106291/images/headshots/silasja01.jpg,2,0,0,7,1972,1.4,3.1,1.8,0.3,3.0,15.0,15.0,6.0,28.0,0.0,0.1,0.0,8.5,16.5,0.52,0.519,2.0,
0,Eric Snow,1995-96,22.0,['SEA' 'TOT' 'PHI' 'CLE'],NBA,PG,82.0,82.0,37.9,4.5,10.2,0.452,4.0,4.6,0.858,3.7,7.6,3.1,12.9,1,26.0,['MICHIGANST'],https://www.basketball-reference.com/req/202106291/images/headshots/snower01.jpg,0,0,0,14,1995,0.9,3.0,2.1,0.2,2.5,11.0,15.0,6.0,24.7,0.2,0.6,0.289,4.5,9.8,0.47,0.463,4.0,1.0
0,Pepe Sánchez,2000-01,23.0,['TOT' 'ATL' 'PHI' 'DET'],NBA,PG,29.0,0.0,6.8,0.4,1.4,0.429,0.1,0.1,1.0,0.7,1.5,0.8,0.8,1,4.0,['TEMPLE'],,0,0,0,,,0.4,0.5,0.6,0.0,0.6,3.0,6.0,3.0,6.1,0.0,0.0,0.0,0.4,1.4,0.45,0.429,1.0,
0,Will Solomon,2001-02,23.0,['MEM' 'TOT' 'TOR' 'SAC'],NBA,SG,62.0,9.0,14.1,2.0,5.3,0.436,0.8,1.2,0.833,1.5,3.2,1.5,5.2,1,23.0,['CLEMSON'],,0,0,0,4,2001,0.2,1.3,0.6,0.1,1.3,6.0,11.0,4.0,15.9,0.9,2.6,0.448,1.6,3.2,0.516,0.508,1.0,
0,Dave Scholz,1969-70,21.0,['PHI'],NBA,,1.0,,1.0,1.0,1.0,1.0,0.0,0.0,,0.0,0.0,0.0,2.0,0,2.0,['ILLINOIS'],,0,0,0,13,1969,,,,,,,,,,,,,,,,,,
0,Marial Shayok,2019-20,24.0,['PHI'],NBA,SG,4.0,0.0,7.0,0.8,3.0,0.25,0.8,1.0,0.75,1.8,0.3,1.0,2.8,0,5.0,['VIRGINIA' 'IOWAST'],https://www.basketball-reference.com/req/202106291/images/headshots/shayoma01.jpg,0,0,0,24,2019,0.3,1.5,0.0,0.3,0.8,2.0,1.0,,2.2,0.5,1.5,0.333,0.3,1.5,0.167,0.333,1.0,
0,Al Skinner,1974-75,22.0,['NYA' 'NYN' 'TOT' 'NJN' 'DET' 'PHI'],ABA,SG,83.0,,34.6,5.1,12.6,0.5,4.9,5.5,0.886,6.5,4.1,4.3,15.1,1,28.0,['UMASS'],,0,1,0,16,1974,1.8,4.8,1.6,0.7,3.6,15.0,12.0,5.0,23.0,0.0,0.1,0.333,5.1,12.6,0.5,0.5,4.0,1.0
0,Phil Sellers,1976-77,23.0,['DET'],NBA,SG,44.0,,7.5,1.7,4.3,0.384,1.2,1.6,0.722,0.9,0.6,1.3,4.5,0,17.0,['RUTGERS'],,0,0,0,4,1976,0.4,0.5,0.5,0.0,,4.0,6.0,3.0,,,,,,,,,,
0,David Stockton,2014-15,23.0,['SAC' 'UTA'],NBA,PG,3.0,0.0,11.0,0.7,2.0,0.667,1.3,2.0,1.0,0.7,3.0,1.0,3.3,0,5.0,['GONZAGA'],https://www.basketball-reference.com/req/202106291/images/headshots/stockda01.jpg,0,0,0,,,0.0,0.7,0.7,0.0,1.3,2.0,7.0,2.0,7.8,0.7,1.0,0.667,0.3,1.3,0.25,1.0,,
0,George Sutor,1967-68,24.0,['KEN' 'MNP' 'TOT' 'CAR' 'MMF'],ABA,C,64.0,,13.8,2.2,6.2,0.35,1.1,1.8,0.623,5.4,0.4,2.7,5.5,1,31.0,['LASALLE'],,0,0,0,,,2.7,2.7,,,1.0,17.0,1.0,,,0.0,0.1,0.0,2.2,6.2,0.35,0.35,,
0,Predrag Savović,2002-03,26.0,['DEN'],NBA,SG,27.0,0.0,9.5,1.1,3.4,0.312,0.8,1.1,0.724,0.9,0.8,1.2,3.1,0,11.0,['UAB' 'HAWAII'],,0,0,0,,,0.3,0.6,0.5,0.0,0.8,3.0,4.0,1.0,9.1,0.1,1.0,0.154,0.9,2.5,0.373,0.333,1.0,
0,Walter Sharpe,2008-09,22.0,['DET'],NBA,PF,8.0,0.0,2.5,0.5,1.4,0.364,0.0,0.3,0.0,0.4,0.0,0.4,1.0,0,2.0,['MISSST' 'UAB'],,0,0,0,2,2008,0.0,0.4,0.0,0.3,0.0,2.0,,,2.0,0.0,0.3,0.0,0.5,1.1,0.444,0.364,1.0,
0,DeShawn Stevenson,2000-01,19.0,['UTA' 'TOT' 'ORL' 'WAS' 'DAL' 'NJN' 'ATL'],NBA,SG,82.0,82.0,35.9,4.8,11.0,0.461,2.2,3.0,0.797,4.6,3.1,2.2,11.4,1,33.0,,https://www.basketball-reference.com/req/202106291/images/headshots/stevede01.jpg,0,1,0,23,2000,1.4,3.2,0.9,0.4,1.5,11.0,9.0,4.0,25.6,1.9,5.0,0.404,4.7,10.3,0.479,0.53,3.0,
0,Brett Szabo,1996-97,28.0,['BOS'],NBA,C,70.0,24.0,9.5,0.8,1.7,0.446,0.6,0.9,0.738,2.4,0.2,1.7,2.2,0,15.0,['AUGUSTANSD'],,0,0,0,,,0.8,1.6,0.2,0.5,0.6,14.0,3.0,3.0,19.7,0.0,0.0,0.0,0.8,1.7,0.45,0.446,3.0,
0,John Salley,1986-87,22.0,['DET' 'MIA' 'TOT' 'TOR' 'CHI' 'LAL'],NBA,C,82.0,50.0,27.9,3.5,6.8,0.566,2.6,3.6,0.799,6.1,1.8,3.8,9.5,1,28.0,['GATECH'],https://www.basketball-reference.com/req/202106291/images/headshots/sallejo01.jpg,0,4,0,11,1986,2.2,3.9,0.7,1.9,2.0,17.0,8.0,5.0,28.3,0.0,0.0,0.667,3.5,6.7,0.566,0.566,8.0,
0,Joe Smith,1995-96,20.0,"['GSW' 'TOT' 'PHI' 'MIN' 'DET' 'MIL' 'DEN' 'CHI' 'CLE' 'OKC' 'ATL' 'NJN'
 'LAL']",NBA,PF,82.0,82.0,38.6,7.3,16.3,0.514,3.8,4.8,1.0,8.7,1.6,3.9,18.7,1,38.0,['MARYLAND'],https://www.basketball-reference.com/req/202106291/images/headshots/smithjo02.jpg,0,0,0,1,1995,3.7,5.4,1.0,1.6,2.4,20.0,6.0,5.0,32.9,0.2,0.6,1.0,7.2,16.2,0.518,0.514,6.0,
0,Mike Smrek,1985-86,23.0,['CHI' 'LAL' 'SAS' 'GSW' 'TOT' 'LAC'],NBA,C,48.0,18.0,14.5,1.7,3.6,0.545,1.1,1.8,0.667,3.0,0.5,2.5,4.5,1,15.0,['CANISIUS'],,0,2,0,1,1985,1.2,2.0,0.4,1.3,1.1,11.0,4.0,2.0,16.3,0.0,0.1,0.0,1.7,3.6,0.545,0.545,5.0,
0,Buck Sydnor,1946-47,25.0,['CHS'],BAA,,15.0,,,0.3,1.7,0.192,0.3,0.7,0.5,,0.0,0.4,1.0,0,5.0,,,0,0,0,,,,,,,,,,,,,,,,,,,,
0,Dereon Seabron,2022-23,22.0,['NOP'],NBA,SG,5.0,0.0,2.4,0.4,1.0,0.4,0.0,0.0,,0.2,0.0,0.2,0.8,0,2.0,['NCSTATE'],https://www.basketball-reference.com/req/202106291/images/headshots/seabrde01.jpg,0,0,0,,,0.2,0.0,0.0,0.0,0.0,1.0,,,1.7,0.0,0.0,,0.4,1.0,0.4,0.4,,
0,John Starks,1988-89,23.0,['GSW' 'NYK' 'TOT' 'CHI' 'UTA'],NBA,SG,82.0,78.0,34.9,6.9,16.6,0.449,3.3,4.2,1.0,3.3,5.9,3.2,19.0,1,39.0,['OKSTATE'],https://www.basketball-reference.com/req/202106291/images/headshots/starkjo01.jpg,1,0,0,,,0.7,2.6,1.6,0.3,3.1,10.0,14.0,7.0,35.3,2.7,7.6,0.385,5.1,10.8,0.516,0.528,3.0,
0,Tom Sewell,1984-85,22.0,['WSB'],NBA,SG,21.0,0.0,4.1,0.4,1.7,0.25,0.1,0.2,0.5,0.2,0.3,0.6,1.0,0,4.0,['LAMAR'],,0,0,0,22,1984,0.1,0.1,0.1,0.0,0.3,2.0,2.0,1.0,2.2,0.0,0.1,0.0,0.4,1.6,0.265,0.25,1.0,
0,Alvin Sims,1998-99,24.0,['PHO'],NBA,SG,4.0,0.0,6.3,1.0,2.5,0.4,0.5,1.3,0.4,1.0,1.3,0.5,2.8,0,6.0,['LOUISVILLE'],,0,0,0,,,0.8,0.3,0.5,0.0,1.5,2.0,3.0,2.0,3.6,0.3,0.3,1.0,0.8,2.3,0.333,0.45,,
0,George Stone,1968-69,22.0,['LAS' 'UTS' 'TOT' 'CAR'],ABA,SF,83.0,,31.8,6.2,14.4,0.46,3.5,4.6,0.941,6.8,1.7,3.4,16.0,1,36.0,['MARSHALL'],,0,1,0,9,1968,2.1,4.7,,,1.9,14.0,6.0,,,0.8,2.5,0.378,5.5,12.0,0.495,0.491,,
0,Steve Scheffler,1990-91,23.0,['CHH' 'TOT' 'SAC' 'DEN' 'SEA'],NBA,C,39.0,5.0,6.6,0.9,1.7,1.0,1.3,1.5,0.95,1.6,0.2,1.3,2.3,1,11.0,['PURDUE'],,0,0,0,12,1990,1.1,0.8,0.4,0.3,0.7,6.0,2.0,2.0,9.7,0.0,0.1,0.2,0.9,1.7,1.0,1.0,1.0,
0,Fred Saunders,1974-75,23.0,['PHO' 'BOS' 'TOT' 'NOJ'],NBA,SF,69.0,,15.5,2.7,5.9,0.483,1.0,1.4,0.824,3.7,1.3,2.8,6.1,1,21.0,['ULALA' 'SYRACUSE'],,0,0,0,13,1974,1.2,2.5,0.6,0.3,0.8,14.0,8.0,4.0,10.5,,,,,,,,3.0,
0,Jim Slaughter,1951-52,23.0,['BLB'],NBA,C,28.0,,18.8,1.9,5.9,0.321,1.5,2.4,0.603,5.3,0.9,2.9,5.3,0,19.0,['SCAROLINA'],,0,0,0,2,1951,,,,,,16.0,4.0,,,,,,,,,,,
0,Dick Schulz,1946-47,30.0,['TOT' 'CLR' 'TRH' 'BLB' 'WSC' 'TRI' 'SHE'],BAA,,57.0,,,2.8,11.0,0.311,2.4,3.3,0.803,,1.7,2.4,8.0,1,20.0,,,0,1,0,,,,,,,,,9.0,,,,,,,,,,,
0,Steve Smith,1991-92,22.0,['MIA' 'TOT' 'ATL' 'POR' 'SAS' 'NOH' 'CHA'],NBA,SG,82.0,81.0,39.1,6.8,15.9,0.467,8.5,11.0,0.928,4.5,5.6,4.5,20.5,1,41.0,['MICHIGANST'],https://www.basketball-reference.com/req/202106291/images/headshots/smithst01.jpg,1,1,0,5,1991,2.0,2.9,1.1,0.5,2.8,14.0,15.0,5.0,33.5,1.8,6.0,0.472,5.4,11.3,0.529,0.54,4.0,1.0
0,John Stockton,1984-85,22.0,['UTA'],NBA,PG,82.0,82.0,38.7,6.1,11.9,0.574,4.8,5.5,0.863,3.3,14.5,3.0,17.2,0,34.0,['GONZAGA'],https://www.basketball-reference.com/req/202106291/images/headshots/stockjo01.jpg,10,0,1,16,1984,1.0,2.5,3.2,0.3,3.8,9.0,28.0,9.0,40.9,1.2,2.8,0.462,5.9,10.5,0.594,0.607,3.0,
0,Donald Sloan,2011-12,24.0,['TOT' 'ATL' 'NOH' 'CLE' 'IND' 'BRK'],NBA,PG,61.0,33.0,24.3,2.8,7.0,0.44,1.3,1.7,0.808,2.8,4.4,1.3,7.4,1,31.0,['TEXASAM'],https://www.basketball-reference.com/req/202106291/images/headshots/sloando01.jpg,0,0,0,,,0.7,2.6,0.7,0.1,1.7,10.0,14.0,2.0,25.7,0.8,2.5,0.384,2.8,6.2,0.464,0.494,2.0,
0,Domantas Sabonis,2016-17,20.0,['OKC' 'IND' 'TOT' 'SAC'],NBA,PF,81.0,79.0,36.0,7.8,14.6,0.615,4.1,5.5,0.75,12.4,7.3,3.8,20.3,1,42.0,['GONZAGA'],https://www.basketball-reference.com/req/202106291/images/headshots/sabondo01.jpg,3,0,0,11,2016,3.3,9.5,1.2,0.5,3.5,25.0,16.0,5.0,37.8,0.8,2.6,0.529,7.2,12.6,0.639,0.632,4.0,32.0
0,John Stroeder,1987-88,29.0,['MIL' 'TOT' 'SAS' 'GSW'],NBA,PF,41.0,0.0,6.6,0.7,1.9,0.4,0.5,0.7,0.667,3.5,0.8,2.0,1.9,1,10.0,['MONTANA'],,0,0,0,8,1980,1.3,2.3,0.1,0.5,1.0,7.0,3.0,1.0,7.7,0.0,0.0,0.0,0.7,1.9,0.4,0.4,2.0,
0,Alex Stepheson,2015-16,28.0,['TOT' 'LAC' 'MEM'],NBA,PF,8.0,0.0,15.3,2.0,6.5,1.0,1.0,2.5,0.4,6.5,0.5,2.0,5.0,1,12.0,['UNC' 'USC'],https://www.basketball-reference.com/req/202106291/images/headshots/stephal01.jpg,0,0,0,,,4.5,2.0,0.3,0.8,0.0,15.0,2.0,1.0,7.3,0.0,0.0,,2.0,6.5,1.0,1.0,2.0,
0,Kyle Singler,2011-12,23.0,['DET' 'TOT' 'OKC'],Did Not Play (other pro league—Spain),Did Not Play (other pro league—Spain),82.0,74.0,28.5,3.4,7.8,0.447,1.9,2.2,0.826,4.0,1.2,2.6,9.6,1,22.0,['DUKE'],https://www.basketball-reference.com/req/202106291/images/headshots/singlky01.jpg,0,0,0,3,2011,1.4,2.7,0.7,0.5,1.2,10.0,5.0,5.0,22.3,1.4,3.5,0.406,2.5,5.4,0.587,0.525,4.0,
0,Vladimir Stepania,1998-99,22.0,['SEA' 'NJN' 'MIA' 'POR'],NBA,C,79.0,6.0,20.2,2.3,5.4,0.47,0.9,1.7,0.735,7.0,0.6,2.5,5.6,0,19.0,,,0,0,0,27,1998,2.7,4.3,0.6,1.0,1.4,15.0,3.0,4.0,21.5,0.0,0.2,0.5,2.3,5.4,0.47,0.472,7.0,
0,Jericho Sims,2021-22,23.0,['NYK'],NBA,PF,52.0,16.0,15.6,1.6,2.1,0.776,0.3,0.7,0.75,4.7,0.5,1.8,3.4,0,12.0,['TEXAS'],https://www.basketball-reference.com/req/202106291/images/headshots/simsje01.jpg,0,0,0,28,2021,1.9,2.8,0.3,0.5,0.5,14.0,3.0,3.0,15.6,0.0,0.0,0.0,1.6,2.0,0.783,0.776,3.0,
0,Terence Stansbury,1984-85,23.0,['IND' 'SEA'],NBA,SG,74.0,17.0,18.0,2.8,6.2,0.459,1.4,1.8,0.811,1.9,2.8,2.8,7.1,0,25.0,['TEMPLE'],,0,0,0,15,1984,0.5,1.5,0.8,0.2,1.9,8.0,11.0,4.0,18.7,0.3,0.7,0.379,2.8,5.9,0.476,0.465,2.0,
0,Carey Scurry,1985-86,23.0,['UTA' 'TOT' 'NYK'],NBA,SF,78.0,5.0,15.4,1.9,4.0,0.5,1.4,1.9,0.701,3.1,1.7,2.7,5.0,1,21.0,['LONGISLAND'],,0,0,0,13,1985,1.4,1.9,1.6,0.8,1.4,11.0,6.0,5.0,22.2,0.1,0.3,0.375,1.8,3.7,0.509,0.506,5.0,
0,DaJuan Summers,2009-10,22.0,['DET' 'NOH' 'LAC'],NBA,SF,44.0,6.0,13.9,1.9,4.3,0.431,0.6,0.9,0.778,1.5,0.7,2.1,4.5,0,13.0,['GEORGETOWN'],https://www.basketball-reference.com/req/202106291/images/headshots/summeda01.jpg,0,0,0,5,2009,0.5,1.0,0.5,0.2,0.6,6.0,2.0,3.0,10.6,0.4,1.1,0.429,1.5,3.3,0.469,0.471,1.0,
0,Dale Schlueter,1968-69,23.0,['SFW' 'POR' 'PHI' 'ATL' 'BUF' 'PHO'],NBA,C,81.0,,33.2,4.4,8.3,0.525,3.0,4.0,0.76,10.6,3.5,3.4,11.7,0,26.0,['COLORADOST'],,0,0,0,8,1967,1.0,2.4,0.4,0.6,1.5,22.0,10.0,4.0,5.0,,,,,,,,3.0,2.0
0,Dwayne Schintzius,1990-91,22.0,['SAS' 'SAC' 'NJN' 'IND' 'LAC' 'BOS'],NBA,C,43.0,11.0,12.1,1.6,3.7,0.445,0.6,1.0,1.0,3.6,0.6,2.0,3.8,0,17.0,['FLORIDA'],,0,0,0,24,1990,1.3,2.3,0.4,0.8,0.8,12.0,5.0,2.0,14.5,0.1,0.1,0.5,1.6,3.6,0.445,0.445,4.0,
0,Doug Smith,1991-92,22.0,['DAL' 'BOS'],NBA,PF,79.0,42.0,25.0,4.7,10.9,0.435,1.3,1.6,0.835,5.4,1.7,4.6,10.4,0,36.0,['MISSOURI'],,0,0,0,6,1991,1.7,3.8,1.0,0.9,1.9,14.0,8.0,4.0,26.4,0.0,0.2,0.222,4.7,10.9,0.438,0.437,5.0,
0,Lonnie Shelton,1976-77,21.0,['NYK' 'SEA' 'CLE'],NBA,PF,82.0,81.0,32.9,6.3,12.9,0.53,2.6,3.9,0.875,7.7,3.1,4.4,14.9,0,41.0,['OREGONST'],,1,1,0,8,1976,2.7,5.0,1.6,1.4,2.9,19.0,10.0,8.0,27.6,0.0,0.1,0.2,6.3,12.8,0.532,0.531,7.0,1.0
0,Daniel Santiago,2000-01,24.0,['PHO' 'MIL'],NBA,C,54.0,28.0,13.1,1.4,3.0,0.5,1.1,1.7,0.727,2.4,0.7,2.5,4.0,0,15.0,['NMEXICO' 'STVINCENT'],,0,0,0,,,0.6,2.3,0.4,0.4,0.9,8.0,2.0,2.0,14.8,0.0,0.0,,1.4,3.0,0.5,0.5,3.0,
0,Derek Strong,1991-92,23.0,['WSB' 'MIL' 'BOS' 'LAL' 'ORL' 'LAC'],NBA,PF,82.0,24.0,28.2,4.5,10.6,0.457,3.8,4.8,0.82,7.4,1.0,2.4,12.7,0,27.0,['XAVIER'],,0,0,0,20,1990,2.6,4.7,0.6,0.4,1.3,16.0,4.0,3.0,23.1,0.2,0.3,0.5,4.5,10.6,0.457,0.478,2.0,
0,Brandon Sampson,2018-19,21.0,['CHI'],NBA,SG,14.0,2.0,15.3,2.0,4.3,0.467,0.3,0.4,0.667,1.1,0.7,1.4,5.1,0,12.0,['LSU'],https://www.basketball-reference.com/req/202106291/images/headshots/sampsbr01.jpg,0,0,0,,,0.2,0.9,0.6,0.2,0.9,3.0,2.0,3.0,8.9,0.8,2.1,0.379,1.2,2.2,0.548,0.558,1.0,
0,Sam Stith,1961-62,24.0,['NYK'],NBA,SG,32.0,,13.8,1.8,5.1,0.364,0.7,1.2,0.605,1.6,1.9,1.7,4.4,0,15.0,['STBONNY'],,0,0,0,1,1960,,,,,,7.0,5.0,,,,,,,,,,,
0,Stromile Swift,2000-01,21.0,['VAN' 'MEM' 'HOU' 'TOT' 'NJN' 'PHO'],NBA,PF,80.0,26.0,26.5,4.3,9.0,0.6,3.2,4.5,0.758,6.3,0.7,3.0,11.8,1,31.0,['LSU'],https://www.basketball-reference.com/req/202106291/images/headshots/swiftst01.jpg,0,0,0,2,2000,2.4,4.0,0.8,1.7,1.8,16.0,4.0,4.0,25.3,0.1,0.1,1.0,4.3,8.9,0.6,0.6,8.0,
0,Shawnelle Scott,1996-97,24.0,['CLE' 'SAS' 'DEN'],NBA,C,41.0,10.0,12.0,1.8,3.6,0.5,0.4,1.0,0.667,4.9,0.4,2.3,3.9,0,14.0,['STJOHNS'],,0,0,0,16,1994,2.5,2.4,0.2,0.3,0.7,14.0,2.0,2.0,15.8,0.0,0.0,,1.8,3.6,0.5,0.5,4.0,
0,Thabo Sefolosha,2006-07,22.0,['CHI' 'TOT' 'OKC' 'ATL' 'UTA' 'HOU'],NBA,SG,82.0,82.0,31.2,3.2,7.6,0.505,1.7,2.1,0.884,5.2,2.0,2.3,8.5,1,28.0,,https://www.basketball-reference.com/req/202106291/images/headshots/sefolth01.jpg,0,0,0,13,2006,1.2,4.0,1.7,1.1,1.3,13.0,7.0,7.0,24.0,1.3,3.2,0.437,2.8,6.0,0.595,0.597,4.0,
0,Ossie Schectman,1946-47,27.0,['NYK'],BAA,,54.0,,,3.0,10.9,0.276,2.1,3.3,0.62,,2.0,2.1,8.1,0,19.0,,,0,0,0,,,,,,,,,,,,,,,,,,,,
0,Marcus Smart,2014-15,20.0,['BOS'],NBA,PG,80.0,71.0,32.9,4.3,11.4,0.422,2.7,3.4,0.836,4.2,6.3,3.0,13.1,0,37.0,['OKSTATE'],https://www.basketball-reference.com/req/202106291/images/headshots/smartma01.jpg,0,0,0,6,2014,1.2,3.2,1.8,0.5,2.4,11.0,15.0,8.0,33.2,2.3,6.6,0.364,2.5,5.3,0.519,0.533,4.0,1.0
0,Art Spector,1946-47,26.0,['BOS'],BAA,,59.0,,,2.2,8.4,0.3,1.5,2.7,0.652,,1.3,2.4,6.0,0,19.0,,,0,0,0,,,,,,,,,4.0,,,,,,,,,,,
0,Jose Slaughter,1982-83,22.0,['IND'],NBA,SG,63.0,1.0,8.2,1.4,3.8,0.374,0.6,0.9,0.644,1.1,0.8,1.5,3.6,0,11.0,['PORTLAND'],,0,0,0,20,1982,0.5,0.5,0.6,0.1,0.7,5.0,5.0,4.0,11.1,0.1,0.7,0.22,1.3,3.1,0.406,0.393,1.0,
0,Keith Smith,1986-87,22.0,['MIL'],NBA,SG,42.0,4.0,11.0,1.4,3.6,0.38,0.5,0.7,0.75,0.8,1.0,1.8,3.3,0,15.0,['LOYOLAMARY'],,0,0,0,21,1986,0.3,0.5,0.6,0.1,0.7,3.0,9.0,3.0,13.3,0.1,0.2,0.333,1.3,3.4,0.383,0.39,1.0,
0,John Smith,1968-69,24.0,['DLC' 'TOT' 'PTP' 'NYA'],ABA,C,77.0,,28.2,3.2,8.1,0.397,1.5,2.8,0.714,10.5,1.1,4.3,7.9,1,24.0,,,0,0,0,9,1968,3.5,7.0,,,1.5,18.0,3.0,,,0.0,0.1,0.0,3.2,8.1,0.398,0.397,,
0,Wayne Sappleton,1984-85,24.0,['NJN'],NBA,PF,33.0,0.0,9.0,1.2,2.6,0.471,0.4,1.0,0.412,2.3,0.2,1.5,2.9,0,9.0,['LOYOLACHI'],,0,0,0,15,1982,0.8,1.4,0.2,0.1,0.6,11.0,1.0,2.0,6.1,0.0,0.0,,1.2,2.6,0.471,0.471,1.0,
0,Kenny Satterfield,2001-02,20.0,['DEN' 'TOT' 'PHI'],NBA,PG,39.0,6.0,19.1,2.3,7.5,0.367,1.0,1.3,0.783,1.6,3.0,1.4,5.6,1,21.0,['CINCY'],,0,0,0,25,2001,0.5,1.0,0.9,0.1,1.6,7.0,12.0,3.0,13.7,0.2,1.3,0.259,2.1,6.2,0.384,0.384,1.0,
0,Billy Schaeffer,1973-74,22.0,['NYA' 'TOT' 'VIR'],ABA,SF,59.0,,16.7,2.9,5.8,0.497,1.3,1.7,0.889,2.9,0.9,2.4,6.6,1,22.0,['STJOHNS'],,0,1,0,5,1973,0.9,1.9,0.4,0.2,0.9,10.0,5.0,1.0,0.3,0.1,0.5,0.286,2.9,5.8,0.504,0.5,,
0,Steve Stipanovich,1983-84,23.0,['IND'],NBA,C,82.0,81.0,34.1,5.3,11.2,0.503,3.8,4.5,0.837,8.3,2.6,3.8,13.7,0,34.0,['MISSOURI'],https://www.basketball-reference.com/req/202106291/images/headshots/stipast01.jpg,0,0,0,2,1983,2.3,6.3,1.3,1.2,2.2,16.0,10.0,6.0,34.4,0.0,0.2,0.25,5.2,11.1,0.504,0.503,5.0,1.0
0,Belus Smawley,1946-47,28.0,['STB' 'TOT' 'SYR' 'BLB'],BAA,SG,61.0,,12.6,6.0,16.0,0.389,4.3,5.1,0.859,3.0,3.5,2.6,15.5,1,30.0,,,0,0,0,,,,,,,,6.0,8.0,,,,,,,,,,,
0,Jack Sikma,1977-78,22.0,['SEA' 'MIL'],NBA,PF,82.0,82.0,37.2,7.3,16.0,0.499,5.5,6.4,0.922,12.7,4.2,4.0,19.6,0,39.0,['ILWESLEYAN'],https://www.basketball-reference.com/req/202106291/images/headshots/sikmaja01.jpg,7,1,0,8,1977,2.8,9.9,1.2,1.3,3.1,25.0,10.0,9.0,35.2,1.0,2.8,0.38,7.3,15.9,0.5,0.499,7.0,3.0
0,Day'Ron Sharpe,2021-22,20.0,['BRK'],NBA,PF,48.0,8.0,12.2,2.7,4.7,0.577,0.8,1.3,0.636,5.0,0.8,1.9,6.2,0,20.0,['UNC'],https://www.basketball-reference.com/req/202106291/images/headshots/sharpda01.jpg,0,0,0,29,2021,2.5,2.5,0.3,0.7,0.9,14.0,4.0,2.0,21.9,0.1,0.2,0.545,2.6,4.4,0.592,0.584,3.0,
0,Glen Selbo,1949-50,23.0,['SHE'],NBA,,13.0,,,0.8,3.9,0.196,1.7,2.2,0.759,,1.8,1.2,3.2,0,8.0,,,0,0,0,2,1947,,,,,,,4.0,,,,,,,,,,,
0,Gene Stump,1947-48,22.0,['BOS' 'TOT' 'MNL' 'WAT'],BAA,,56.0,,,3.4,10.4,0.333,1.6,2.3,0.75,,1.0,1.8,8.5,1,28.0,,,0,0,0,,1947,,,,,,,4.0,,,,,,,,,,,
0,Sean Singletary,2008-09,23.0,['TOT' 'PHO' 'CHA'],NBA,PG,37.0,2.0,9.4,0.9,2.8,0.396,0.5,0.6,1.0,1.2,0.9,1.3,2.6,1,13.0,['VIRGINIA'],,0,0,0,12,2008,0.4,0.8,0.5,0.0,0.8,5.0,3.0,2.0,11.6,0.3,0.8,0.4,0.6,2.1,0.394,0.458,,
0,Ha Seung-Jin,2004-05,19.0,['POR'],NBA,C,27.0,4.0,7.9,0.7,1.2,0.581,0.3,0.6,0.545,1.8,0.1,1.5,1.6,0,13.0,,,0,0,0,17,2004,0.5,1.3,0.1,0.3,0.6,6.0,2.0,2.0,10.2,0.0,0.0,,0.7,1.2,0.581,0.581,2.0,
0,Alex Stivrins,1985-86,23.0,['SEA' 'TOT' 'PHO' 'LAC' 'MIL' 'ATL'],NBA,SF,19.0,0.0,8.3,1.3,3.7,0.611,1.0,1.3,0.75,2.0,0.7,1.3,3.7,1,12.0,['CREIGHTON' 'COLORADO'],,0,0,0,5,1985,1.0,1.0,0.3,0.2,1.0,4.0,1.0,1.0,9.3,0.0,0.2,0.0,1.3,3.7,0.647,0.611,1.0,
0,Pascal Siakam,2016-17,22.0,['TOR'],NBA,PF,81.0,79.0,37.9,8.9,18.5,0.549,5.2,6.7,0.827,8.5,5.8,3.3,24.2,0,52.0,['NMSTATE'],https://www.basketball-reference.com/req/202106291/images/headshots/siakapa01.jpg,2,1,0,27,2016,1.9,6.6,1.3,0.9,2.7,19.0,13.0,5.0,48.5,2.2,6.1,0.369,7.7,14.5,0.612,0.591,4.0,5.0
0,Jay Scrubb,2020-21,20.0,['LAC' 'ORL'],NBA,SG,18.0,1.0,21.0,3.5,9.0,0.714,1.3,1.3,1.0,3.5,0.5,1.3,8.8,0,17.0,,https://www.basketball-reference.com/req/202106291/images/headshots/scrubja01.jpg,0,0,0,25,2020,0.5,3.0,1.0,0.2,1.8,7.0,2.0,3.0,9.5,1.0,2.3,1.0,3.0,6.8,0.6,0.857,1.0,
0,Purvis Short,1978-79,21.0,['GSW' 'HOU' 'NJN'],NBA,PF,82.0,77.0,39.5,10.5,22.8,0.503,6.4,7.9,0.865,5.5,3.7,3.6,28.0,0,59.0,['JACKSONST'],https://www.basketball-reference.com/req/202106291/images/headshots/shortpu01.jpg,0,0,0,5,1978,2.3,3.2,1.5,0.3,3.1,15.0,14.0,6.0,46.5,0.6,1.9,0.313,9.9,20.9,0.507,0.503,3.0,1.0
0,Ralph Simpson,1970-71,21.0,['DNR' 'DNA' 'DET' 'TOT' 'DEN' 'PHI' 'NJN'],ABA,SG,84.0,,37.2,11.0,23.8,0.511,5.4,6.9,0.844,5.4,7.1,3.0,27.4,1,44.0,['MICHIGANST'],https://www.basketball-reference.com/req/202106291/images/headshots/simpsra01.jpg,5,0,0,11,1972,2.0,4.0,2.0,0.3,4.3,16.0,15.0,5.0,23.0,0.2,0.7,0.283,10.9,23.5,0.518,0.513,2.0,3.0
0,D.J. Strawberry,2007-08,22.0,['PHO'],NBA,SG,33.0,0.0,8.2,0.9,2.8,0.315,0.3,0.6,0.474,0.8,0.9,1.1,2.2,0,9.0,['MARYLAND'],https://www.basketball-reference.com/req/202106291/images/headshots/strawdj01.jpg,0,0,0,29,2007,0.3,0.6,0.4,0.2,0.3,7.0,7.0,2.0,6.7,0.2,0.8,0.24,0.7,2.0,0.343,0.348,1.0,
0,Nik Stauskas,2014-15,21.0,['SAC' 'PHI' 'TOT' 'BRK' 'POR' 'CLE' 'MIA' 'BOS'],NBA,SG,80.0,35.0,27.4,3.1,7.9,0.419,1.5,2.0,1.0,2.8,2.4,1.8,9.5,1,24.0,['MICHIGAN'],https://www.basketball-reference.com/req/202106291/images/headshots/stausni01.jpg,0,0,0,8,2014,0.5,2.6,0.7,0.4,1.6,8.0,7.0,3.0,21.7,1.7,4.5,0.5,1.5,3.4,0.51,0.527,3.0,
0,Lamont Strothers,1991-92,23.0,['POR' 'DAL'],NBA,SG,9.0,0.0,15.3,2.2,6.8,0.333,0.9,1.1,0.8,1.6,1.4,1.4,5.6,0,10.0,['CHRISTNEWP'],,0,0,0,16,1991,0.9,0.7,0.9,0.3,1.7,3.0,6.0,3.0,6.7,0.2,1.4,0.154,2.0,5.3,0.4,0.344,1.0,
0,Everette Stephens,1988-89,22.0,['IND' 'MIL'],NBA,PG,35.0,0.0,6.0,0.7,2.1,0.667,0.7,0.7,1.0,0.7,1.1,0.6,2.0,0,8.0,['PURDUE'],,0,0,0,6,1988,0.3,0.3,0.3,0.1,0.8,3.0,6.0,2.0,9.6,0.1,0.3,0.2,0.7,1.8,0.667,0.667,2.0,
0,Paul Scranton,1967-68,23.0,['ANA'],ABA,,5.0,,8.2,0.8,1.8,0.444,0.2,0.8,0.25,3.2,0.2,1.0,1.8,0,5.0,,,0,0,0,,,,,,,0.2,5.0,,,,0.0,0.0,,0.8,1.8,0.444,0.444,,
0,Glynn Saulters,1968-69,23.0,['NOB'],ABA,,22.0,,5.5,1.0,3.2,0.314,0.7,1.0,0.682,0.9,0.5,1.1,2.7,0,10.0,,,0,0,0,5,1968,0.3,0.5,,,0.5,3.0,1.0,,,0.0,0.0,0.0,1.0,3.1,0.319,0.314,,
0,Erv Staggs,1969-70,21.0,['MMF'],ABA,SF,53.0,,20.0,3.6,8.9,0.399,1.4,2.2,0.64,2.3,1.4,2.9,8.5,0,29.0,,,0,0,0,,,0.7,1.6,,,2.1,10.0,4.0,,,0.0,0.1,0.286,3.5,8.8,0.4,0.401,,
0,William Smith,1971-72,22.0,['POR'],NBA,C,22.0,,20.4,3.3,7.9,0.6,1.7,2.9,0.625,6.1,0.9,3.3,8.3,0,18.0,,,0,0,0,7,1971,,,,,,13.0,4.0,,,,,,,,,,,
0,Ed Stanczak,1949-50,28.0,['AND' 'BOS'],NBA,,57.0,,,2.8,8.0,0.349,3.6,4.7,0.8,1.9,1.2,2.9,9.1,0,17.0,,,0,0,0,,,,,,,,5.0,2.0,,,,,,,,,,,
0,Jared Sullinger,2012-13,20.0,['BOS' 'TOR'],NBA,PF,81.0,73.0,27.6,5.4,12.2,0.493,2.1,2.7,0.778,8.3,2.3,3.4,13.3,0,31.0,['OHIOST'],https://www.basketball-reference.com/req/202106291/images/headshots/sullija01.jpg,0,0,0,21,2012,3.3,5.9,0.9,0.7,1.6,20.0,7.0,4.0,28.4,0.9,3.2,0.283,4.5,9.3,0.5,0.496,4.0,
0,Earl Shannon,1946-47,25.0,['PRO' 'TOT' 'BOS'],BAA,,57.0,,,4.3,12.7,0.339,3.5,6.1,0.704,,1.5,3.0,12.1,1,28.0,,,0,0,0,,,,,,,,,1.0,,,,,,,,,,,
0,Brook Steppe,1982-83,23.0,['KCK' 'IND' 'DET' 'SAC' 'POR'],NBA,SG,62.0,13.0,19.6,2.8,5.9,0.477,2.2,2.6,0.865,2.0,2.4,1.6,7.8,0,24.0,['GATECH'],,0,0,0,17,1982,0.7,1.3,0.6,0.1,1.6,8.0,6.0,5.0,21.2,0.2,0.3,0.556,2.7,5.6,0.491,0.485,1.0,
0,Craig Sword,2021-22,28.0,['WAS'],NBA,SG,3.0,0.0,6.3,1.0,1.3,0.75,0.0,0.0,,0.0,0.3,2.3,2.0,0,6.0,['MISSST'],,0,0,0,,,0.0,0.0,1.3,0.0,0.3,,1.0,3.0,5.1,0.0,0.3,0.0,1.0,1.0,1.0,0.75,,
0,Dan Swartz,1962-63,28.0,['BOS'],NBA,SF,39.0,,8.6,1.5,3.8,0.38,1.6,1.8,0.847,2.3,0.5,2.4,4.5,0,18.0,['KENTUCKY' 'MOREHEAD'],,0,1,0,6,1956,,,,,,8.0,2.0,,,,,,,,,,,
0,Kebu Stewart,1997-98,24.0,['PHI'],NBA,PF,15.0,0.0,7.3,0.8,1.7,0.462,1.1,1.7,0.64,2.1,0.1,0.9,2.7,0,11.0,['UNLV' 'CALSTBAKE'],,0,0,0,7,1997,0.6,1.5,0.3,0.1,0.5,7.0,1.0,2.0,8.2,0.0,0.0,,0.8,1.7,0.462,0.462,1.0,
0,Alex Scales,2005-06,27.0,['SAS'],NBA,SG,1.0,0.0,0.0,0.0,0.0,,0.0,0.0,,0.0,0.0,0.0,0.0,0,,['OREGON'],,0,0,0,,,0.0,0.0,0.0,0.0,0.0,,,,0.0,0.0,0.0,,0.0,0.0,,,,
0,George Senesky,1946-47,24.0,['PHW'],BAA,PG,69.0,,33.9,3.8,12.1,0.361,2.8,3.7,0.761,5.0,5.3,2.4,10.4,0,23.0,,,0,1,0,,,,,,,,15.0,16.0,,,,,,,,,,,
0,Jim Spruill,1948-49,25.0,['INJ'],BAA,,1.0,,,1.0,3.0,0.333,0.0,0.0,,,0.0,3.0,2.0,0,2.0,['RICE'],,0,0,0,,,,,,,,,,,,,,,,,,,,
0,Peja Stojaković,1996-97,19.0,['SAC' 'TOT' 'IND' 'NOK' 'NOH' 'TOR' 'DAL'],Did Not Play (other pro league—Greece),Did Not Play (other pro league—Greece),81.0,81.0,40.3,8.2,17.1,0.7,4.9,5.2,1.0,6.3,2.5,2.6,24.2,1,42.0,,https://www.basketball-reference.com/req/202106291/images/headshots/stojape01.jpg,3,1,0,14,1996,1.2,5.1,1.3,0.3,2.0,17.0,7.0,6.0,33.5,3.0,6.8,0.667,5.9,11.5,0.75,0.9,2.0,
0,Jalen Suggs,2021-22,20.0,['ORL'],NBA,PG,53.0,45.0,27.2,4.1,11.4,0.419,2.6,3.4,0.773,3.6,4.4,3.0,11.8,0,26.0,['GONZAGA'],https://www.basketball-reference.com/req/202106291/images/headshots/suggsja01.jpg,0,0,0,5,2021,1.0,3.0,1.3,0.5,3.0,9.0,10.0,5.0,21.7,1.2,4.1,0.327,3.3,7.3,0.496,0.493,3.0,
0,Frankie Sanders,1978-79,22.0,['TOT' 'SAS' 'BOS' 'KCK'],NBA,SF,46.0,,12.0,2.3,5.8,0.462,1.5,1.9,0.909,2.7,1.6,2.0,6.0,1,16.0,['SOUTHERNU'],,0,0,0,20,1978,0.9,2.1,0.7,0.1,1.5,11.0,5.0,3.0,11.2,0.0,0.0,,2.3,5.8,0.462,0.462,2.0,
0,Connie Simmons,1946-47,21.0,['BOS' 'TOT' 'BLB' 'NYK' 'SYR' 'ROC'],BAA,,72.0,,32.3,5.4,14.5,0.378,3.8,5.2,0.732,7.4,2.0,3.9,13.7,1,31.0,,,0,1,0,,,,,,,,17.0,7.0,,,,,,,,,,,
0,Tamar Slay,2002-03,22.0,['NJN' 'CHA'],NBA,SG,36.0,0.0,9.8,1.6,4.9,0.379,0.3,0.6,0.7,1.8,0.6,2.5,3.5,0,14.0,['MARSHALL'],,0,0,0,25,2002,0.8,1.0,0.6,0.1,1.0,5.0,3.0,3.0,12.4,0.3,1.5,0.333,1.4,3.4,0.41,0.413,1.0,
0,Reggie Slater,1994-95,24.0,['DEN' 'TOT' 'POR' 'DAL' 'TOR' 'MIN' 'NJN' 'ATL'],NBA,PF,78.0,28.0,21.3,3.2,5.9,1.0,2.6,4.1,1.0,3.9,0.9,2.6,8.0,1,21.0,['WYOMING'],,0,0,0,,,1.7,2.2,0.6,0.5,1.3,11.0,5.0,3.0,16.8,0.0,0.1,0.0,3.2,5.9,1.0,1.0,3.0,
0,Don Savage,1951-52,23.0,['SYR'],NBA,,12.0,,11.0,1.2,3.8,0.316,1.5,2.3,0.857,2.0,1.0,1.8,3.6,0,9.0,,,0,0,0,5,1951,,,,,,3.0,2.0,,,,,,,,,,,
0,Whitey Skoog,1951-52,25.0,['MNL'],NBA,SG,72.0,,32.8,4.7,11.9,0.4,2.2,2.7,0.936,4.2,3.5,3.7,11.6,0,31.0,['MINNESOTA'],,0,3,0,10,1951,,,,,,9.0,8.0,,,,,,,,,,,
0,Norm Swanson,1953-54,23.0,['ROC'],NBA,SF,63.0,,9.7,0.5,2.2,0.226,0.6,1.0,0.594,1.7,0.5,1.4,1.6,0,11.0,['DETROIT'],,0,0,0,5,1953,,,,,,5.0,4.0,,,,,,,,,,,
0,Olivier Sarr,2021-22,22.0,['OKC'],NBA,C,22.0,2.0,19.1,2.6,4.6,0.574,1.1,1.3,0.828,4.2,0.9,2.4,7.0,0,24.0,['WAKE' 'KENTUCKY'],https://www.basketball-reference.com/req/202106291/images/headshots/sarrol01.jpg,0,0,0,,,1.5,2.7,0.3,0.7,1.0,15.0,3.0,2.0,20.7,0.6,1.3,0.448,2.0,3.3,0.636,0.639,2.0,
0,Don Sidle,1968-69,22.0,['MMF' 'TOT' 'DNR' 'INA' 'MMP'],ABA,PF,84.0,,41.6,7.6,15.7,0.548,5.6,7.5,0.747,12.9,1.5,3.2,20.8,1,39.0,['OKLAHOMA'],,0,0,0,7,1968,5.1,7.7,,,3.0,24.0,6.0,,,0.1,0.2,0.5,7.6,15.6,0.549,0.554,,
0,Chris Smith,1992-93,22.0,['MIN'],NBA,SG,80.0,17.0,20.2,2.3,5.3,0.439,1.2,1.8,0.792,1.5,3.6,1.9,5.9,0,25.0,['UCONN'],,0,0,0,7,1992,0.4,1.3,0.6,0.3,1.3,6.0,12.0,3.0,22.7,0.7,1.7,0.435,2.2,4.8,0.453,0.528,2.0,
0,Michael Stewart,1997-98,22.0,['SAC' 'TOR' 'CLE' 'TOT' 'BOS' 'ATL'],NBA,C,81.0,37.0,21.7,1.9,4.0,0.524,0.8,1.8,1.0,6.6,0.8,3.1,4.6,1,14.0,['CALIFORNIA'],,0,0,0,,,2.4,4.2,0.5,2.4,1.0,19.0,4.0,3.0,17.0,0.0,0.0,,1.9,4.0,0.524,0.524,9.0,
0,Admiral Schofield,2019-20,22.0,['WAS' 'ORL'],NBA,PF,38.0,2.0,12.3,1.5,3.4,0.451,0.6,0.6,0.913,2.3,0.8,1.6,4.2,0,18.0,['TENNESSEE'],https://www.basketball-reference.com/req/202106291/images/headshots/schofad01.jpg,0,0,0,12,2019,0.6,1.9,0.2,0.1,0.6,7.0,4.0,3.0,14.9,0.7,2.1,0.329,0.8,1.3,0.646,0.549,2.0,
0,Larry Spriggs,1981-82,22.0,['HOU' 'CHI' 'LAL'],NBA,SF,75.0,32.0,17.2,2.6,4.7,0.636,1.5,1.9,0.776,3.0,1.8,2.6,6.7,0,20.0,['HOWARD'],,0,1,0,12,1981,1.0,2.0,0.6,0.2,1.5,9.0,7.0,4.0,21.8,0.0,0.1,0.0,2.6,4.7,0.636,0.636,2.0,
0,Doug Sims,1968-69,25.0,['CIN'],NBA,,4.0,,3.0,0.5,1.3,0.4,0.0,0.0,,1.0,0.0,1.0,1.0,0,2.0,['KENTST'],,0,0,0,,,,,,,,2.0,,,,,,,,,,,,
0,Bruce Spraggins,1967-68,28.0,['NJA'],ABA,SF,70.0,,22.7,4.4,9.8,0.446,3.4,4.8,0.708,4.7,0.9,2.5,12.2,0,34.0,,,0,0,0,6,1961,,,,,1.2,9.0,,,,0.0,0.1,0.4,4.3,9.7,0.446,0.448,,
0,Wayne Selden,2016-17,22.0,['TOT' 'NOP' 'MEM' 'CHI' 'NYK'],NBA,SG,75.0,13.0,22.9,3.3,7.7,0.625,1.3,1.7,0.759,3.2,1.9,2.0,9.3,1,31.0,['KANSAS'],https://www.basketball-reference.com/req/202106291/images/headshots/seldewa01.jpg,0,0,0,,,0.5,2.7,0.7,0.2,1.5,12.0,8.0,4.0,23.0,1.4,3.5,0.571,2.2,4.9,1.0,0.875,2.0,
0,Adrian Smith,1961-62,25.0,['CIN' 'TOT' 'SFW' 'VIR'],NBA,SG,82.0,,37.3,6.6,16.4,0.464,5.1,6.0,0.909,3.6,3.3,3.5,18.4,1,35.0,['KENTUCKY'],https://www.basketball-reference.com/req/202106291/images/headshots/smithad01.jpg,1,0,0,1,1958,0.3,0.6,,,0.6,10.0,11.0,,,0.0,0.2,0.182,6.6,16.4,0.464,0.464,,
0,Ryan Stack,1998-99,23.0,['CLE'],NBA,PF,25.0,0.0,11.1,0.8,2.1,0.378,1.1,1.1,0.95,1.9,0.3,1.9,2.6,0,11.0,['SCAROLINA'],,0,0,0,19,1998,1.1,1.2,0.2,0.6,0.7,8.0,2.0,2.0,9.9,0.0,0.0,0.0,0.8,2.1,0.378,0.378,3.0,
0,Scott Skiles,1986-87,22.0,['MIL' 'IND' 'ORL' 'WSB' 'PHI'],NBA,PG,82.0,78.0,39.6,5.8,13.2,0.467,4.3,4.8,0.903,3.7,9.4,3.1,17.2,0,41.0,['MICHIGANST'],https://www.basketball-reference.com/req/202106291/images/headshots/skilesc01.jpg,0,0,0,22,1986,0.7,3.1,1.1,0.1,3.4,12.0,30.0,5.0,38.9,1.5,3.7,0.441,4.7,10.3,0.512,0.537,1.0,2.0
0,Bennie Swain,1958-59,25.0,['BOS'],NBA,PF,58.0,,12.2,1.7,4.2,0.406,1.2,1.9,0.609,4.5,0.5,2.2,4.6,0,22.0,,,0,1,0,8,1958,,,,,,15.0,3.0,,,,,,,,,,,
0,Otis Smith,1986-87,23.0,['DEN' 'TOT' 'GSW' 'ORL'],NBA,SG,80.0,39.0,25.3,5.4,12.0,0.506,2.9,4.0,0.798,5.2,2.5,2.7,13.9,1,33.0,['JACKSONVIL'],,0,0,0,17,1986,2.3,2.8,1.5,0.9,1.9,16.0,8.0,5.0,32.2,0.2,0.7,0.381,5.3,11.4,0.521,0.518,4.0,
0,Art Stolkey,1946-47,26.0,['DTF'],BAA,,23.0,,,1.6,7.1,0.22,1.3,1.9,0.682,,1.7,3.1,4.4,0,12.0,,,0,0,0,,,,,,,,,,,,,,,,,,,,
0,Landry Shamet,2018-19,21.0,['TOT' 'PHI' 'LAC' 'BRK' 'PHO'],NBA,SG,79.0,30.0,27.8,3.5,8.4,0.441,1.2,1.6,0.882,2.2,2.3,2.7,10.9,1,31.0,['WICHITAST'],https://www.basketball-reference.com/req/202106291/images/headshots/shamela01.jpg,0,0,0,26,2018,0.3,2.0,0.7,0.2,0.9,9.0,8.0,4.0,23.3,2.7,6.0,0.45,1.0,2.5,0.529,0.584,2.0,
0,Pep Saul,1949-50,25.0,['ROC' 'TOT' 'BLB' 'MNL' 'MLH'],NBA,SG,71.0,,30.4,2.9,7.4,0.404,2.8,3.7,0.8,3.2,2.7,2.6,8.6,1,18.0,['SETONHALL'],,0,4,0,12,1949,,,,,,6.0,7.0,,,,,,,,,,,
0,Mike Sanders,1982-83,22.0,['SAS' 'PHO' 'TOT' 'CLE' 'IND'],NBA,SF,82.0,82.0,26.3,4.4,8.9,0.583,2.5,3.1,0.87,4.2,2.0,3.6,11.0,1,30.0,['UCLA'],,0,0,0,5,1982,1.8,2.9,1.1,0.6,1.7,13.0,7.0,6.0,24.5,0.1,0.3,0.357,4.3,8.8,0.588,0.586,3.0,
0,Ben Scharnus,1946-47,29.0,['CLR' 'PRO'],BAA,,51.0,,,0.6,3.2,0.2,0.7,1.2,0.627,,0.4,1.6,2.0,0,9.0,,,0,0,0,,,,,,,,,,,,,,,,,,,,
0,Zhaire Smith,2018-19,19.0,['PHI'],NBA,SG,7.0,2.0,18.5,2.3,5.7,0.412,1.0,1.3,0.75,2.2,1.7,1.3,6.7,0,17.0,['TXTECH'],https://www.basketball-reference.com/req/202106291/images/headshots/smithzh01.jpg,0,0,0,16,2018,0.5,1.7,0.4,0.3,1.0,4.0,5.0,1.0,14.8,1.0,2.7,0.375,1.3,3.0,0.444,0.5,1.0,
0,Dick Snyder,1966-67,22.0,['STL' 'PHO' 'TOT' 'SEA' 'CLE'],NBA,SG,82.0,,37.3,7.9,16.1,0.531,3.7,4.4,0.875,4.1,4.4,3.5,19.4,1,41.0,['DAVIDSON'],https://www.basketball-reference.com/req/202106291/images/headshots/snydedi01.jpg,0,1,0,4,1966,1.2,2.9,1.2,0.5,0.8,13.0,11.0,5.0,14.2,,,,,,,,4.0,
0,Jordan Sibert,2018-19,26.0,['ATL'],NBA,SG,1.0,0.0,4.0,1.0,1.0,1.0,0.0,0.0,,0.0,0.0,0.0,3.0,0,3.0,['OHIOST' 'DAYTON'],https://www.basketball-reference.com/req/202106291/images/headshots/siberjo01.jpg,0,0,0,,,0.0,0.0,0.0,0.0,0.0,,,,2.7,1.0,1.0,1.0,0.0,0.0,,1.5,,
0,Wayne See,1949-50,26.0,['WAT'],NBA,,61.0,,,1.9,5.0,0.373,1.5,2.2,0.696,,2.3,2.4,5.2,0,15.0,,,0,0,0,,,,,,,,,5.0,,,,,,,,,,,
0,Lance Stephenson,2010-11,20.0,['IND' 'CHO' 'TOT' 'LAC' 'MEM' 'NOP' 'MIN' 'LAL' 'ATL'],NBA,SG,82.0,78.0,35.3,5.6,11.8,0.494,2.5,3.1,0.815,7.2,4.8,3.0,14.2,1,33.0,['CINCY'],https://www.basketball-reference.com/req/202106291/images/headshots/stephla01.jpg,0,0,0,10,2010,1.2,5.9,1.0,0.3,2.7,15.0,14.0,5.0,27.6,1.1,3.1,0.625,5.2,10.7,0.556,0.551,2.0,5.0
0,Bryant Stith,1992-93,22.0,['DEN' 'BOS' 'CLE'],NBA,SG,82.0,82.0,34.8,4.8,11.6,0.472,3.9,4.6,0.872,4.9,2.9,2.3,14.9,0,37.0,['VIRGINIA'],,0,0,0,13,1992,1.5,3.4,1.4,0.4,1.9,12.0,8.0,5.0,34.2,1.3,3.5,0.385,4.4,9.8,0.519,0.5,3.0,
0,Marko Simonovic,2021-22,22.0,['CHI'],NBA,C,9.0,0.0,3.9,0.4,1.7,0.286,0.9,1.2,0.727,1.1,0.0,0.7,1.9,0,8.0,,https://www.basketball-reference.com/req/202106291/images/headshots/simonma01.jpg,0,0,0,14,2020,0.6,0.6,0.1,0.1,0.2,4.0,,1.0,7.5,0.1,0.6,0.25,0.3,1.1,0.333,0.357,1.0,
0,Fred Sheffield,1946-47,23.0,['PHW'],BAA,,22.0,,,1.3,6.6,0.199,0.7,1.2,0.615,,0.2,1.5,3.4,0,15.0,,,0,0,0,,,,,,,,,,,,,,,,,,,,
0,Robert Smith,1977-78,22.0,['DEN' 'TOT' 'UTA' 'NJN' 'CLE' 'MIL' 'SDC' 'SAS'],NBA,PG,82.0,1.0,20.0,3.1,6.5,0.515,4.0,4.0,1.0,3.0,3.0,6.0,8.0,1,19.0,['UNLV'],,0,0,0,21,1977,1.0,2.0,0.8,0.2,3.0,11.0,8.0,4.0,18.5,0.1,0.6,0.308,2.9,5.9,0.515,0.515,3.0,
0,Greg Stokes,1985-86,22.0,['PHI' 'SAC'],NBA,PF,31.0,13.0,11.3,1.8,3.8,0.471,0.5,0.7,1.0,1.8,0.5,1.8,4.1,0,16.0,['IOWA'],,0,0,0,9,1985,0.9,1.0,0.5,0.4,0.6,10.0,3.0,3.0,13.0,0.0,0.0,0.0,1.8,3.8,0.475,0.471,2.0,
0,Kenny Smith,1987-88,22.0,['SAC' 'TOT' 'ATL' 'HOU' 'DET' 'ORL' 'DEN'],NBA,PG,82.0,82.0,38.8,6.8,14.6,0.52,3.7,4.4,1.0,2.8,7.7,2.3,17.7,1,41.0,['UNC'],https://www.basketball-reference.com/req/202106291/images/headshots/smithke01.jpg,0,2,0,6,1987,0.7,2.4,1.5,0.2,3.1,8.0,17.0,7.0,38.4,1.8,4.1,0.6,6.2,13.0,0.554,0.604,2.0,
0,Lou Spicer,1946-47,24.0,['PRO'],BAA,,4.0,,,0.0,1.8,0.0,0.3,0.5,0.5,,0.0,0.8,0.3,0,1.0,,,0,0,0,,,,,,,,,,,,,,,,,,,,
0,Jon Sundvold,1983-84,22.0,['SEA' 'SAS' 'MIA'],NBA,PG,76.0,42.0,23.2,4.8,9.9,0.486,0.9,1.1,1.0,1.3,4.1,1.6,11.2,0,28.0,['MISSOURI'],,0,0,0,16,1983,0.3,1.0,0.5,0.0,1.3,7.0,14.0,4.0,26.4,0.7,2.0,1.0,4.1,8.6,0.523,0.519,1.0,
0,Ansu Sesay,2001-02,25.0,['SEA' 'GSW'],NBA,SF,57.0,4.0,15.8,2.4,4.9,0.5,1.6,2.2,0.7,2.4,0.9,2.0,6.4,0,19.0,['OLEMISS'],,0,0,0,1,1998,1.1,1.4,0.3,0.4,0.6,10.0,4.0,2.0,18.8,0.1,0.5,0.286,2.4,4.9,0.5,0.5,2.0,
0,Latrell Sprewell,1992-93,22.0,['GSW' 'NYK' 'MIN'],NBA,SG,82.0,82.0,43.1,8.1,19.8,0.464,6.2,7.3,0.866,4.9,6.3,2.2,24.2,0,49.0,['ALABAMA'],https://www.basketball-reference.com/req/202106291/images/headshots/sprewla01.jpg,4,0,0,24,1992,1.6,3.9,2.2,0.9,4.0,13.0,13.0,8.0,44.6,1.8,5.2,0.372,7.2,16.4,0.488,0.502,5.0,2.0
0,Norm Stewart,1956-57,22.0,['STL'],NBA,,5.0,,7.4,0.8,3.0,0.267,0.4,1.2,0.333,1.0,0.4,1.8,2.0,0,5.0,['MISSOURI'],,0,0,0,2,1956,,,,,,1.0,,,,,,,,,,,,
0,Chips Sobek,1949-50,29.0,['SHE'],NBA,,60.0,,,1.6,4.2,0.378,2.6,3.4,0.761,,1.6,2.6,5.8,0,19.0,,,0,0,0,,,,,,,,,7.0,,,,,,,,,,,
0,Malik Sealy,1992-93,22.0,['IND' 'LAC' 'DET' 'MIN'],NBA,SF,82.0,79.0,30.7,4.9,11.8,0.476,3.2,3.7,0.902,4.3,2.4,2.9,13.5,0,34.0,['STJOHNS'],,0,0,0,14,1992,1.5,2.8,1.6,0.6,1.9,13.0,8.0,8.0,28.4,1.0,2.8,0.356,4.5,9.9,0.485,0.482,4.0,
0,Casey Shaw,1998-99,23.0,['PHI'],NBA,C,9.0,0.0,1.6,0.1,0.9,0.125,0.0,0.0,,0.3,0.0,0.2,0.2,0,2.0,['TOLEDO'],,0,0,0,8,1998,0.3,0.0,0.0,0.0,0.2,1.0,,,0.0,0.0,0.0,,0.1,0.9,0.125,0.125,,
0,Ed Searcy,1975-76,23.0,['BOS'],NBA,SF,4.0,,3.0,0.5,1.5,0.333,0.5,0.5,1.0,0.0,0.3,1.0,1.5,0,2.0,['STJOHNS'],,0,0,0,10,1974,0.0,0.0,0.0,0.0,,,1.0,,,,,,,,,,,
0,Greg Sutton,1991-92,24.0,['SAS' 'CHH' 'TOT' 'PHI'],NBA,PG,67.0,4.0,15.5,2.2,5.6,0.409,0.8,1.1,0.789,1.2,2.2,2.2,6.3,1,17.0,['ORALROB'],,0,0,0,22,1991,0.2,1.0,0.6,0.1,1.5,5.0,7.0,3.0,14.7,1.3,3.2,0.417,1.0,2.4,0.448,0.509,1.0,
0,Ray Spalding,2018-19,21.0,['TOT' 'DAL' 'PHO' 'HOU'],NBA,PF,14.0,3.0,11.3,1.9,3.6,0.532,0.3,1.0,0.333,3.7,0.4,1.8,4.2,1,21.0,['LOUISVILLE'],https://www.basketball-reference.com/req/202106291/images/headshots/spaldra01.jpg,0,0,0,26,2018,1.2,2.5,0.7,1.0,1.5,13.0,2.0,3.0,25.1,0.0,0.5,0.0,1.9,3.4,0.667,0.532,3.0,
0,Cole Swider,2022-23,23.0,['LAL'],NBA,SF,7.0,0.0,5.9,0.4,1.3,0.333,0.0,0.0,,1.0,0.6,0.4,1.3,0,6.0,['VILLANOVA' 'SYRACUSE'],https://www.basketball-reference.com/req/202106291/images/headshots/swideco01.jpg,0,0,0,,,0.1,0.9,0.0,0.0,0.0,5.0,3.0,,5.4,0.4,1.1,0.375,0.0,0.1,0.0,0.5,,
0,Xavier Silas,2011-12,24.0,['PHI' 'BOS'],NBA,SG,2.0,0.0,19.5,2.0,7.5,0.267,1.0,1.5,0.667,2.0,1.5,2.5,5.5,0,6.0,['COLORADO' 'NILLINOIS'],https://www.basketball-reference.com/req/202106291/images/headshots/silasxa01.jpg,0,0,0,,,1.0,1.0,0.5,0.0,1.5,3.0,2.0,1.0,0.7,0.5,3.0,0.167,1.5,4.5,0.333,0.3,,
0,Phil Smith,1974-75,22.0,['GSW' 'SDC' 'TOT' 'SEA'],NBA,SG,82.0,41.0,38.8,8.3,16.9,0.501,3.9,5.0,0.812,4.6,4.9,3.1,20.0,1,51.0,['SANFRAN'],https://www.basketball-reference.com/req/202106291/images/headshots/smithph01.jpg,2,1,0,11,1974,1.6,3.0,1.7,0.4,3.2,12.0,15.0,6.0,33.3,0.1,0.5,0.375,8.3,16.9,0.501,0.501,3.0,1.0
0,Charley Shipp,1949-50,36.0,['WAT'],NBA,,23.0,,,1.5,6.0,0.255,1.6,2.2,0.725,,2.0,2.0,4.7,0,15.0,,,0,0,0,,,,,,,,,1.0,,,,,,,,,,,
0,Fred Scolari,1946-47,24.0,['WSC' 'TOT' 'SYR' 'BLB' 'FTW' 'BOS'],BAA,PG,66.0,,35.2,5.0,17.1,0.377,5.5,6.6,0.849,3.6,4.7,3.4,14.7,1,30.0,,,2,0,0,,,,,,,,10.0,14.0,,,,,,,,,,,
0,Bobby Simmons,2001-02,21.0,['WAS' 'LAC' 'MIL' 'NJN' 'SAS'],NBA,SF,75.0,74.0,37.3,6.3,13.6,0.466,3.1,3.6,0.914,5.9,2.7,3.4,16.4,0,30.0,['DEPAUL'],https://www.basketball-reference.com/req/202106291/images/headshots/simmobo01.jpg,0,0,0,13,2001,2.1,4.2,1.4,0.3,1.8,13.0,8.0,6.0,31.5,1.6,3.7,0.447,5.7,12.0,0.481,0.582,2.0,
0,Dennis Stewart,1970-71,23.0,['TOT' 'BAL' 'FLO'],TOT,,12.0,,6.6,1.5,4.4,0.341,1.0,1.0,1.0,1.5,0.5,1.2,3.6,1,8.0,['MICHIGAN'],,0,0,0,1,1969,0.4,1.0,,,0.9,2.0,1.0,,,0.1,0.3,0.333,1.4,4.1,0.341,0.352,,
0,Cedric Simmons,2006-07,21.0,['NOK' 'TOT' 'CLE' 'CHI' 'SAC'],NBA,PF,43.0,4.0,12.4,1.3,3.1,0.524,0.5,1.3,0.5,2.5,0.3,1.7,2.9,1,10.0,['NCSTATE'],,0,0,0,15,2006,1.0,1.5,0.3,0.7,0.6,9.0,2.0,2.0,8.9,0.0,0.0,,1.3,3.1,0.524,0.524,2.0,
0,Brian Scalabrine,2001-02,23.0,['NJN' 'BOS' 'CHI'],NBA,PF,71.0,17.0,21.6,2.4,6.1,0.526,1.0,1.3,0.889,4.5,1.6,2.4,6.3,0,29.0,['USC'],https://www.basketball-reference.com/req/202106291/images/headshots/scalabr01.jpg,0,1,0,6,2001,1.5,3.0,0.6,0.3,1.2,11.0,5.0,3.0,27.2,0.8,2.0,0.4,2.0,4.9,0.714,0.526,3.0,
0,Kobi Simmons,2017-18,20.0,['MEM' 'CLE' 'CHO'],NBA,PG,32.0,12.0,20.1,2.5,5.9,0.423,0.8,0.8,1.0,1.6,2.1,1.9,6.1,0,20.0,['ARIZONA'],https://www.basketball-reference.com/req/202106291/images/headshots/simmoko01.jpg,0,0,0,,,0.4,1.1,0.6,0.4,1.4,5.0,7.0,3.0,19.5,0.3,1.2,0.282,2.2,4.7,0.46,0.452,1.0,
0,Jeremy Sochan,2022-23,19.0,['SAS'],NBA,PF,56.0,53.0,26.0,4.5,9.9,0.453,1.4,2.1,0.698,5.3,2.5,2.5,11.0,0,30.0,['BAYLOR'],https://www.basketball-reference.com/req/202106291/images/headshots/sochaje01.jpg,0,0,0,9,2022,1.7,3.6,0.8,0.4,1.7,13.0,6.0,4.0,22.7,0.6,2.4,0.246,3.9,7.5,0.519,0.483,2.0,
0,D.J. Stephens,2013-14,23.0,['MIL' 'MEM'],NBA,SG,3.0,0.0,7.0,1.0,2.3,0.5,0.3,0.3,1.0,1.7,0.0,0.0,2.3,0,5.0,['MEMPHIS'],https://www.basketball-reference.com/req/202106291/images/headshots/stephdj01.jpg,0,0,0,,,0.3,1.3,1.0,0.0,1.0,4.0,,1.0,3.9,0.0,0.0,,1.0,2.3,0.5,0.5,,
0,Al Sanders,1972-73,23.0,['VIR'],ABA,PF,4.0,,6.3,0.5,0.5,1.0,1.0,1.5,0.667,1.3,0.0,1.0,2.0,0,4.0,['LSU'],,0,0,0,9,1972,0.0,1.3,,,0.8,1.0,,,,0.0,0.0,,0.5,0.5,1.0,1.0,,
0,John Shasky,1988-89,24.0,['MIA' 'GSW' 'DAL'],NBA,C,65.0,4.0,14.5,1.9,3.8,0.488,1.8,2.6,0.689,3.6,0.3,1.4,5.5,0,19.0,['MINNESOTA'],,0,0,0,14,1986,1.5,2.1,0.2,0.4,0.7,12.0,3.0,2.0,16.5,0.0,0.0,0.0,1.9,3.8,0.492,0.488,2.0,
0,Chris Singleton,2011-12,22.0,['WAS'],NBA,SF,66.0,51.0,21.7,1.8,4.7,0.382,0.7,1.2,0.72,3.5,0.7,2.7,4.6,0,16.0,['FLORIDAST'],https://www.basketball-reference.com/req/202106291/images/headshots/singlch01.jpg,0,0,0,18,2011,0.9,2.9,1.1,0.5,0.8,12.0,4.0,5.0,15.8,0.7,1.9,0.368,1.5,3.6,0.415,0.442,4.0,
0,Chuck Share,1951-52,24.0,['FTW' 'TOT' 'MLH' 'STL' 'MNL'],NBA,C,72.0,,30.2,4.4,10.2,0.75,5.1,7.1,1.0,10.8,1.8,4.4,13.6,1,30.0,['BOWLGREEN'],,0,1,0,1,1950,,,,,,30.0,6.0,,,,,,,,,,,
0,Jim Smith,1981-82,23.0,['SDC' 'DET'],NBA,PF,72.0,3.0,11.9,1.2,2.3,0.75,0.5,1.2,0.5,2.5,0.6,2.6,2.9,0,13.0,['OHIOST'],,0,0,0,8,1981,1.0,1.5,0.3,0.7,0.7,9.0,5.0,2.0,10.2,0.0,0.0,,1.2,2.3,0.75,0.75,4.0,
0,James Scott,1996-97,24.0,['MIA'],NBA,SF,8.0,0.0,4.0,0.0,1.0,0.0,0.1,0.3,0.5,0.8,0.4,0.6,0.1,0,1.0,['STJOHNS'],,0,0,0,,,0.1,0.6,0.3,0.0,0.3,2.0,1.0,1.0,1.0,0.0,0.5,0.0,0.0,0.5,0.0,0.0,,
0,Jeff Slade,1962-63,21.0,['CHZ'],NBA,,3.0,,6.7,0.7,1.7,0.4,0.0,0.3,0.0,2.3,0.0,1.0,1.3,0,4.0,,,0,0,0,1,1962,,,,,,6.0,,,,,,,,,,,,
0,Edmond Sumner,2017-18,22.0,['IND' 'BRK'],NBA,PG,53.0,24.0,16.2,2.8,5.3,1.0,1.9,2.0,0.917,1.8,1.8,1.7,7.5,0,29.0,['XAVIER'],https://www.basketball-reference.com/req/202106291/images/headshots/sumneed01.jpg,0,0,0,22,2017,0.4,1.4,0.6,0.3,1.0,7.0,6.0,3.0,21.5,0.7,1.7,0.398,2.1,3.7,1.0,1.0,2.0,
0,Luke Schenscher,2005-06,23.0,['CHI' 'POR'],NBA,C,20.0,0.0,10.7,0.8,2.1,0.615,0.5,0.7,0.714,2.3,0.4,2.3,1.8,0,10.0,['GATECH'],,0,0,0,,,0.9,1.4,0.2,0.4,0.4,8.0,1.0,1.0,10.5,0.0,0.0,,0.8,2.1,0.615,0.615,2.0,
0,Detlef Schrempf,1985-86,23.0,['DAL' 'TOT' 'IND' 'SEA' 'POR'],NBA,SF,82.0,82.0,37.8,6.4,13.2,0.536,6.4,8.0,0.852,9.6,6.0,3.7,19.2,1,36.0,['WASHINGTON'],https://www.basketball-reference.com/req/202106291/images/headshots/schrede01.jpg,3,0,0,8,1985,2.6,7.1,1.1,0.5,3.0,23.0,14.0,4.0,33.3,1.2,2.8,0.514,6.2,12.6,0.554,0.569,3.0,7.0
0,Jason Sasser,1996-97,23.0,['TOT' 'SAS' 'DAL' 'VAN'],NBA,SF,8.0,0.0,10.3,1.3,3.2,0.455,0.2,0.3,0.5,1.2,0.5,1.8,2.8,1,11.0,['TXTECH'],,0,0,0,12,1996,0.5,1.2,0.5,0.0,0.3,4.0,1.0,1.0,6.7,0.2,0.5,0.5,1.2,2.8,0.455,0.455,,
0,Nolan Smith,2011-12,23.0,['POR'],NBA,PG,44.0,4.0,12.3,1.5,4.1,0.372,0.5,0.7,0.714,1.3,1.4,1.3,3.8,0,16.0,['DUKE'],https://www.basketball-reference.com/req/202106291/images/headshots/smithno01.jpg,0,0,0,21,2011,0.4,0.9,0.4,0.1,1.0,6.0,7.0,2.0,13.9,0.3,1.0,0.289,1.2,3.1,0.419,0.408,1.0,
0,Lionel Simmons,1990-91,22.0,['SAC'],NBA,SF,79.0,79.0,37.7,6.9,16.5,0.454,4.3,5.5,0.875,8.8,4.5,3.2,18.0,0,42.0,['LASALLE'],,0,0,0,7,1990,2.4,6.4,1.7,1.7,2.9,19.0,13.0,6.0,35.1,0.4,0.9,0.375,6.9,16.3,0.455,0.454,7.0,2.0
0,Kevin Séraphin,2010-11,21.0,['WAS' 'NYK' 'IND'],NBA,PF,79.0,21.0,21.8,4.2,9.1,0.551,0.8,1.2,0.871,4.9,1.0,2.7,9.1,0,24.0,,https://www.basketball-reference.com/req/202106291/images/headshots/serapke01.jpg,0,0,0,17,2010,1.8,3.1,0.3,1.3,1.6,14.0,5.0,4.0,24.3,0.0,0.0,0.0,4.2,9.1,0.556,0.551,5.0,
0,Pete Smith,1972-73,,['SDA'],ABA,PF,5.0,,6.4,0.4,2.4,0.167,0.0,0.0,,1.6,0.2,1.0,0.8,0,2.0,,,0,0,0,2,1971,0.6,1.0,,,1.0,,,,,0.0,0.4,0.0,0.4,2.0,0.2,0.167,,
0,Dave Schellhase,1966-67,22.0,['CHI'],NBA,PG,42.0,,7.2,1.3,3.6,0.36,0.5,0.9,0.636,1.1,0.9,1.0,3.0,0,15.0,['PURDUE'],,0,0,0,10,1966,,,,,,6.0,4.0,,,,,,,,,,,
0,Diamond Stone,2016-17,19.0,['LAC'],NBA,C,7.0,0.0,3.4,0.4,1.9,0.231,0.6,0.6,1.0,0.9,0.0,0.7,1.4,0,6.0,['MARYLAND'],https://www.basketball-reference.com/req/202106291/images/headshots/stonedi01.jpg,0,0,0,10,2016,0.1,0.7,0.0,0.1,0.3,2.0,,,3.1,0.0,0.0,,0.4,1.9,0.231,0.231,1.0,
0,Miles Simon,1998-99,23.0,['ORL'],NBA,SG,5.0,0.0,3.8,0.2,1.0,0.2,0.0,0.0,,0.4,0.0,0.2,0.4,0,2.0,['ARIZONA'],,0,0,0,13,1998,0.2,0.2,0.2,0.0,0.6,1.0,,1.0,1.7,0.0,0.4,0.0,0.2,0.6,0.333,0.2,,
0,Keith Starr,1976-77,22.0,['CHI'],NBA,SG,17.0,,3.8,0.4,1.4,0.25,0.1,0.1,1.0,0.6,0.4,0.6,0.8,0,4.0,['PITT'],,0,0,0,1,1976,0.4,0.2,0.1,0.0,,3.0,2.0,1.0,,,,,,,,,,
0,Larry Sanders,2010-11,22.0,['MIL' 'CLE'],NBA,C,71.0,55.0,27.3,4.3,8.5,0.506,1.2,2.4,1.0,9.5,1.2,3.9,9.8,0,25.0,['VCU'],https://www.basketball-reference.com/req/202106291/images/headshots/sandela01.jpg,0,0,0,15,2010,3.2,6.3,1.0,2.8,1.2,20.0,5.0,4.0,23.5,0.0,0.0,0.0,4.3,8.5,0.507,0.506,10.0,1.0
0,Bruce Seals,1973-74,20.0,['UTS' 'SEA'],ABA,SF,81.0,,30.1,4.8,11.0,0.444,2.2,3.3,0.769,6.3,1.5,3.9,11.8,0,38.0,,,0,0,0,3,1975,1.9,4.3,0.8,0.7,1.4,15.0,9.0,3.0,20.7,0.2,1.2,0.211,4.8,11.0,0.444,0.444,5.0,
0,Bill Smith,1961-62,22.0,['NYK'],NBA,,9.0,,9.2,0.9,3.7,0.242,0.8,0.9,0.875,1.8,0.8,0.7,2.6,0,8.0,,,0,0,0,1,1961,,,,,,6.0,1.0,,,,,,,,,,,
0,Bill Stricker,1970-71,23.0,['POR'],NBA,,1.0,,2.0,2.0,3.0,0.667,0.0,0.0,,0.0,0.0,1.0,4.0,0,4.0,['PACIFIC'],,0,0,0,3,1970,,,,,,,,,,,,,,,,,,
0,Arvydas Sabonis,1986-87,22.0,['POR'],Did Not Play (other pro league—Lithuania),Did Not Play (other pro league—Lithuania),78.0,73.0,32.0,5.6,11.3,0.545,4.4,5.5,0.843,10.0,3.0,3.7,16.0,0,33.0,,https://www.basketball-reference.com/req/202106291/images/headshots/sabonar01.jpg,0,0,0,7,1985,2.0,7.9,0.9,1.3,2.6,20.0,9.0,5.0,34.1,0.7,1.9,0.5,5.2,9.7,0.574,0.572,6.0,
0,Paul Seymour,1947-48,20.0,['BLB' 'SYR'],BAA,,72.0,,41.0,5.2,14.4,0.383,5.1,6.2,0.897,4.3,6.7,3.1,14.6,0,29.0,,https://www.basketball-reference.com/req/202106291/images/headshots/seymopa01.jpg,3,1,0,,,,,,,,10.0,18.0,,,,,,,,,,,1.0
0,Tony Smith,1990-91,22.0,['LAL' 'TOT' 'PHO' 'MIA' 'CHH' 'MIL' 'ATL'],NBA,SG,73.0,39.0,22.2,3.7,8.5,0.484,1.2,1.6,0.756,2.7,2.7,2.0,8.8,1,25.0,['MARQUETTE'],,0,0,0,24,1990,1.5,1.3,1.2,0.3,1.5,10.0,9.0,5.0,23.3,0.7,2.3,0.352,3.5,7.8,0.532,0.52,2.0,
0,Herm Schaefer,1948-49,30.0,['MNL'],BAA,,65.0,,,3.7,9.9,0.389,3.0,3.7,0.851,,3.2,2.1,10.4,0,28.0,,,0,2,0,,,,,,,,,8.0,,,,,,,,,,,
0,Bud Stallworth,1972-73,23.0,['SEA' 'NOJ'],NBA,SF,77.0,,22.8,4.1,9.7,0.463,1.7,2.5,0.754,3.4,0.9,2.8,9.9,0,32.0,['KANSAS'],,0,0,0,7,1972,1.1,2.3,0.8,0.3,,12.0,5.0,4.0,,,,,,,,,3.0,
0,Ed Smith,1953-54,24.0,['NYK'],NBA,SF,12.0,,10.6,1.2,4.1,0.286,0.6,1.1,0.538,2.7,0.8,1.4,2.9,0,7.0,,,0,0,0,6,1951,,,,,,4.0,2.0,,,,,,,,,,,
0,Joe Smyth,1953-54,24.0,['TOT' 'NYK' 'BLB'],NBA,SF,40.0,,13.6,1.3,3.8,0.35,0.9,1.8,0.556,2.8,1.5,1.4,3.6,1,10.0,,,0,0,0,,1953,,,,,,11.0,3.0,,,,,,,,,,,
0,Jabari Smith Jr.,2022-23,19.0,['HOU'],NBA,PF,79.0,79.0,31.0,4.6,11.3,0.408,2.1,2.6,0.786,7.2,1.3,2.9,12.8,0,30.0,['AUBURN'],https://www.basketball-reference.com/req/202106291/images/headshots/smithja05.jpg,0,0,0,3,2022,1.5,5.7,0.5,0.9,1.3,15.0,6.0,3.0,28.1,1.5,4.9,0.307,3.1,6.3,0.487,0.475,3.0,
0,Bruno Šundov,1998-99,18.0,['DAL' 'IND' 'BOS' 'TOT' 'CLE' 'NYK'],NBA,C,26.0,4.0,10.9,1.8,3.7,1.0,0.8,1.5,1.0,2.5,1.0,2.0,3.9,1,17.0,,,0,0,0,6,1998,0.5,2.0,0.2,0.4,0.8,9.0,1.0,2.0,11.6,0.2,0.6,0.333,1.8,3.4,1.0,1.0,2.0,
0,Jarnell Stokes,2014-15,21.0,['MEM' 'TOT' 'MIA' 'DEN'],NBA,PF,19.0,2.0,6.6,1.1,1.9,1.0,0.8,1.5,0.536,1.8,1.0,1.5,3.0,1,13.0,['TENNESSEE'],https://www.basketball-reference.com/req/202106291/images/headshots/stokeja01.jpg,0,0,0,5,2014,0.8,0.9,0.5,0.3,0.4,8.0,2.0,3.0,12.6,0.0,0.0,,1.1,1.9,1.0,1.0,2.0,
0,Jeff Sheppard,1998-99,24.0,['ATL'],NBA,SG,18.0,5.0,10.3,0.8,2.2,0.385,0.4,0.7,0.615,1.2,0.9,0.7,2.2,0,8.0,['KENTUCKY'],,0,0,0,,,0.3,0.9,0.2,0.0,0.4,6.0,3.0,1.0,6.1,0.1,0.4,0.286,0.7,1.8,0.406,0.41,,
0,Jim Springer,1948-49,22.0,['INJ'],BAA,,2.0,,,0.0,0.0,,0.5,0.5,1.0,,0.0,0.0,0.5,0,1.0,,,0,0,0,,,,,,,,,,,,,,,,,,,,
0,Samardo Samuels,2010-11,22.0,['CLE'],NBA,PF,54.0,10.0,18.9,3.0,6.5,0.456,1.8,3.0,0.701,4.3,0.5,2.4,7.8,0,23.0,['LOUISVILLE'],https://www.basketball-reference.com/req/202106291/images/headshots/samuesa01.jpg,0,0,0,,,2.0,2.2,0.4,0.5,1.4,10.0,3.0,3.0,21.1,0.0,0.1,0.0,3.0,6.4,0.462,0.456,3.0,
0,Elmore Smith,1971-72,22.0,['BUF' 'LAL' 'MIL' 'TOT' 'CLE'],NBA,C,81.0,,40.8,7.9,16.4,0.531,2.8,4.7,0.692,15.2,2.5,3.9,18.3,1,40.0,,https://www.basketball-reference.com/req/202106291/images/headshots/smithel01.jpg,0,0,0,3,1971,2.8,8.9,1.1,4.9,1.8,26.0,9.0,6.0,25.4,,,,,,,,17.0,6.0
0,Don Smith,1948-49,28.0,['MNL'],BAA,,8.0,,,0.3,1.6,0.154,0.3,0.4,0.667,,0.3,0.8,0.8,0,4.0,,,0,0,0,,1947,,,,,,,,,,,,,,,,,,
0,Mouhamed Sene,2006-07,20.0,['SEA' 'TOT' 'OKC' 'NYK'],NBA,C,28.0,3.0,6.0,1.0,2.0,0.714,1.4,1.8,1.0,5.0,0.1,1.2,3.4,1,10.0,,,0,0,0,10,2006,2.0,3.0,0.2,1.0,1.0,7.0,1.0,1.0,7.1,0.0,0.0,,1.0,2.0,0.714,0.714,3.0,
0,Isaiah Stewart,2020-21,19.0,['DET'],NBA,C,71.0,71.0,28.3,3.9,8.8,0.553,2.2,3.0,0.738,8.7,1.4,3.0,11.3,0,24.0,['WASHINGTON'],https://www.basketball-reference.com/req/202106291/images/headshots/stewais01.jpg,0,0,0,16,2020,3.2,5.8,0.6,1.3,1.4,21.0,6.0,3.0,23.7,1.3,4.1,0.333,3.3,6.3,0.592,0.578,4.0,
0,Greg Stiemsma,2011-12,26.0,['BOS' 'MIN' 'NOP' 'TOR'],NBA,C,76.0,20.0,18.3,1.7,3.7,0.75,0.7,0.9,0.768,4.1,0.7,3.1,4.0,0,14.0,['WISCONSIN'],https://www.basketball-reference.com/req/202106291/images/headshots/stiemgr01.jpg,0,0,0,,,1.3,2.8,0.7,1.5,0.8,12.0,6.0,5.0,16.4,0.0,0.0,0.0,1.7,3.7,0.75,0.75,6.0,
0,Cassius Stanley,2020-21,21.0,['IND' 'DET'],NBA,SG,24.0,1.0,17.2,2.1,5.1,0.413,1.1,1.1,1.0,2.1,0.4,1.9,5.8,0,19.0,['DUKE'],https://www.basketball-reference.com/req/202106291/images/headshots/stanlca01.jpg,0,0,0,24,2020,0.6,1.6,0.6,0.2,0.7,4.0,1.0,2.0,15.9,0.4,1.9,0.235,1.7,3.2,0.517,0.457,1.0,
0,Rod Strickland,1988-89,22.0,['NYK' 'TOT' 'SAS' 'POR' 'WSB' 'WAS' 'MIA' 'MIN' 'ORL' 'TOR' 'HOU'],NBA,PG,82.0,81.0,39.7,7.0,15.3,0.485,4.7,6.5,0.9,5.3,10.5,2.9,18.9,1,37.0,['DEPAUL'],https://www.basketball-reference.com/req/202106291/images/headshots/stricro02.jpg,0,0,0,19,1988,1.6,3.9,2.1,0.3,3.8,12.0,20.0,6.0,37.5,0.7,1.9,0.5,6.5,14.2,0.499,0.491,3.0,6.0
0,Tiago Splitter,2010-11,26.0,['SAS' 'ATL' 'PHI'],NBA,C,81.0,58.0,24.7,3.9,7.0,0.618,2.6,3.5,0.818,6.4,1.6,2.3,10.3,0,26.0,,https://www.basketball-reference.com/req/202106291/images/headshots/splitti01.jpg,0,1,0,28,2007,2.1,4.6,0.8,0.8,1.5,14.0,7.0,3.0,24.8,0.3,0.8,0.333,3.9,6.9,0.618,0.618,4.0,
0,DeWayne Scales,1980-81,22.0,['NYK' 'WSB'],NBA,PF,44.0,0.0,11.0,2.1,5.1,0.6,0.6,1.0,0.667,3.0,0.2,1.2,4.9,0,20.0,['LSU'],,0,0,0,13,1980,1.1,1.9,0.5,0.3,1.0,12.0,1.0,4.0,8.6,0.0,0.1,0.167,2.1,5.0,0.6,0.6,1.0,
0,Ron Shavlik,1956-57,23.0,['NYK'],NBA,,7.0,,10.3,0.6,3.1,0.182,0.3,0.7,0.4,3.1,0.0,1.7,1.4,0,3.0,['NCSTATE'],,0,0,0,4,1956,,,,,,2.0,,,,,,,,,,,,
0,Dane Suttle,1983-84,22.0,['KCK'],NBA,SG,40.0,1.0,11.7,2.7,5.4,0.509,1.0,1.2,1.0,1.2,1.2,1.2,6.5,0,26.0,['PEPPERDINE'],,0,0,0,13,1983,0.5,0.6,0.5,0.0,0.8,5.0,4.0,3.0,21.3,0.0,0.2,0.0,2.7,5.3,0.517,0.509,,
0,Luis Scola,1999-00,19.0,['HOU' 'PHO' 'IND' 'TOR' 'BRK'],Did Not Play (other pro league—Spain),Did Not Play (other pro league—Spain),82.0,82.0,32.6,7.7,15.3,0.531,2.9,3.9,0.787,8.8,2.5,3.2,18.3,0,44.0,,https://www.basketball-reference.com/req/202106291/images/headshots/scolalu01.jpg,0,0,0,27,2002,2.4,6.5,0.8,0.6,2.3,21.0,10.0,5.0,39.7,0.9,2.1,0.404,7.7,15.2,0.535,0.531,3.0,
0,Cheikh Samb,2007-08,23.0,['DET' 'TOT' 'DEN' 'LAC' 'NYK'],NBA,C,18.0,0.0,7.8,0.8,2.2,0.75,0.3,1.0,0.6,1.8,0.2,2.0,1.8,1,6.0,,,0,0,0,21,2006,0.8,1.2,0.3,0.8,0.3,8.0,1.0,2.0,5.1,0.0,0.2,0.0,0.8,2.0,0.75,0.75,3.0,
0,Bobby Smith,1959-60,22.0,['MNL' 'LAL'],NBA,,10.0,,13.0,1.3,5.4,0.241,1.1,1.6,0.688,3.3,1.4,1.0,3.7,0,13.0,,,0,0,0,4,1959,,,,,,1.0,,,,,,,,,,,,
0,Johnny Simmons,1946-47,22.0,['BOS'],BAA,,60.0,,,2.0,7.2,0.28,1.3,2.1,0.614,,0.5,1.3,5.3,0,17.0,,,0,0,0,,,,,,,,,,,,,,,,,,,,
0,Ron Sobie,1956-57,22.0,['NYK' 'TOT' 'MNL'],NBA,SG,71.0,,25.4,3.9,9.8,0.403,3.6,4.3,0.861,4.8,2.3,4.0,11.5,1,32.0,,,0,0,0,7,1956,,,,,,12.0,6.0,,,,,,,,,,,
0,Red Stroud,1967-68,26.0,['NOB'],ABA,,7.0,,4.7,0.7,1.6,0.455,1.3,1.4,0.9,0.3,0.1,1.0,2.9,0,7.0,,,0,0,0,9,1963,,,,,1.3,,,,,0.1,0.1,1.0,0.6,1.4,0.4,0.5,,
0,Deividas Sirvydis,2020-21,20.0,['DET'],NBA,SG,20.0,0.0,9.0,0.7,3.3,0.35,0.2,0.3,0.5,2.0,0.3,1.3,2.1,0,16.0,,https://www.basketball-reference.com/req/202106291/images/headshots/sirvyde01.jpg,0,0,0,7,2019,0.0,2.0,1.0,0.3,0.3,6.0,2.0,2.0,10.0,0.5,2.3,0.357,0.2,1.0,0.333,0.475,1.0,
0,Zavier Simpson,2021-22,24.0,['OKC'],NBA,PG,4.0,4.0,43.5,4.8,13.0,0.365,1.3,1.3,1.0,5.3,7.5,3.8,11.0,0,17.0,['MICHIGAN'],https://www.basketball-reference.com/req/202106291/images/headshots/simpsza01.jpg,0,0,0,,,0.5,4.8,1.3,1.0,2.5,9.0,11.0,3.0,15.8,0.3,2.0,0.125,4.5,11.0,0.409,0.375,2.0,
0,Wayne Stevens,1959-60,23.0,['CIN'],NBA,,8.0,,6.1,0.4,2.4,0.158,0.9,1.3,0.7,2.0,0.5,0.5,1.6,0,5.0,['CINCY'],,0,0,0,2,1958,,,,,,5.0,3.0,,,,,,,,,,,
0,Craig Shelton,1980-81,23.0,['ATL'],NBA,SF,55.0,0.0,10.7,1.8,4.0,0.457,0.6,1.1,0.603,2.5,0.5,2.3,4.3,0,22.0,['GEORGETOWN'],,0,0,0,5,1980,1.1,1.4,0.3,0.1,1.1,10.0,3.0,2.0,17.7,0.0,0.0,0.0,1.8,4.0,0.459,0.457,1.0,
0,Leon Smith,2001-02,21.0,['ATL' 'SEA'],NBA,C,14.0,0.0,7.1,1.0,2.0,0.5,0.8,1.2,0.647,2.2,0.2,1.0,2.2,0,6.0,,,0,0,0,29,1999,1.0,1.5,0.4,0.1,0.2,5.0,1.0,2.0,6.5,0.0,0.0,,1.0,2.0,0.5,0.5,1.0,
0,Tom Sluby,1984-85,22.0,['DAL'],NBA,SG,31.0,0.0,4.9,1.0,1.9,0.517,0.4,0.7,0.619,0.4,0.5,0.6,2.4,0,8.0,['NOTREDAME'],,0,0,0,17,1984,0.2,0.2,0.1,0.0,0.4,2.0,3.0,1.0,6.1,0.0,0.1,0.0,1.0,1.8,0.536,0.517,,
0,Josh Smith,2004-05,19.0,['ATL' 'DET' 'TOT' 'HOU' 'LAC' 'NOP'],NBA,SF,83.0,81.0,36.8,7.6,16.7,0.505,4.1,5.8,0.725,9.6,4.7,3.3,18.8,1,38.0,,https://www.basketball-reference.com/req/202106291/images/headshots/smithjo03.jpg,0,0,0,17,2004,2.8,7.5,1.6,2.9,3.2,22.0,12.0,7.0,34.0,1.1,3.7,0.331,7.2,15.0,0.514,0.508,10.0,3.0
0,Rik Smits,1988-89,22.0,['IND'],NBA,C,82.0,82.0,30.5,7.4,14.2,0.534,3.7,4.8,0.818,7.7,2.0,4.0,18.5,0,44.0,['MARIST'],https://www.basketball-reference.com/req/202106291/images/headshots/smitsri01.jpg,1,0,0,2,1988,2.5,5.2,0.6,2.1,2.5,17.0,8.0,4.0,37.2,0.0,0.2,0.25,7.4,14.2,0.535,0.534,8.0,
0,Gene Shue,1954-55,23.0,['TOT' 'PHW' 'NYK' 'FTW' 'DET' 'BAL'],NBA,PG,80.0,,44.5,8.3,20.0,0.421,6.3,7.2,0.872,5.8,6.8,2.7,22.8,1,45.0,['MARYLAND'],https://www.basketball-reference.com/req/202106291/images/headshots/shuege01.jpg,5,0,0,3,1954,,,,,,15.0,16.0,,,,,,,,,,,2.0
0,Alvin Scott,1977-78,22.0,['PHO'],NBA,SF,82.0,38.0,21.5,2.6,4.9,0.535,1.6,2.4,0.779,4.4,1.8,2.1,6.7,0,18.0,['ORALROB'],https://www.basketball-reference.com/req/202106291/images/headshots/scottal01.jpg,0,0,0,5,1977,1.7,3.2,1.0,0.9,1.2,12.0,8.0,6.0,22.7,0.0,0.1,0.5,2.6,4.9,0.535,0.535,4.0,
0,Elmore Spencer,1992-93,23.0,['LAC' 'TOT' 'DEN' 'POR' 'SEA'],NBA,C,76.0,63.0,25.4,3.8,7.1,0.537,1.5,2.6,0.667,5.5,1.3,3.3,8.9,1,28.0,['GEORGIA' 'UNLV'],,0,0,0,25,1992,1.3,4.2,1.0,1.7,2.5,14.0,5.0,3.0,24.4,0.0,0.1,0.0,3.8,7.1,0.537,0.537,8.0,
