,Name,Season,Age,Tm,Lg,Pos,G,GS,MP,FG,FGA,FG%,FT,FTA,FT%,TRB,AST,PF,PTS,MidSeasonTrade,"Career high, Points","Career high, Rebounds","Career high, Assists",College,Image URL,All Star Games,Championships,HOF,Pick #,Draft Year,3P,3PA,3P%,2P,2PA,2P%,eFG%,ORB,DRB,STL,BLK,TOV,"Career high, Steals","Career high, Blocks","Career high, Game Score",Triple-Doubles
0,Mike Todorovich,1949-50,26.0,['TOT' 'STB' 'TRI'],NBA,,66.0,,,4.5,14.4,0.315,4.5,6.2,0.736,6.9,3.7,3.6,13.6,1,25.0,15.0,5.0,,,0,0,0,,,,,,,,,,,,,,,,,,
0,Al Thornton,2007-08,24.0,['LAC' 'TOT' 'WAS' 'GSW'],NBA,PF,79.0,67.0,37.4,6.6,14.8,0.49,3.3,4.4,0.829,5.2,1.5,3.2,16.8,1,39.0,13.0,6.0,['FLORIDAST'],https://www.basketball-reference.com/req/202106291/images/headshots/thornal01.jpg,0,0,0,14,2007,0.5,1.6,0.357,6.3,13.7,0.497,0.49,1.7,3.5,0.8,0.9,1.8,5.0,4.0,32.0,
0,Anthony Tolliver,2008-09,23.0,['SAS' 'TOT' 'POR' 'GSW' 'MIN' 'ATL' 'CHA' 'PHO' 'DET' 'SAC' 'MEM' 'PHI'],NBA,PF,79.0,29.0,32.3,4.4,10.2,0.464,2.3,3.0,0.875,7.3,2.0,2.9,12.3,1,34.0,21.0,6.0,['CREIGHTON'],https://www.basketball-reference.com/req/202106291/images/headshots/tollian01.jpg,0,0,0,,,2.0,4.6,0.436,3.3,6.8,0.582,0.632,1.9,5.3,0.7,0.8,1.0,4.0,4.0,27.1,
0,Bernard Toone,1979-80,23.0,['PHI'],NBA,PF,23.0,,5.4,1.0,2.8,0.359,0.3,0.4,0.8,1.5,0.5,0.9,2.4,0,8.0,6.0,3.0,['MARQUETTE'],,0,0,0,15,1979,0.0,0.3,0.143,1.0,2.5,0.386,0.367,0.5,1.0,0.2,0.2,0.7,1.0,2.0,3.3,
0,Terry Thomas,1975-76,22.0,['DET'],NBA,PF,28.0,,4.9,1.0,2.3,0.431,0.8,1.0,0.724,1.3,0.1,0.8,2.8,0,18.0,8.0,1.0,['DETROIT'],,0,0,0,7,1975,,,,,,,,0.5,0.8,0.1,0.1,,1.0,1.0,,
0,Yuta Tabuse,2004-05,24.0,['PHO'],NBA,PG,4.0,0.0,4.3,0.3,1.5,0.167,1.0,1.0,1.0,1.0,0.8,0.3,1.8,0,7.0,2.0,2.0,['BYUH'],,0,0,0,,,0.3,0.3,1.0,0.0,1.3,0.0,0.25,0.5,0.5,0.0,0.0,0.3,,,4.6,
0,Malcolm Thomas,2011-12,23.0,['SAS' 'TOT' 'GSW' 'CHI' 'UTA' 'PHI'],NBA,PF,17.0,0.0,15.0,1.1,4.0,0.556,0.6,2.0,0.75,9.0,0.4,1.0,2.6,1,10.0,9.0,3.0,['PEPPERDINE' 'SANDIEGOST'],https://www.basketball-reference.com/req/202106291/images/headshots/thomama01.jpg,0,0,0,,,0.1,0.6,0.25,1.1,4.0,0.625,0.556,1.0,8.0,0.3,2.0,1.1,1.0,2.0,9.0,
0,Miloš Teodosić,2017-18,30.0,['LAC'],NBA,PG,45.0,36.0,25.2,3.4,8.0,0.425,0.9,1.0,0.848,2.8,4.6,2.3,9.5,0,18.0,7.0,10.0,,https://www.basketball-reference.com/req/202106291/images/headshots/teodomi01.jpg,0,0,0,,,2.0,5.2,0.379,1.4,2.8,0.538,0.55,0.4,2.4,0.5,0.1,2.2,3.0,1.0,14.6,
0,Jack Twyman,1955-56,21.0,['ROC' 'CIN'],NBA,SF,80.0,,40.3,11.6,27.5,0.488,8.0,10.2,0.829,9.1,3.5,4.0,31.2,0,59.0,26.0,10.0,['CINCY'],https://www.basketball-reference.com/req/202106291/images/headshots/twymaja01.jpg,6,0,0,2,1955,,,,,,,,,,,,,,,,1.0
0,Lance Thomas,2011-12,23.0,['NOH' 'NOP' 'TOT' 'OKC' 'NYK' 'BRK'],NBA,PF,73.0,37.0,26.0,3.4,7.9,0.5,1.7,2.0,1.0,3.4,1.2,1.9,8.3,1,24.0,13.0,6.0,['DUKE'],https://www.basketball-reference.com/req/202106291/images/headshots/thomala01.jpg,0,0,0,,,0.8,1.9,0.447,3.3,7.4,0.5,0.5,1.3,2.4,0.7,0.2,1.4,3.0,2.0,21.7,
0,Sedric Toney,1985-86,23.0,['TOT' 'ATL' 'PHO' 'NYK' 'IND' 'SAC' 'CLE'],NBA,PG,64.0,9.0,21.3,2.6,5.9,0.441,2.0,3.0,1.0,2.3,3.8,2.2,7.5,1,22.0,5.0,11.0,['DAYTON'],,0,0,0,12,1985,0.5,1.6,0.538,2.3,4.9,0.5,0.49,0.5,2.0,0.7,0.0,1.9,3.0,1.0,20.2,
0,Trent Tucker,1982-83,23.0,['NYK' 'SAS' 'CHI'],NBA,SG,81.0,59.0,24.2,4.6,9.9,0.5,1.1,1.4,0.818,2.8,2.6,3.0,11.4,0,34.0,9.0,11.0,['MINNESOTA'],https://www.basketball-reference.com/req/202106291/images/headshots/tucketr01.jpg,0,1,0,6,1982,1.5,3.7,0.467,4.0,8.4,0.555,0.573,1.0,1.8,1.7,0.2,1.1,7.0,3.0,30.5,
0,Jeff Trepagnier,2001-02,22.0,['CLE' 'DEN'],NBA,SG,12.0,0.0,12.1,2.1,5.0,0.425,0.9,0.9,1.0,2.0,1.0,0.7,5.6,0,15.0,5.0,2.0,['USC'],,0,0,0,7,2001,0.5,1.0,0.5,1.6,4.0,0.406,0.475,1.0,1.0,1.0,0.3,1.0,4.0,1.0,15.7,
0,George Trapp,1971-72,23.0,['ATL' 'DET'],NBA,PF,82.0,,24.1,4.7,10.7,0.517,1.9,2.5,0.773,5.9,1.6,3.6,11.3,0,34.0,19.0,5.0,['LONGBEACH'],,0,0,0,5,1971,,,,,,,,1.2,2.6,0.6,0.4,,3.0,3.0,,
0,Jermaine Taylor,2009-10,23.0,['HOU' 'TOT' 'SAC'],NBA,SG,34.0,8.0,15.6,3.0,6.3,0.5,1.1,1.5,0.833,2.0,1.2,1.3,7.1,1,21.0,10.0,5.0,['CFLORIDA'],https://www.basketball-reference.com/req/202106291/images/headshots/tayloje02.jpg,0,0,0,2,2009,0.5,1.5,0.4,2.5,4.8,0.532,0.531,1.0,1.1,0.5,0.3,1.5,4.0,2.0,17.9,
0,Willis Thomas,1967-68,,['TOT' 'DNR' 'ANA'],ABA,SG,62.0,,22.6,5.7,12.7,0.446,1.2,1.6,0.77,2.4,1.0,1.9,12.3,1,39.0,5.0,,,,0,0,0,,,0.0,0.1,0.0,5.7,12.6,0.449,0.446,,,,,2.1,,,,
0,Henry Turner,1989-90,23.0,['SAC'],NBA,PF,36.0,1.0,8.8,1.6,3.4,0.475,1.1,1.8,0.615,1.4,0.6,1.1,4.3,0,16.0,6.0,5.0,['CALSTFULL'],,0,0,0,,,0.1,0.2,0.4,1.6,3.3,0.487,0.475,0.6,0.8,0.5,0.2,0.7,4.0,3.0,14.9,
0,Irv Torgoff,1946-47,29.0,['WSC' 'TOT' 'BLB' 'PHW'],BAA,,58.0,,,3.2,11.8,0.292,2.5,3.1,0.875,,1.1,3.3,8.4,1,18.0,,2.0,,,0,0,0,,,,,,,,,,,,,,,,,,
0,Mirza Teletović,2012-13,27.0,['BRK' 'PHO' 'MIL'],NBA,PF,79.0,7.0,22.3,4.2,9.8,0.439,1.5,2.0,0.818,4.9,1.2,2.0,12.2,0,34.0,15.0,4.0,,https://www.basketball-reference.com/req/202106291/images/headshots/teletmi01.jpg,0,0,0,,,2.3,5.8,0.467,1.9,4.0,0.476,0.623,0.8,4.2,0.4,0.4,1.3,3.0,3.0,29.0,
0,Andre Turner,1986-87,22.0,['BOS' 'HOU' 'MIL' 'TOT' 'LAC' 'CHH' 'PHI' 'WSB'],NBA,PG,70.0,3.0,20.1,2.4,5.5,0.5,0.9,1.2,1.0,2.2,4.4,1.8,5.9,1,18.0,8.0,13.0,['MEMPHIS'],,0,0,0,22,1986,0.2,0.6,0.364,2.2,5.0,0.5,0.5,1.0,1.7,0.9,0.1,1.7,5.0,1.0,18.4,
0,Jeremy Tyler,2011-12,20.0,['GSW' 'TOT' 'ATL' 'NYK'],NBA,C,42.0,23.0,13.5,2.1,5.0,0.517,0.7,1.2,0.667,3.3,0.4,2.0,4.9,1,17.0,11.0,2.0,,https://www.basketball-reference.com/req/202106291/images/headshots/tylerje01.jpg,0,0,0,9,2011,0.0,0.0,0.0,2.1,5.0,0.517,0.517,1.3,3.0,0.4,0.5,0.9,3.0,3.0,14.0,
0,Dean Tolson,1974-75,23.0,['SEA'],NBA,PF,60.0,,9.8,2.3,4.0,0.566,1.4,2.7,0.647,2.6,2.0,2.0,6.0,0,19.0,12.0,3.0,['ARKANSAS'],,0,0,0,8,1974,,,,,,,,1.2,1.4,0.5,0.4,1.0,2.0,2.0,-1.1,
0,Garrett Temple,2009-10,23.0,['TOT' 'HOU' 'SAC' 'SAS' 'MIL' 'CHA' 'WAS' 'MEM' 'LAC' 'BRK' 'CHI' 'NOP'],NBA,SG,80.0,55.0,31.2,3.6,9.5,0.448,1.8,2.7,1.0,3.5,2.6,2.7,10.3,1,34.0,11.0,11.0,['LSU'],https://www.basketball-reference.com/req/202106291/images/headshots/templga01.jpg,0,0,0,,,2.0,6.2,0.435,1.9,3.8,0.588,0.525,0.6,3.0,1.3,0.5,1.7,5.0,3.0,29.0,
0,Stephen Thompson,1991-92,23.0,['TOT' 'ORL' 'SAC'],NBA,SG,19.0,0.0,15.0,1.0,3.0,0.382,0.2,0.4,0.375,1.0,1.0,2.0,2.0,1,5.0,4.0,2.0,['SYRACUSE'],,0,0,0,,,0.0,0.1,0.0,1.0,3.0,0.394,0.382,0.6,1.0,0.3,0.2,2.0,2.0,1.0,5.2,
0,Bill Tosheff,1951-52,25.0,['INO' 'MLH'],NBA,PG,71.0,,36.7,3.8,11.7,0.327,3.8,4.7,0.824,3.4,3.6,3.6,11.3,0,23.0,8.0,11.0,['INDIANA'],,0,0,0,3,1951,,,,,,,,,,,,,,,,
0,Ira Terrell,1976-77,22.0,['PHO' 'TOT' 'NOJ' 'POR'],NBA,SF,78.0,,22.4,3.6,7.0,0.556,1.4,2.3,0.711,5.0,1.3,2.4,8.5,1,22.0,13.0,6.0,['SMETHODIST'],,0,0,0,11,1976,,,,,,,,1.3,3.7,0.5,0.7,1.2,3.0,5.0,10.3,
0,Robert Traylor,1998-99,21.0,['MIL' 'CLE' 'CHH' 'NOH'],NBA,C,74.0,43.0,17.9,2.4,5.4,0.537,1.1,2.0,0.648,4.5,0.9,2.9,5.7,0,22.0,13.0,4.0,['MICHIGAN'],,0,0,0,6,1998,0.0,0.1,1.0,2.4,5.3,0.54,0.537,1.8,2.6,0.9,1.1,1.4,4.0,6.0,20.8,
0,Jeff Taylor,1982-83,23.0,['HOU' 'DET'],NBA,SG,44.0,5.0,17.6,1.5,3.6,0.6,0.8,1.0,0.9,1.8,2.5,1.9,3.6,0,12.0,6.0,7.0,['TXTECH'],,0,0,0,19,1982,0.0,0.0,0.0,1.5,3.6,0.6,0.6,0.6,1.2,0.9,0.3,1.4,5.0,2.0,10.5,
0,Myles Turner,2015-16,19.0,['IND'],NBA,C,81.0,81.0,31.4,6.5,11.8,0.548,3.5,4.5,0.809,7.5,1.6,3.5,18.0,0,40.0,17.0,6.0,['TEXAS'],https://www.basketball-reference.com/req/202106291/images/headshots/turnemy01.jpg,0,0,0,11,2015,1.5,4.4,0.388,5.0,9.3,0.662,0.612,1.7,6.1,0.9,3.4,1.7,6.0,8.0,35.3,
0,Bill Turner,1967-68,23.0,['SFW' 'TOT' 'CIN' 'GSW' 'POR' 'LAL'],NBA,SF,79.0,,25.0,3.0,6.8,0.529,2.2,3.3,0.761,4.8,0.8,2.9,7.8,1,28.0,16.0,3.0,,,0,0,0,1,1966,,,,,,,,,,,,,,,,
0,Gary Trent,1995-96,21.0,['POR' 'TOT' 'TOR' 'DAL' 'MIN'],NBA,PF,82.0,28.0,30.3,6.4,13.4,0.536,3.2,5.2,0.758,8.0,2.0,3.5,16.0,1,33.0,16.0,7.0,['OHIO'],,0,0,0,11,1995,0.1,0.2,0.444,6.4,13.3,0.544,0.536,3.3,5.0,0.7,0.6,2.3,4.0,3.0,26.1,
0,Fatty Taylor,1969-70,23.0,['WSA' 'VIR' 'DNA' 'DEN'],ABA,PG,84.0,,35.2,4.1,8.9,0.467,2.3,3.2,0.75,5.0,5.3,3.6,10.1,0,30.0,14.0,15.0,['LASALLE'],,0,0,0,12,1969,0.1,0.7,0.429,4.0,8.6,0.474,0.468,2.1,3.2,2.7,0.2,3.5,7.0,2.0,2.8,
0,Brian Taylor,1972-73,21.0,['NYA' 'KCK' 'DEN' 'SDC'],ABA,PG,80.0,40.0,35.3,7.0,13.8,0.525,3.1,3.8,0.889,3.3,5.6,3.5,17.0,0,40.0,12.0,13.0,['PRINCETON'],https://www.basketball-reference.com/req/202106291/images/headshots/taylobr01.jpg,2,2,0,10,1972,1.2,3.1,0.421,7.0,13.8,0.559,0.562,1.3,2.1,2.8,0.4,2.8,7.0,2.0,33.7,
0,Chuck Terry,1972-73,22.0,['MIL' 'TOT' 'SAA' 'NYA' 'NYN'],NBA,SF,79.0,,17.9,2.2,5.2,0.473,0.8,1.0,0.878,2.7,1.2,2.3,5.0,1,19.0,12.0,5.0,['LONGBEACH'],,0,1,0,16,1972,0.1,0.3,0.5,2.1,5.2,0.475,0.478,1.1,1.8,1.0,0.2,0.5,5.0,1.0,-0.1,
0,Jon Teske,2021-22,24.0,['MEM'],NBA,C,3.0,0.0,2.7,0.0,0.3,0.0,0.0,0.7,0.0,0.7,0.3,0.3,0.0,0,,1.0,1.0,['MICHIGAN'],https://www.basketball-reference.com/req/202106291/images/headshots/teskejo01.jpg,0,0,0,,,0.0,0.0,,0.0,0.3,0.0,0.0,0.0,0.7,0.3,0.0,0.0,1.0,,1.0,
0,Jayson Tatum,2017-18,19.0,['BOS'],NBA,SF,80.0,80.0,36.9,9.8,21.1,0.475,7.2,8.4,0.868,8.8,4.6,2.3,30.1,0,60.0,19.0,12.0,['DUKE'],https://www.basketball-reference.com/req/202106291/images/headshots/tatumja01.jpg,4,0,0,3,2017,3.2,9.3,0.434,6.6,13.0,0.558,0.543,1.1,7.7,1.4,0.9,2.9,5.0,6.0,47.9,2.0
0,Dragan Tarlać,2000-01,27.0,['CHI'],NBA,C,43.0,12.0,13.9,0.9,2.3,0.394,0.6,0.8,0.758,2.8,0.7,2.2,2.4,0,10.0,9.0,4.0,,,0,0,0,2,1995,0.0,0.0,,0.9,2.3,0.394,0.394,0.9,2.0,0.2,0.4,0.9,1.0,3.0,13.8,
0,Isaiah Todd,2021-22,20.0,['WAS'],NBA,PF,12.0,1.0,10.2,0.6,3.2,0.269,0.3,0.5,1.0,2.0,0.7,0.7,1.7,0,7.0,12.0,4.0,,https://www.basketball-reference.com/req/202106291/images/headshots/toddis01.jpg,0,0,0,1,2021,0.3,1.7,0.25,0.3,1.5,0.3,0.346,0.3,1.7,0.3,0.2,0.3,2.0,1.0,4.0,
0,John Tresvant,1964-65,25.0,['STL' 'TOT' 'DET' 'CIN' 'SEA' 'LAL' 'BAL'],NBA,PF,85.0,,33.0,5.4,11.1,0.534,3.7,5.1,0.844,10.3,2.4,4.3,13.6,1,34.0,24.0,7.0,['SEATTLE'],,0,0,0,6,1964,,,,,,,,,,,,,,,,
0,Dalen Terry,2022-23,20.0,['CHI'],NBA,SG,38.0,0.0,5.6,0.8,1.9,0.444,0.4,0.6,0.667,1.0,0.6,0.6,2.2,0,13.0,7.0,6.0,['ARIZONA'],https://www.basketball-reference.com/req/202106291/images/headshots/terryda01.jpg,0,0,0,18,2022,0.2,0.7,0.259,0.7,1.2,0.556,0.493,0.3,0.7,0.3,0.1,0.2,3.0,1.0,15.9,
0,Allonzo Trier,2018-19,23.0,['NYK'],NBA,SG,64.0,3.0,22.8,3.6,8.1,0.481,2.8,3.5,0.803,3.1,1.9,1.8,10.9,0,31.0,10.0,8.0,['ARIZONA'],https://www.basketball-reference.com/req/202106291/images/headshots/trieral01.jpg,0,0,0,,,0.8,2.2,0.394,2.8,6.0,0.604,0.571,0.5,2.6,0.4,0.2,1.8,3.0,3.0,25.5,
0,Gary Trent Jr.,2018-19,20.0,['POR' 'TOT' 'TOR'],NBA,SG,70.0,69.0,35.0,6.4,15.5,0.444,2.6,3.1,0.853,3.6,2.0,2.1,18.3,1,44.0,8.0,7.0,['DUKE'],https://www.basketball-reference.com/req/202106291/images/headshots/trentga02.jpg,0,0,0,7,2018,3.0,7.8,0.418,3.6,8.1,0.493,0.571,0.5,3.2,1.7,0.3,1.0,5.0,3.0,41.6,
0,Andy Toolson,1990-91,25.0,['UTA'],NBA,SF,47.0,15.0,10.0,1.1,2.6,0.403,0.5,0.7,0.758,1.4,0.7,1.2,2.9,0,13.0,5.0,4.0,['BYU'],,0,0,0,,,0.3,0.9,0.375,0.8,2.0,0.5,0.452,0.7,0.7,0.3,0.0,0.5,2.0,1.0,10.7,
0,Juan Toscano-Anderson,2019-20,26.0,['GSW' 'TOT' 'LAL' 'UTA'],NBA,SG,73.0,16.0,20.9,2.3,4.8,0.579,0.5,1.0,0.889,4.4,2.8,2.3,5.7,1,20.0,11.0,9.0,['MARQUETTE'],https://www.basketball-reference.com/req/202106291/images/headshots/toscaju01.jpg,0,1,0,,,0.7,1.8,0.402,1.6,3.1,0.718,0.667,0.7,3.9,1.0,0.5,1.2,4.0,5.0,22.2,
0,Dan Tieman,1962-63,22.0,['CIN'],NBA,PG,29.0,,6.1,0.5,2.0,0.263,0.1,0.3,0.4,0.8,0.9,0.6,1.2,0,10.0,4.0,2.0,,,0,0,0,,,,,,,,,,,,,,,,,,
0,Etan Thomas,2001-02,23.0,['WAS' 'OKC' 'ATL'],NBA,C,79.0,32.0,24.1,3.3,6.7,0.574,2.4,3.7,0.8,6.7,0.9,2.8,8.9,0,23.0,16.0,4.0,['SYRACUSE'],https://www.basketball-reference.com/req/202106291/images/headshots/thomaet01.jpg,0,0,0,12,2000,0.0,0.0,,3.3,6.7,0.574,0.574,2.3,4.4,0.5,1.6,1.4,3.0,6.0,20.4,
0,Mirsad Türkcan,1999-00,23.0,['TOT' 'NYK' 'MIL'],NBA,PF,17.0,0.0,6.5,1.2,2.8,0.429,0.5,0.8,0.625,2.3,0.4,1.0,2.9,1,6.0,6.0,2.0,,,0,0,0,18,1998,0.0,0.4,0.0,1.2,2.4,0.5,0.429,1.1,1.2,0.3,0.1,0.7,1.0,1.0,6.0,
0,Leonard Taylor,1989-90,23.0,['GSW'],NBA,PF,10.0,0.0,3.7,0.0,0.6,0.0,1.1,1.6,0.688,1.2,0.1,0.4,1.1,0,3.0,5.0,1.0,['CALIFORNIA'],,0,0,0,,,0.0,0.1,0.0,0.0,0.5,0.0,0.0,0.4,0.8,0.0,0.0,0.5,,,2.6,
0,LaSalle Thompson,1982-83,21.0,['KCK' 'SAC' 'TOT' 'IND' 'PHI' 'DEN'],NBA,C,82.0,77.0,31.9,5.7,12.5,0.538,3.5,4.4,0.875,10.4,2.1,4.1,15.0,1,31.0,22.0,8.0,['TEXAS'],,0,0,0,5,1982,0.0,0.1,0.4,5.7,12.4,0.538,0.538,3.3,7.1,1.2,1.8,2.7,5.0,7.0,30.7,
0,Andrew Toney,1980-81,23.0,['PHI'],NBA,SG,81.0,81.0,32.8,7.7,15.4,0.527,5.0,6.0,0.862,2.8,5.2,3.5,20.4,0,46.0,11.0,13.0,['ULALA'],,2,1,0,8,1980,0.6,1.5,0.424,7.5,14.5,0.534,0.535,0.7,2.3,1.0,0.3,3.8,6.0,2.0,37.0,1.0
0,Sindarius Thornwell,2017-18,23.0,['LAC' 'NOP' 'TOT' 'ORL'],NBA,SG,73.0,17.0,20.6,3.0,5.5,0.545,1.0,2.0,0.735,2.0,2.4,1.7,8.0,1,20.0,9.0,7.0,['SCAROLINA'],https://www.basketball-reference.com/req/202106291/images/headshots/thornsi01.jpg,0,0,0,18,2017,1.0,2.0,0.5,2.0,3.5,0.571,0.636,0.5,2.0,1.1,0.5,1.0,5.0,2.0,18.6,
0,Bernard Thompson,1984-85,22.0,['POR' 'PHO' 'HOU'],NBA,SF,61.0,20.0,21.0,3.2,6.5,0.489,2.1,2.6,0.846,2.3,2.2,2.5,8.5,0,23.0,9.0,8.0,['FRESNOST'],,0,0,0,19,1984,0.0,0.1,0.0,3.2,6.5,0.491,0.489,1.1,1.4,0.8,0.2,1.5,4.0,2.0,21.3,
0,Nikoloz Tskitishvili,2002-03,19.0,['DEN' 'TOT' 'GSW' 'MIN' 'PHO'],NBA,SF,81.0,16.0,16.3,1.4,4.9,0.364,0.7,1.0,0.793,2.2,1.1,1.7,3.9,1,17.0,10.0,6.0,,https://www.basketball-reference.com/req/202106291/images/headshots/tskitni01.jpg,0,0,0,5,2002,0.5,1.9,0.333,1.0,3.0,0.385,0.379,0.8,1.4,0.4,0.4,1.0,4.0,3.0,13.6,
0,Khyri Thomas,2018-19,22.0,['DET' 'HOU'],NBA,SG,26.0,2.0,30.6,6.4,13.2,0.485,1.8,1.8,1.0,3.6,5.0,1.6,16.4,0,27.0,5.0,11.0,['CREIGHTON'],https://www.basketball-reference.com/req/202106291/images/headshots/thomakh01.jpg,0,0,0,8,2018,1.8,5.4,0.357,4.6,7.8,0.59,0.553,1.4,2.2,1.8,1.2,1.2,5.0,3.0,23.9,
0,Terry Tyler,1978-79,22.0,['DET' 'SAC' 'DAL'],NBA,PF,82.0,56.0,32.6,5.8,11.5,0.532,1.8,3.0,0.765,7.9,1.9,3.1,13.4,0,32.0,18.0,8.0,['DETROIT'],https://www.basketball-reference.com/req/202106291/images/headshots/tylerte01.jpg,0,0,0,1,1978,0.0,0.2,0.333,5.8,11.5,0.537,0.532,2.8,5.3,1.4,2.7,2.1,6.0,9.0,32.9,
0,Tom Thacker,1963-64,24.0,['CIN' 'BOS' 'INA'],NBA,PG,70.0,,19.2,2.2,6.5,0.419,1.0,1.7,1.0,3.7,2.9,2.8,5.4,0,17.0,13.0,14.0,['CINCY'],,0,2,0,5,1963,0.1,0.6,0.256,2.2,6.4,0.429,0.419,1.7,2.0,,,1.6,,,,
0,Darren Tillis,1982-83,22.0,['TOT' 'BOS' 'CLE' 'GSW'],NBA,C,72.0,4.0,13.0,1.9,4.3,0.437,0.6,0.9,0.651,3.3,0.4,2.4,4.1,1,22.0,18.0,3.0,['CLEVST'],,0,0,0,23,1982,0.0,0.1,0.0,1.9,4.3,0.437,0.437,1.0,2.3,0.2,0.8,0.7,2.0,6.0,16.8,
0,Rudy Tomjanovich,1970-71,22.0,['SDR' 'HOU'],NBA,PF,81.0,,40.3,9.9,19.4,0.536,4.8,5.7,0.848,11.8,3.1,2.9,24.5,0,42.0,24.0,10.0,['MICHIGAN'],https://www.basketball-reference.com/req/202106291/images/headshots/tomjaru01.jpg,5,0,0,2,1970,0.4,1.3,0.278,9.9,19.4,0.536,0.536,2.9,6.3,1.1,0.8,1.9,4.0,4.0,25.3,
0,Elston Turner,1981-82,22.0,['DAL' 'DEN' 'CHI'],NBA,SF,81.0,62.0,25.0,3.5,8.0,0.466,1.2,1.7,0.824,3.8,2.4,2.7,8.3,0,19.0,14.0,8.0,['OLEMISS'],,0,0,0,20,1981,0.0,0.2,0.667,3.5,7.9,0.471,0.468,1.8,2.3,1.2,0.1,1.5,5.0,2.0,16.1,
0,Lou Tsioropoulos,1956-57,26.0,['BOS'],NBA,SF,70.0,,26.0,2.8,8.9,0.317,2.0,3.0,0.775,6.2,1.6,3.5,7.7,0,18.0,17.0,5.0,['KENTUCKY'],,0,2,0,,1953,,,,,,,,,,,,,,,,
0,Billy Thomas,2004-05,29.0,['NJN' 'WAS' 'TOT' 'CLE'],NBA,SF,25.0,0.0,14.2,1.4,3.8,0.362,0.5,0.5,1.0,1.4,0.7,1.2,3.7,1,14.0,4.0,3.0,['KANSAS'],,0,0,0,,,0.7,2.2,0.333,0.7,1.5,0.447,0.452,0.3,1.2,0.6,0.1,0.4,3.0,1.0,10.8,
0,Karl-Anthony Towns,2015-16,20.0,['MIN'],NBA,C,82.0,82.0,37.0,9.8,18.0,0.545,5.3,6.5,0.874,12.4,4.8,3.8,26.5,0,60.0,27.0,11.0,['KENTUCKY'],https://www.basketball-reference.com/req/202106291/images/headshots/townska01.jpg,3,0,0,1,2015,3.3,7.9,0.421,8.5,14.7,0.586,0.6,3.6,9.4,1.0,1.7,3.2,4.0,6.0,46.5,2.0
0,Justus Thigpen,1969-70,22.0,['PTP' 'DET' 'KCO'],ABA,SG,18.0,,19.3,1.7,6.3,0.404,0.3,1.0,0.333,2.7,1.3,4.7,3.7,0,16.0,3.0,2.0,['WEBERST'],,0,0,0,6,1969,0.0,0.0,,1.7,6.3,0.404,0.404,1.3,1.3,0.0,0.0,0.3,,,,
0,Óscar Torres,2001-02,25.0,['HOU' 'GSW'],NBA,SG,65.0,13.0,16.5,2.1,5.2,0.444,1.3,1.6,0.781,1.9,0.6,1.0,6.0,0,28.0,7.0,4.0,,,0,0,0,,,0.6,1.9,0.538,1.5,3.3,0.456,0.542,0.7,1.2,0.4,0.1,0.8,2.0,2.0,24.8,
0,Jamaal Tinsley,2001-02,23.0,['IND' 'MEM' 'UTA'],NBA,PG,80.0,78.0,33.2,5.5,13.1,0.418,3.1,4.1,0.815,4.0,8.4,3.1,15.4,0,37.0,13.0,23.0,['IOWAST'],https://www.basketball-reference.com/req/202106291/images/headshots/tinslja01.jpg,0,0,0,27,2001,1.5,4.0,0.372,4.0,9.7,0.6,0.518,1.0,3.4,2.0,0.5,3.4,8.0,5.0,29.8,2.0
0,Charles Thomas,1991-92,22.0,['DET'],NBA,SG,36.0,0.0,4.3,0.5,1.4,0.353,0.3,0.4,0.667,0.6,0.6,0.6,1.3,0,11.0,6.0,6.0,['EMICHIGAN'],,0,0,0,,,0.1,0.5,0.118,0.4,0.9,0.471,0.373,0.2,0.4,0.1,0.0,0.5,1.0,1.0,6.5,
0,James Thomas,2004-05,24.0,['TOT' 'POR' 'ATL' 'PHI' 'CHI'],NBA,PF,22.0,2.0,12.4,1.2,2.0,0.611,0.5,0.9,0.571,3.9,0.4,2.1,2.7,1,8.0,15.0,1.0,['TEXAS'],,0,0,0,,,0.0,0.0,,1.2,2.0,0.611,0.611,1.7,2.2,0.4,0.4,0.8,1.0,2.0,7.6,
0,Jim Tucker,1954-55,22.0,['SYR'],NBA,PF,70.0,,14.4,2.0,5.8,0.386,1.4,1.9,0.795,4.9,0.6,2.9,5.3,0,17.0,13.0,5.0,['DUQUESNE'],,0,1,0,6,1954,,,,,,,,,,,,,,,,
0,Brooks Thompson,1994-95,24.0,['ORL' 'TOT' 'UTA' 'DEN' 'PHO' 'NYK'],NBA,PG,67.0,6.0,16.1,2.5,6.2,0.466,0.6,0.8,0.704,1.5,2.8,1.9,6.8,1,26.0,7.0,13.0,['TEXASAM' 'OKSTATE'],,0,0,0,27,1994,1.5,3.8,0.398,1.0,2.5,0.6,0.587,0.3,1.2,0.8,0.1,1.3,4.0,1.0,17.0,
0,Jared Terrell,2018-19,23.0,['MIN'],NBA,SG,14.0,0.0,7.9,0.9,2.8,0.308,0.2,0.4,0.5,0.4,0.9,1.1,2.2,0,10.0,1.0,3.0,['RHODEISLE'],https://www.basketball-reference.com/req/202106291/images/headshots/terreja01.jpg,0,0,0,,,0.3,1.2,0.235,0.6,1.6,0.364,0.359,0.1,0.4,0.2,0.1,0.7,2.0,1.0,6.1,
0,Jamel Thomas,1999-00,26.0,['TOT' 'BOS' 'GSW' 'NJN'],NBA,SF,7.0,0.0,11.2,1.7,3.8,0.5,0.3,0.3,1.0,1.8,1.0,1.2,3.7,1,9.0,7.0,2.0,['PROVIDENCE'],,0,0,0,,,0.2,0.6,0.333,1.7,3.2,0.556,0.5,0.8,1.0,0.6,0.0,1.2,1.0,,4.5,
0,Mel Thurston,1947-48,29.0,['PRO'],BAA,,14.0,,,2.3,8.1,0.283,1.0,2.0,0.5,,0.3,3.0,5.6,0,21.0,,2.0,,,0,0,0,,,,,,,,,,,,,,,,,,
0,Anthony Tucker,1994-95,25.0,['WSB'],NBA,SF,62.0,13.0,15.8,1.5,3.4,0.457,0.8,1.3,0.614,2.7,1.1,2.1,3.9,0,18.0,11.0,7.0,['GEORGETOWN' 'WAKE'],,0,0,0,,,0.0,0.0,0.0,1.5,3.4,0.459,0.457,0.7,2.0,0.7,0.2,0.9,3.0,1.0,16.0,
0,Kenny Thomas,1999-00,22.0,['HOU' 'TOT' 'PHI' 'SAC'],NBA,PF,82.0,72.0,36.5,5.8,11.7,0.505,3.3,4.7,0.798,10.1,2.9,3.2,14.5,1,32.0,22.0,10.0,['NMEXICO'],https://www.basketball-reference.com/req/202106291/images/headshots/thomake01.jpg,0,0,0,22,1999,0.4,1.7,0.272,5.8,11.7,0.506,0.505,3.5,6.6,1.2,0.9,2.3,5.0,5.0,31.3,1.0
0,Dijon Thompson,2005-06,22.0,['PHO' 'ATL'],NBA,SG,10.0,0.0,8.3,1.1,2.5,0.44,0.8,1.0,1.0,1.3,0.3,0.6,2.8,0,10.0,7.0,2.0,['UCLA'],,0,0,0,24,2005,0.4,1.1,0.364,1.0,2.2,0.5,0.52,0.5,0.8,0.3,0.1,0.2,1.0,1.0,7.3,
0,Isiah Thomas,1981-82,20.0,['DET'],NBA,PG,82.0,82.0,38.2,9.0,19.0,0.488,4.9,6.5,0.818,4.5,13.9,4.0,22.9,0,47.0,12.0,25.0,['INDIANA'],https://www.basketball-reference.com/req/202106291/images/headshots/thomais01.jpg,12,2,1,2,1981,0.8,2.5,0.338,8.5,17.4,0.501,0.498,1.4,3.0,2.5,0.4,4.2,7.0,4.0,48.1,5.0
0,Brodric Thomas,2020-21,24.0,['TOT' 'HOU' 'CLE' 'BOS'],NBA,SG,32.0,1.0,13.4,1.3,3.6,0.444,1.3,1.8,0.714,1.8,1.0,1.3,4.1,1,14.0,10.0,3.0,,https://www.basketball-reference.com/req/202106291/images/headshots/thomabr01.jpg,0,0,0,,,0.5,1.9,0.283,0.8,1.7,1.0,0.5,0.3,1.5,0.5,0.3,1.0,3.0,2.0,12.2,
0,Jim Thomas,1983-84,23.0,['IND' 'LAC' 'MIN'],NBA,SG,80.0,52.0,25.7,4.3,9.1,0.478,2.3,2.9,0.782,3.3,2.9,2.4,11.1,0,26.0,9.0,8.0,['INDIANA'],,0,0,0,16,1983,0.1,0.5,0.19,4.2,8.6,0.496,0.483,0.9,2.3,1.0,0.2,1.6,5.0,1.0,24.6,
0,Dallas Thornton,1968-69,22.0,['MMF'],ABA,SF,45.0,,22.8,3.0,7.0,0.434,2.8,3.4,0.824,4.4,2.2,2.8,8.8,0,39.0,10.0,6.0,,,0,0,0,4,1968,0.0,0.4,0.222,3.0,6.6,0.455,0.438,1.0,3.4,,,3.6,,,,
0,Ron Thomas,1972-73,22.0,['KEN'],ABA,PF,83.0,,13.7,2.0,4.3,0.484,0.7,1.5,0.587,4.5,0.9,2.4,4.7,0,16.0,16.0,5.0,['LOUISVILLE'],,0,1,0,10,1972,0.0,0.1,0.5,2.0,4.2,0.484,0.486,1.8,2.7,0.7,0.2,1.0,3.0,1.0,4.3,
0,Žan Tabak,1985-86,15.0,['HOU' 'TOR' 'TOT' 'BOS' 'IND'],Did Not Play (other pro league—Croatia),Did Not Play (other pro league—Croatia),67.0,34.0,19.9,3.4,6.4,0.543,1.5,2.2,0.69,4.8,1.1,3.0,7.7,1,26.0,16.0,6.0,,,0,1,0,24,1991,0.0,0.0,0.0,3.4,6.4,0.545,0.543,1.7,3.0,0.5,0.8,1.6,3.0,4.0,18.0,
0,Tyshawn Taylor,2012-13,22.0,['BRK'],NBA,PG,38.0,3.0,11.7,1.3,4.0,0.368,1.0,1.3,0.8,0.7,1.6,1.3,3.9,0,16.0,3.0,12.0,['KANSAS'],https://www.basketball-reference.com/req/202106291/images/headshots/tayloty01.jpg,0,0,0,11,2012,0.2,0.5,0.462,1.2,3.4,0.354,0.402,0.1,0.5,0.5,0.0,1.3,3.0,1.0,12.4,
0,Ronny Turiaf,2005-06,23.0,['LAL' 'GSW' 'NYK' 'TOT' 'WAS' 'MIA' 'LAC' 'MIN'],NBA,C,79.0,26.0,21.5,2.4,5.1,1.0,1.8,2.4,0.79,5.6,2.1,3.1,6.6,1,23.0,15.0,8.0,['GONZAGA'],https://www.basketball-reference.com/req/202106291/images/headshots/turiaro01.jpg,0,1,0,7,2005,0.0,0.1,0.0,2.4,5.1,1.0,1.0,1.8,3.8,1.5,2.1,1.5,3.0,6.0,23.6,
0,Floyd Theard,1969-70,25.0,['DNR'],ABA,PG,25.0,,16.2,1.6,4.5,0.345,0.7,1.1,0.643,2.0,1.8,2.0,3.8,0,16.0,6.0,1.0,,,0,0,0,,,0.0,0.0,0.0,1.6,4.5,0.348,0.345,0.3,1.7,,,1.8,,,,
0,Jason Terry,1999-00,22.0,['ATL' 'DAL' 'BOS' 'BRK' 'HOU' 'MIL'],NBA,PG,82.0,81.0,38.0,7.3,16.7,0.501,3.7,4.4,0.889,4.1,7.4,2.5,19.7,0,46.0,10.0,16.0,['ARIZONA'],https://www.basketball-reference.com/req/202106291/images/headshots/terryja01.jpg,0,1,0,10,1999,2.3,6.2,0.438,5.8,12.8,0.54,0.582,0.6,3.5,1.8,0.3,3.1,6.0,3.0,35.1,1.0
0,Marquis Teague,2012-13,19.0,['CHI' 'TOT' 'BRK' 'MEM'],NBA,PG,48.0,3.0,24.7,1.3,5.3,0.415,0.7,1.7,0.789,2.0,4.3,1.7,3.7,1,11.0,5.0,6.0,['KENTUCKY'],https://www.basketball-reference.com/req/202106291/images/headshots/teaguma01.jpg,0,0,0,29,2012,0.3,1.3,0.375,1.0,4.0,0.433,0.443,0.3,1.7,1.3,0.2,1.0,3.0,3.0,9.6,
0,Sedale Threatt,1983-84,22.0,['PHI' 'TOT' 'CHI' 'SEA' 'LAL' 'HOU'],NBA,PG,82.0,82.0,37.4,6.4,12.7,0.519,2.5,3.0,0.89,3.3,7.2,3.0,15.1,1,42.0,11.0,15.0,['WVTECH'],,0,0,0,23,1983,0.7,2.1,0.438,6.2,11.9,0.535,0.538,0.7,2.8,2.0,0.2,2.2,7.0,3.0,35.8,
0,Matt Thomas,2019-20,25.0,['TOR' 'TOT' 'UTA' 'CHI'],NBA,SG,45.0,1.0,11.5,1.8,3.7,0.487,0.4,0.5,0.857,1.5,0.5,0.9,4.9,1,22.0,6.0,4.0,['IOWAST'],https://www.basketball-reference.com/req/202106291/images/headshots/thomama02.jpg,0,0,0,,,1.1,2.4,0.475,0.8,1.4,0.615,0.643,0.2,1.3,0.2,0.1,0.4,3.0,1.0,15.8,
0,Hedo Türkoğlu,2000-01,21.0,['SAC' 'SAS' 'ORL' 'TOR' 'TOT' 'PHO' 'LAC'],NBA,SF,82.0,82.0,36.9,6.8,14.9,0.456,4.1,5.1,0.861,5.7,5.1,3.1,19.5,1,39.0,19.0,17.0,,https://www.basketball-reference.com/req/202106291/images/headshots/turkohe01.jpg,0,0,0,16,2000,2.0,5.1,0.44,4.8,9.8,0.485,0.601,1.0,4.7,1.0,0.6,3.0,5.0,3.0,32.6,3.0
0,Maurice Taylor,1997-98,21.0,['LAC' 'HOU' 'TOT' 'NYK' 'SAC'],NBA,PF,75.0,69.0,35.9,7.4,15.9,0.494,3.3,4.5,0.736,6.5,1.6,3.9,17.1,1,34.0,20.0,5.0,['MICHIGAN'],,0,0,0,14,1997,0.1,0.2,0.375,7.4,15.8,0.497,0.494,2.2,4.9,0.8,0.8,2.7,4.0,4.0,29.3,
0,Herschell Turner,1967-68,29.0,['TOT' 'PTP' 'ANA'],ABA,PG,41.0,,13.6,1.4,4.3,0.326,0.6,1.3,0.5,2.1,1.3,1.9,3.6,1,12.0,3.0,,['NEBRASKA'],,0,0,0,5,1960,0.2,0.8,1.0,1.3,3.5,0.354,0.344,,,,,1.2,,,,
0,Jake Tsakalidis,2000-01,21.0,['PHO' 'MEM' 'TOT' 'HOU'],NBA,C,67.0,47.0,23.6,2.8,6.0,0.606,1.7,2.4,0.8,5.6,0.5,2.9,7.3,1,23.0,16.0,3.0,,,0,0,0,25,2000,0.0,0.0,0.0,2.8,6.0,0.606,0.606,1.9,3.6,0.3,1.0,1.2,3.0,5.0,21.2,
0,Jack Thompson,1968-69,22.0,['INA'],ABA,,2.0,,2.0,0.5,1.5,0.333,0.0,0.0,,0.5,1.0,0.0,1.0,0,2.0,1.0,1.0,['SCAROLINA'],,0,0,0,11,1968,0.0,0.5,0.0,0.5,1.0,0.5,0.333,0.5,0.0,,,1.0,,,,
0,Reggie Theus,1978-79,21.0,['CHI' 'TOT' 'KCK' 'SAC' 'ATL' 'ORL' 'NJN'],NBA,PG,82.0,82.0,36.9,9.1,19.1,0.495,6.1,7.3,0.867,4.0,9.6,3.4,23.8,1,46.0,17.0,18.0,['UNLV'],https://www.basketball-reference.com/req/202106291/images/headshots/theusre01.jpg,2,0,0,9,1978,0.6,1.8,0.361,8.9,18.0,0.521,0.503,1.7,2.8,1.7,0.4,4.2,6.0,4.0,35.4,2.0
0,Marcus Thornton,2009-10,22.0,['NOH' 'TOT' 'SAC' 'BRK' 'BOS' 'PHO' 'HOU' 'WAS'],NBA,SG,73.0,51.0,38.1,7.9,17.5,0.451,3.5,4.4,0.881,4.7,3.4,2.2,21.3,1,42.0,11.0,9.0,['LSU'],https://www.basketball-reference.com/req/202106291/images/headshots/thornma01.jpg,0,0,0,13,2009,2.1,6.1,0.419,5.9,12.1,0.524,0.52,1.6,3.4,1.7,0.2,2.1,6.0,2.0,37.2,
0,Jeff Teague,2009-10,21.0,['ATL' 'IND' 'MIN' 'TOT' 'BOS' 'MIL'],NBA,PG,82.0,82.0,33.1,5.8,13.2,0.476,4.4,5.1,0.887,4.0,8.2,2.4,16.5,1,34.0,9.0,18.0,['WAKE'],https://www.basketball-reference.com/req/202106291/images/headshots/teaguje01.jpg,1,1,0,19,2009,1.4,3.5,0.464,4.8,10.3,0.514,0.521,0.5,3.6,1.7,0.6,2.9,6.0,3.0,32.4,
0,Kevin Thompson,1993-94,22.0,['POR'],NBA,C,14.0,0.0,4.1,0.4,1.0,0.429,0.1,0.1,0.5,0.9,0.2,0.8,0.9,0,4.0,7.0,1.0,['NCSTATE'],,0,0,0,21,1993,0.0,0.1,0.0,0.4,0.9,0.462,0.429,0.5,0.4,0.0,0.1,0.4,,2.0,4.3,
0,Bill Thieben,1956-57,21.0,['FTW' 'DET'],NBA,PF,58.0,,10.9,1.6,5.3,0.352,1.0,1.5,0.655,3.6,0.3,1.6,4.1,0,17.0,6.0,2.0,,,0,0,0,7,1956,,,,,,,,,,,,,,,,
0,Nate Thurmond,1963-64,22.0,['SFW' 'GSW' 'CHI' 'TOT' 'CLE'],NBA,PF,82.0,,45.2,8.1,19.6,0.446,6.1,8.7,0.754,22.0,4.2,3.4,21.9,1,43.0,42.0,13.0,['BOWLGREEN'],https://www.basketball-reference.com/req/202106291/images/headshots/thurmna01.jpg,7,0,0,3,1963,,,,,,,,4.0,10.1,0.7,2.9,,3.0,12.0,,4.0
0,Earl Tatum,1976-77,23.0,['LAL' 'TOT' 'IND' 'BOS' 'DET' 'CLE'],NBA,SG,82.0,,32.6,6.3,13.6,0.487,1.9,2.4,0.8,3.6,4.0,3.4,14.4,1,25.0,11.0,9.0,['MARQUETTE'],,0,0,0,4,1976,0.1,0.2,0.333,6.3,13.6,0.487,0.487,1.2,2.7,1.8,0.5,2.3,9.0,4.0,23.6,
0,Isaiah Taylor,2016-17,22.0,['HOU' 'ATL'],NBA,PG,67.0,9.0,17.4,2.4,5.8,0.418,1.5,2.1,0.702,1.4,3.1,1.7,6.6,0,26.0,5.0,9.0,['TEXAS'],https://www.basketball-reference.com/req/202106291/images/headshots/taylois01.jpg,0,0,0,,,0.3,1.2,0.25,2.1,4.6,0.461,0.444,0.3,1.1,0.5,0.3,1.3,2.0,1.0,17.5,
0,Gene Tormohlen,1962-63,25.0,['STL' 'ATL'],NBA,C,77.0,,16.4,2.7,6.4,0.5,0.8,1.4,0.659,5.5,1.2,2.8,6.3,0,27.0,16.0,6.0,['TENNESSEE'],,0,0,0,5,1959,,,,,,,,,,,,,,,,
0,Tristan Thompson,2011-12,20.0,['CLE' 'BOS' 'TOT' 'SAC' 'IND' 'CHI'],NBA,PF,82.0,82.0,31.6,5.1,9.9,0.6,2.9,4.1,0.693,10.2,2.1,2.9,12.0,1,35.0,22.0,6.0,['TEXAS'],https://www.basketball-reference.com/req/202106291/images/headshots/thomptr01.jpg,0,1,0,4,2011,0.2,0.4,1.0,4.9,9.7,0.604,0.6,4.0,6.2,0.7,1.1,1.8,4.0,5.0,35.2,
0,Rayjon Tucker,2019-20,22.0,['UTA' 'PHI' 'TOT' 'DEN' 'MIL'],NBA,SG,20.0,0.0,21.0,2.5,3.5,0.714,1.0,1.5,0.826,2.0,3.0,1.0,7.5,1,18.0,4.0,4.0,['ARKANSASLR'],https://www.basketball-reference.com/req/202106291/images/headshots/tuckera01.jpg,0,0,0,,,1.5,1.5,1.0,1.0,2.0,0.654,0.929,1.0,1.0,1.5,0.1,0.5,2.0,1.0,16.7,
0,Kurt Thomas,1995-96,23.0,['MIA' 'DAL' 'NYK' 'PHO' 'TOT' 'SEA' 'SAS' 'MIL' 'CHI' 'POR'],NBA,PF,82.0,82.0,35.7,6.1,12.7,0.542,2.6,3.2,1.0,10.4,2.0,4.2,14.0,1,33.0,21.0,7.0,['TXCHRIST'],https://www.basketball-reference.com/req/202106291/images/headshots/thomaku01.jpg,0,0,0,10,1995,0.0,0.1,1.0,6.1,12.7,0.537,0.548,2.6,8.3,1.0,1.2,2.0,5.0,6.0,30.6,
0,Killian Tillie,2020-21,22.0,['MEM'],NBA,C,36.0,3.0,12.8,1.2,3.5,0.339,0.5,0.6,0.818,1.7,0.6,1.6,3.3,0,16.0,6.0,3.0,['GONZAGA'],https://www.basketball-reference.com/req/202106291/images/headshots/tilliki02.jpg,0,0,0,,,0.8,2.4,0.314,0.5,1.3,0.39,0.445,0.6,1.1,0.6,0.4,0.4,3.0,3.0,11.9,
0,Carl Thomas,1991-92,22.0,['SAC' 'CLE' 'TOT' 'GSW' 'ORL'],NBA,SG,43.0,0.0,31.0,5.0,12.0,0.8,1.0,2.0,1.0,1.3,1.0,3.0,12.0,1,14.0,6.0,4.0,['EMICHIGAN'],,0,0,0,,,1.0,2.1,0.5,4.0,10.0,0.8,0.8,0.4,1.1,1.0,0.3,1.0,3.0,1.0,12.8,
0,B.J. Tyler,1994-95,23.0,['PHI'],NBA,PG,55.0,8.0,14.7,1.3,3.4,0.381,0.6,0.9,0.7,1.1,3.2,1.1,3.5,0,16.0,5.0,10.0,['DEPAUL' 'TEXAS'],,0,0,0,20,1994,0.3,0.9,0.314,1.0,2.5,0.406,0.423,0.2,0.9,0.7,0.0,1.8,4.0,1.0,15.1,
0,Skip Thoren,1965-66,22.0,['MNM' 'MMF'],Did Not Play (other pro league—Italy),Did Not Play (other pro league—Italy),78.0,,35.2,6.8,14.1,0.484,3.2,5.3,0.622,13.6,2.6,4.2,16.7,0,33.0,26.0,9.0,['ILLINOIS'],,1,0,0,4,1965,0.0,0.1,0.0,6.8,14.1,0.485,0.484,5.0,9.8,,,3.1,,,,
0,Mike Tobey,2016-17,22.0,['CHO'],NBA,C,2.0,0.0,12.5,0.5,2.0,0.25,0.0,0.0,,1.5,0.5,1.0,1.0,0,2.0,3.0,1.0,['VIRGINIA'],https://www.basketball-reference.com/req/202106291/images/headshots/tobeymi01.jpg,0,0,0,,,0.0,0.0,,0.5,2.0,0.25,0.25,1.0,0.5,0.0,0.0,0.5,,,1.2,
0,Sid Tanenbaum,1947-48,22.0,['NYK' 'TOT' 'BLB'],BAA,,46.0,,,3.8,15.0,0.309,2.6,3.1,0.844,,3.9,1.7,10.1,1,23.0,,9.0,,,0,0,0,,,,,,,,,,,,,,,,,,
0,Al Tucker,1967-68,24.0,['SEA' 'TOT' 'CIN' 'CHI' 'BAL' 'FLO'],NBA,PF,84.0,,29.2,5.4,12.2,0.513,2.4,3.2,0.822,7.5,1.4,3.2,13.1,1,35.0,15.0,8.0,,,0,0,0,6,1967,0.4,1.0,0.429,5.4,12.2,0.513,0.513,1.4,3.7,,,1.8,,,,
0,Charlie Tyra,1957-58,22.0,['NYK' 'CHP'],NBA,C,78.0,,27.5,5.5,12.9,0.426,2.2,3.3,0.704,8.1,1.4,3.5,12.8,0,28.0,19.0,5.0,['LOUISVILLE'],,0,0,0,2,1957,,,,,,,,,,,,,,,,
0,Sebastian Telfair,2004-05,19.0,['POR' 'BOS' 'MIN' 'TOT' 'LAC' 'CLE' 'PHO' 'TOR' 'OKC'],NBA,PG,78.0,51.0,32.2,4.0,9.3,0.457,1.9,2.6,0.833,2.3,5.9,2.9,9.8,1,30.0,7.0,13.0,,https://www.basketball-reference.com/req/202106291/images/headshots/telfase01.jpg,0,0,0,13,2004,1.1,3.8,0.381,3.5,7.4,0.538,0.486,0.5,2.0,1.0,0.2,1.9,6.0,4.0,25.7,
0,Rod Thorn,1963-64,22.0,['BAL' 'DET' 'TOT' 'STL' 'SEA'],NBA,SG,75.0,,34.6,5.7,13.5,0.472,3.8,5.2,0.737,4.8,3.7,2.5,15.2,1,32.0,12.0,13.0,['WVIRGINIA'],,0,0,0,2,1963,,,,,,,,,,,,,,,,
0,Ansley Truitt,1972-73,22.0,['DLC'],ABA,PF,16.0,,5.4,1.1,2.6,0.429,0.2,0.6,0.333,2.4,0.1,0.6,2.4,0,8.0,5.0,1.0,['CALIFORNIA'],,0,0,0,11,1972,0.0,0.0,,1.1,2.6,0.429,0.429,0.6,1.8,,,0.4,,,,
0,David Thirdkill,1982-83,22.0,['PHO' 'DET' 'TOT' 'MIL' 'SAS' 'BOS'],NBA,SF,49.0,3.0,26.0,2.5,5.5,0.75,2.5,3.0,0.833,3.5,1.5,2.5,7.5,1,20.0,8.0,5.0,['BRADLEY'],,0,1,0,15,1982,0.0,0.1,0.143,2.5,5.5,0.75,0.75,2.5,1.0,1.0,0.5,1.2,3.0,1.0,19.0,
0,Andy Tonkovich,1948-49,26.0,['PRO'],BAA,,17.0,,,1.1,4.2,0.268,0.4,0.5,0.667,,0.6,0.7,2.6,0,11.0,,2.0,,,0,0,0,1,1948,,,,,,,,,,,,,,,,
0,Jeff Turner,1984-85,22.0,['NJN' 'ORL'],NBA,PF,76.0,51.0,23.7,3.6,7.5,0.529,1.2,1.6,1.0,5.1,1.5,3.5,8.6,0,28.0,13.0,6.0,['VANDY'],,0,0,0,17,1984,0.7,2.1,0.588,3.6,7.3,0.526,0.54,1.5,3.6,0.4,0.2,1.8,3.0,4.0,21.6,
0,Hasheem Thabeet,2009-10,22.0,['MEM' 'TOT' 'HOU' 'POR' 'OKC'],NBA,C,68.0,13.0,13.0,1.1,1.9,1.0,0.9,1.4,0.65,3.6,0.2,2.4,3.1,1,13.0,11.0,2.0,['UCONN'],https://www.basketball-reference.com/req/202106291/images/headshots/thabeha01.jpg,0,0,0,2,2009,0.0,0.0,,1.1,1.9,1.0,1.0,1.3,2.3,0.5,1.3,0.6,2.0,5.0,13.1,
0,Trey Thompkins,2011-12,21.0,['LAC'],NBA,C,24.0,0.0,5.0,1.0,2.5,0.393,0.2,0.3,0.714,1.0,0.1,0.4,2.4,0,8.0,7.0,2.0,['GEORGIA'],https://www.basketball-reference.com/req/202106291/images/headshots/thomptr02.jpg,0,0,0,7,2011,0.2,0.5,0.308,0.8,2.0,0.417,0.426,0.2,0.8,0.1,0.1,0.3,1.0,1.0,5.9,
0,Emanuel Terry,2018-19,22.0,['TOT' 'PHO' 'MIA'],NBA,PF,3.0,0.0,10.0,2.0,3.0,0.667,1.0,2.0,0.5,5.0,1.0,2.0,4.5,1,5.0,6.0,2.0,,https://www.basketball-reference.com/req/202106291/images/headshots/terryem01.jpg,0,0,0,,,0.0,0.0,,2.0,3.0,0.667,0.667,2.7,2.3,1.5,0.0,1.7,2.0,,6.6,
0,Jay Taylor,1989-90,22.0,['NJN'],NBA,SG,17.0,0.0,6.7,1.2,3.1,0.404,0.4,0.5,0.667,0.6,0.3,0.5,3.0,0,8.0,2.0,1.0,['EILLINOIS'],,0,0,0,,,0.2,0.8,0.231,1.1,2.3,0.462,0.433,0.3,0.4,0.3,0.2,0.6,2.0,1.0,5.9,
0,Mike Taylor,2008-09,23.0,['LAC'],NBA,PG,51.0,5.0,15.1,2.2,5.2,0.412,1.1,1.6,0.691,1.7,2.1,1.6,5.7,0,35.0,8.0,6.0,['IOWAST'],,0,0,0,25,2008,0.3,0.8,0.325,1.9,4.5,0.427,0.436,0.4,1.3,0.7,0.0,1.4,4.0,,30.3,
0,Xavier Tillman Sr.,2020-21,22.0,['MEM'],NBA,PF,61.0,29.0,19.3,3.1,5.1,0.614,0.9,1.5,0.648,5.0,1.6,2.0,7.0,0,20.0,14.0,7.0,['MICHIGANST'],https://www.basketball-reference.com/req/202106291/images/headshots/tillmxa01.jpg,0,0,0,5,2020,0.4,1.1,0.338,3.0,4.8,0.632,0.621,2.0,3.1,1.0,0.6,0.8,4.0,2.0,20.4,
0,Jae'Sean Tate,2020-21,25.0,['HOU'],NBA,SF,78.0,77.0,29.2,4.7,9.3,0.506,1.7,2.4,0.725,5.4,2.8,3.7,11.8,0,32.0,14.0,10.0,['OHIOST'],https://www.basketball-reference.com/req/202106291/images/headshots/tateja01.jpg,0,0,0,,,0.9,2.8,0.312,3.8,6.8,0.595,0.554,1.9,3.7,1.2,0.5,1.8,4.0,5.0,36.3,
0,Tyrus Thomas,2006-07,20.0,['CHI' 'TOT' 'CHA' 'MEM'],NBA,PF,79.0,61.0,27.5,3.9,8.6,1.0,3.0,3.8,1.0,6.4,1.2,2.8,10.8,1,27.0,16.0,5.0,['LSU'],https://www.basketball-reference.com/req/202106291/images/headshots/thomaty01.jpg,0,0,0,4,2006,0.1,0.3,0.375,3.9,8.5,1.0,1.0,1.9,4.9,1.4,1.9,1.8,6.0,9.0,29.7,
0,Johnny Taylor,1997-98,23.0,['ORL' 'DEN' 'TOT'],NBA,SF,36.0,9.0,20.1,2.3,5.5,0.417,0.9,1.3,0.739,2.8,0.7,2.7,5.8,1,21.0,12.0,3.0,['INDIANHICC' 'UTCHAT'],,0,0,0,17,1997,0.7,1.9,1.0,1.6,3.6,0.431,0.48,0.8,2.0,0.8,0.5,0.9,3.0,3.0,17.2,
0,Melvin Turpin,1984-85,24.0,['CLE' 'UTA' 'WSB'],NBA,C,80.0,69.0,28.7,5.7,10.5,0.544,2.3,2.9,0.811,7.0,0.7,3.3,13.7,0,32.0,17.0,4.0,['KENTUCKY'],,0,0,0,6,1984,0.0,0.1,0.333,5.7,10.4,0.547,0.544,2.3,4.7,0.8,1.3,1.7,4.0,6.0,31.2,
0,Dave Twardzik,1972-73,22.0,['VIR' 'POR'],ABA,PG,80.0,,35.3,4.7,8.6,0.612,4.2,5.1,0.873,3.3,5.3,3.1,13.6,0,28.0,8.0,13.0,['OLDDOM'],,1,1,0,13,1972,0.1,0.4,0.571,4.7,8.6,0.612,0.612,1.2,2.3,1.7,0.2,3.5,5.0,3.0,26.0,
0,P.J. Tucker,2006-07,21.0,['TOR' 'PHO' 'TOT' 'HOU' 'MIL' 'MIA' 'PHI'],NBA,SF,82.0,82.0,34.3,3.3,7.6,0.5,1.9,2.5,0.826,6.6,2.2,3.2,9.4,1,24.0,19.0,8.0,['TEXAS'],https://www.basketball-reference.com/req/202106291/images/headshots/tuckepj01.jpg,0,1,0,5,2006,1.8,4.7,0.415,2.4,5.2,0.551,0.577,2.0,5.1,1.6,0.6,1.4,7.0,4.0,24.1,
0,Monte Towe,1975-76,22.0,['DNA' 'DEN'],ABA,PG,64.0,,9.0,1.1,2.8,0.406,0.6,0.7,0.818,0.9,2.1,1.3,3.0,0,17.0,5.0,9.0,['NCSTATE'],,1,0,0,3,1975,0.1,0.7,0.214,1.1,2.7,0.46,0.427,0.2,0.8,0.6,0.1,1.3,3.0,,,
0,Hollis Thompson,2013-14,22.0,['PHI' 'TOT' 'NOP'],NBA,SF,77.0,41.0,28.0,3.5,8.8,0.46,0.9,1.3,0.719,3.5,1.3,2.4,9.8,1,23.0,10.0,6.0,['GEORGETOWN'],https://www.basketball-reference.com/req/202106291/images/headshots/thompho01.jpg,0,0,0,,,1.9,5.1,0.401,1.6,3.7,0.507,0.55,0.9,2.8,0.8,0.4,1.0,4.0,3.0,21.3,
0,Vince Taylor,1982-83,22.0,['NYK'],NBA,SG,31.0,0.0,10.4,1.2,3.3,0.363,0.7,1.0,0.656,1.2,1.3,1.7,3.1,0,12.0,7.0,5.0,['DUKE'],,0,0,0,11,1982,0.0,0.0,,1.2,3.3,0.363,0.363,0.6,0.5,0.6,0.1,1.0,2.0,1.0,11.0,
0,Daniel Theis,2017-18,25.0,['BOS' 'TOT' 'CHI' 'HOU' 'IND'],NBA,C,66.0,64.0,25.0,4.0,7.7,0.598,1.3,1.9,0.763,6.6,1.8,3.4,10.0,1,25.0,16.0,6.0,,https://www.basketball-reference.com/req/202106291/images/headshots/theisda01.jpg,0,0,0,,,0.9,3.0,0.388,3.3,5.3,0.679,0.643,2.2,4.4,0.7,1.3,1.2,3.0,5.0,26.4,
0,Raymond Townsend,1978-79,23.0,['GSW' 'IND'],NBA,SG,75.0,0.0,15.5,2.3,5.6,0.439,0.8,1.4,0.735,1.2,1.5,1.5,5.4,0,24.0,4.0,7.0,['UCLA'],,0,0,0,22,1978,0.1,0.6,0.222,2.2,5.3,0.439,0.439,0.4,0.8,0.8,0.1,0.9,6.0,2.0,18.9,
0,Paul Thompson,1983-84,22.0,['CLE' 'TOT' 'MIL' 'PHI'],NBA,SF,82.0,27.0,21.7,4.5,10.7,0.467,1.6,2.1,0.86,3.8,1.8,2.6,10.5,1,26.0,13.0,6.0,['TULANE'],,0,0,0,3,1983,0.2,0.7,0.261,4.3,10.0,0.482,0.474,1.5,2.4,1.2,0.7,1.3,5.0,5.0,21.6,
0,John Thompson,1964-65,23.0,['BOS'],NBA,PF,64.0,,10.9,1.4,3.3,0.467,1.0,1.6,0.667,3.6,0.3,2.2,3.6,0,15.0,13.0,3.0,['PROVIDENCE'],,0,2,0,9,1964,,,,,,,,,,,,,,,,
0,Kelly Tripucka,1981-82,22.0,['DET' 'UTA' 'CHH'],NBA,SF,82.0,82.0,38.8,9.7,19.9,0.498,6.8,8.0,0.91,5.4,4.1,2.9,26.5,0,56.0,14.0,11.0,['NOTREDAME'],https://www.basketball-reference.com/req/202106291/images/headshots/tripuke01.jpg,2,0,0,12,1981,0.6,1.5,0.48,9.5,19.3,0.501,0.51,2.7,3.0,1.2,0.3,3.4,6.0,2.0,39.3,
0,Cam Thomas,2021-22,20.0,['BRK'],NBA,SG,67.0,4.0,17.6,3.5,8.0,0.441,2.6,3.1,0.868,2.4,1.4,1.0,10.6,0,47.0,8.0,6.0,['LSU'],https://www.basketball-reference.com/req/202106291/images/headshots/thomaca02.jpg,0,0,0,27,2021,0.9,2.6,0.383,2.6,5.7,0.52,0.497,0.2,2.2,0.5,0.1,1.1,3.0,2.0,34.9,
0,Axel Toupane,2015-16,23.0,['DEN' 'TOT' 'MIL' 'NOP'],NBA,SF,21.0,1.0,20.5,2.5,4.0,0.625,0.6,0.9,0.765,1.5,0.7,2.5,5.5,1,14.0,3.0,2.0,,https://www.basketball-reference.com/req/202106291/images/headshots/toupaax01.jpg,0,1,0,,,0.6,1.9,0.5,2.0,2.5,0.8,0.688,0.4,1.1,0.5,0.5,0.3,3.0,2.0,10.1,
0,Corny Thompson,1982-83,22.0,['DAL'],NBA,PF,44.0,2.0,11.8,1.0,3.1,0.314,0.8,1.0,0.783,2.7,0.8,2.1,2.8,0,9.0,9.0,4.0,['UCONN'],,0,0,0,4,1982,0.0,0.0,,1.0,3.1,0.314,0.314,0.9,1.8,0.3,0.2,0.7,2.0,1.0,6.7,
0,Peter Thibeaux,1984-85,23.0,['GSW'],NBA,SF,51.0,8.0,12.6,2.4,5.5,0.482,0.8,1.3,0.642,1.8,0.7,2.0,5.5,0,22.0,7.0,3.0,['STMARYSCA'],,0,0,0,7,1983,0.0,0.1,0.4,2.3,5.4,0.487,0.482,0.7,1.1,0.5,0.4,0.9,3.0,3.0,17.3,
0,Jason Thompson,2008-09,22.0,['SAC' 'TOT' 'GSW' 'TOR'],NBA,PF,82.0,81.0,31.4,4.9,10.5,0.535,2.6,3.7,0.818,8.5,1.7,3.8,12.5,1,27.0,22.0,7.0,['RIDER'],https://www.basketball-reference.com/req/202106291/images/headshots/thompja02.jpg,0,0,0,12,2008,0.3,0.8,0.333,4.9,10.3,0.537,0.535,3.0,5.5,0.7,1.0,1.9,5.0,4.0,25.8,
0,Terry Taylor,2021-22,22.0,['IND' 'TOT' 'CHI'],NBA,PF,33.0,7.0,21.6,4.1,6.7,0.9,1.1,1.5,0.714,5.2,1.2,1.8,9.6,1,24.0,16.0,5.0,['AUSTINPEAY'],https://www.basketball-reference.com/req/202106291/images/headshots/taylote01.jpg,0,0,0,,,0.4,1.2,1.0,3.7,5.5,0.889,0.95,2.9,2.3,0.4,0.2,0.7,2.0,2.0,24.0,
0,Hal Tidrick,1948-49,33.0,['TOT' 'INJ' 'BLB'],BAA,,61.0,,,3.4,10.4,0.332,2.8,3.5,0.802,,1.7,3.3,9.7,1,24.0,,2.0,,,0,0,0,,,,,,,,,,,,,,,,,,
0,David Thompson,1975-76,21.0,['DNA' 'DEN' 'SEA'],ABA,SF,83.0,64.0,37.8,10.3,19.8,0.539,6.5,8.6,0.849,6.3,4.5,3.4,27.2,0,73.0,14.0,12.0,['NCSTATE'],https://www.basketball-reference.com/req/202106291/images/headshots/thompda01.jpg,5,0,0,1,1975,0.2,0.5,0.368,10.3,19.8,0.543,0.539,2.7,3.6,1.6,1.2,3.2,5.0,4.0,57.0,
0,George Thompson,1969-70,22.0,['PTP' 'PTC' 'MMT' 'MIL'],ABA,SG,82.0,,41.5,9.9,20.7,0.481,6.9,8.8,0.79,5.0,5.1,3.1,27.0,0,45.0,11.0,13.0,['MARQUETTE'],,3,0,0,9,1969,0.6,1.9,0.311,9.4,18.8,0.498,0.495,2.2,2.8,1.5,0.3,3.1,4.0,2.0,,
0,Fred Taylor,1970-71,22.0,['PHO' 'TOT' 'CIN'],NBA,SG,54.0,,10.2,2.0,5.3,0.387,1.4,2.3,0.624,1.8,0.9,2.1,5.5,1,21.0,6.0,5.0,['UTPANAM'],,0,0,0,10,1970,,,,,,,,,,,,,,,,
0,Klay Thompson,2011-12,21.0,['GSW'],NBA,SG,82.0,82.0,35.8,8.4,18.1,0.488,2.9,3.3,0.902,4.1,2.9,2.9,22.3,0,60.0,11.0,8.0,['WASHST'],https://www.basketball-reference.com/req/202106291/images/headshots/thompkl01.jpg,5,4,0,11,2011,4.4,10.6,0.44,5.3,10.3,0.526,0.585,0.6,3.6,1.1,0.8,1.9,5.0,5.0,46.2,
0,Gary Turner,1967-68,,['HSM'],ABA,,2.0,,10.5,1.0,1.0,1.0,1.0,1.5,0.667,1.5,0.0,1.0,3.0,0,5.0,,,['TXCHRIST'],,0,0,0,8,1966,0.0,0.0,,1.0,1.0,1.0,1.0,,,,,1.0,,,,
0,Claude Terry,1972-73,23.0,['DNR' 'DNA' 'TOT' 'BUF' 'ATL'],ABA,SG,79.0,,20.1,3.9,7.3,0.54,1.5,1.8,0.899,2.0,2.1,1.8,9.3,1,23.0,6.0,5.0,['STANFORD'],,1,0,0,12,1972,0.2,0.7,0.417,3.9,7.3,0.54,0.544,0.8,1.4,0.8,0.1,1.2,3.0,1.0,13.1,
0,Wayman Tisdale,1985-86,21.0,['IND' 'TOT' 'SAC' 'PHO'],NBA,PF,81.0,79.0,37.2,9.2,17.5,0.525,4.1,5.2,0.808,9.6,2.0,3.8,22.3,1,40.0,18.0,7.0,['OKLAHOMA'],,0,0,0,2,1985,0.0,0.1,0.0,9.2,17.4,0.527,0.525,2.8,6.8,0.8,1.1,2.5,4.0,4.0,37.6,
0,Mychel Thompson,2011-12,23.0,['CLE'],NBA,SG,5.0,3.0,19.0,1.4,4.8,0.292,0.0,0.0,,1.0,1.4,1.6,3.6,0,8.0,2.0,4.0,['PEPPERDINE'],https://www.basketball-reference.com/req/202106291/images/headshots/thompmy02.jpg,0,0,0,,,0.8,2.2,0.364,0.6,2.6,0.231,0.375,0.0,1.0,0.4,0.2,1.0,1.0,1.0,3.9,
0,Billy Thompson,1986-87,23.0,['LAL' 'MIA' 'GSW'],NBA,SF,79.0,58.0,28.8,4.7,9.2,0.544,2.0,2.8,0.8,7.2,2.2,3.3,11.0,0,30.0,18.0,7.0,['LOUISVILLE'],,0,1,0,19,1986,0.0,0.1,0.5,4.7,9.2,0.546,0.544,3.1,4.2,0.7,1.3,2.4,4.0,5.0,36.1,
0,Jack Toomay,1947-48,25.0,['TOT' 'CHS' 'PRO' 'WSC' 'BLB' 'DNN'],BAA,,62.0,,,3.7,10.3,0.397,3.5,5.1,0.75,,1.5,3.5,10.9,1,23.0,,2.0,,,0,0,0,,,,,,,,,,,,,,,,,,
0,Wayne Turner,1999-00,23.0,['BOS'],NBA,PG,3.0,0.0,13.7,0.3,2.0,0.167,0.7,2.0,0.333,1.0,1.7,1.3,1.3,0,3.0,2.0,2.0,['KENTUCKY'],,0,0,0,,,0.0,0.0,,0.3,2.0,0.167,0.167,0.3,0.7,0.0,0.0,1.0,,,0.7,
0,Obi Toppin,2020-21,22.0,['NYK'],NBA,PF,72.0,10.0,17.1,3.5,6.6,0.531,1.3,1.7,0.809,3.7,1.1,1.4,9.0,0,42.0,11.0,6.0,['DAYTON'],https://www.basketball-reference.com/req/202106291/images/headshots/toppiob01.jpg,0,0,0,8,2020,1.3,3.7,0.344,2.8,4.2,0.655,0.586,1.0,2.8,0.3,0.5,0.8,4.0,3.0,32.6,
0,Keith Tower,1993-94,23.0,['ORL' 'LAC' 'MIL'],NBA,C,34.0,1.0,14.4,0.9,2.1,0.444,0.5,1.6,0.692,1.8,0.2,2.4,2.4,0,19.0,6.0,1.0,['NOTREDAME'],,0,0,0,,,0.0,0.0,0.0,0.9,2.1,0.451,0.444,0.6,1.4,0.4,0.3,0.5,1.0,2.0,11.7,
0,Donell Taylor,2005-06,23.0,['WAS'],NBA,SG,51.0,1.0,9.1,1.2,3.0,0.4,0.6,0.8,0.698,1.1,1.0,0.9,2.7,0,15.0,5.0,6.0,['OKALWALTCC' 'UAB'],,0,0,0,,,0.1,0.4,0.235,1.1,2.6,0.431,0.411,0.3,0.8,0.6,0.1,0.7,3.0,2.0,14.6,
0,Adonis Thomas,2013-14,20.0,['TOT' 'ORL' 'PHI'],NBA,SF,6.0,1.0,6.5,1.5,2.5,0.6,0.3,0.3,1.0,0.8,0.5,2.0,3.5,1,4.0,2.0,1.0,['MEMPHIS'],https://www.basketball-reference.com/req/202106291/images/headshots/thomaad01.jpg,0,0,0,,,0.5,1.0,0.5,1.0,1.5,0.667,0.7,0.0,0.8,0.0,0.0,0.5,,,1.6,
0,Bob Tough,1948-49,28.0,['FTW' 'TOT' 'BLB' 'WAT'],BAA,,53.0,,,3.5,12.5,0.282,1.9,2.6,0.833,,1.9,1.9,8.8,1,18.0,,3.0,,,0,0,0,,,,,,,,,,,,,,,,,,
0,Levern Tart,1967-68,25.0,['TOT' 'OAK' 'NJA' 'NYA' 'HSM' 'DNR' 'TEX'],ABA,SG,80.0,,42.1,10.0,23.4,0.495,6.8,8.7,0.829,6.8,3.5,3.4,26.9,1,49.0,13.0,7.0,['BRADLEY'],,2,0,0,9,1964,0.2,0.8,0.444,10.0,23.1,0.499,0.498,3.2,3.7,,,4.6,,1.0,,
0,Roy Tarpley,1986-87,22.0,['DAL'],NBA,PF,81.0,35.0,36.6,8.6,15.8,0.544,3.5,5.1,0.889,13.1,2.4,4.0,20.4,0,35.0,25.0,7.0,['MICHIGAN'],https://www.basketball-reference.com/req/202106291/images/headshots/tarplro01.jpg,0,0,0,7,1986,0.1,0.3,0.333,8.6,15.6,0.551,0.544,4.4,8.9,1.8,1.8,2.6,5.0,7.0,32.9,
0,Isaiah Thomas,2011-12,22.0,['SAC' 'TOT' 'PHO' 'BOS' 'CLE' 'LAL' 'DEN' 'WAS' 'NOP' 'DAL' 'CHO'],NBA,PG,82.0,79.0,34.7,9.0,19.4,0.463,7.8,8.5,1.0,3.0,6.3,3.0,28.9,1,52.0,11.0,15.0,['WASHINGTON'],https://www.basketball-reference.com/req/202106291/images/headshots/thomais02.jpg,2,0,0,30,2011,3.2,8.5,0.413,5.8,11.2,0.6,0.546,0.7,2.4,1.3,0.5,3.2,5.0,2.0,43.2,1.0
0,John Tschogl,1972-73,22.0,['ATL' 'PHI'],NBA,SF,64.0,,16.0,1.4,4.0,0.358,0.3,0.6,0.591,2.8,0.8,2.5,3.1,0,14.0,13.0,4.0,['UCSB'],,0,0,0,13,1972,,,,,,,,1.3,1.5,0.6,0.6,,3.0,5.0,,
0,Irving Thomas,1990-91,25.0,['LAL'],NBA,PF,26.0,0.0,4.2,0.7,1.9,0.34,0.5,0.8,0.571,1.2,0.4,0.9,1.8,0,9.0,6.0,2.0,['KENTUCKY' 'FLORIDAST'],,0,0,0,,,0.0,0.0,,0.7,1.9,0.34,0.34,0.5,0.7,0.2,0.0,0.5,1.0,1.0,6.9,
0,Dick Triptow,1948-49,26.0,['FTW' 'BLB'],BAA,,55.0,,,2.1,7.6,0.278,1.9,2.6,1.0,,1.7,1.9,6.1,0,17.0,,5.0,,,0,0,0,,,,,,,,,,,,,,,,,,
0,Anthony Taylor,1988-89,23.0,['MIA'],NBA,PG,21.0,7.0,17.5,2.9,7.2,0.397,1.1,1.5,0.75,1.6,2.0,1.8,6.9,0,21.0,7.0,5.0,['OREGON'],,0,0,0,19,1988,0.0,0.1,0.0,2.9,7.1,0.403,0.397,0.5,1.1,1.0,0.2,1.0,4.0,1.0,16.9,
0,JT Thor,2021-22,19.0,['CHO'],NBA,PF,69.0,8.0,14.0,1.4,3.4,0.436,0.5,0.7,0.702,2.2,0.6,1.0,3.8,0,14.0,8.0,4.0,['AUBURN'],https://www.basketball-reference.com/req/202106291/images/headshots/thorjt01.jpg,0,0,0,7,2021,0.6,1.8,0.317,0.8,1.7,0.607,0.5,0.5,1.7,0.3,0.3,0.6,3.0,3.0,12.2,
0,Ron Taylor,1969-70,22.0,['TOT' 'NYA' 'WSA' 'VIR' 'PTC'],ABA,C,75.0,,25.0,2.1,9.0,0.481,1.0,1.7,0.6,4.0,4.0,6.0,5.0,1,27.0,14.0,4.0,['USC'],,0,0,0,3,1969,0.0,0.0,,2.1,9.0,0.481,0.481,1.7,2.3,,,1.7,,,,
0,Tyrell Terry,2020-21,20.0,['DAL' 'MEM'],NBA,PG,11.0,0.0,5.1,0.5,1.5,1.0,0.1,0.3,0.333,0.5,0.5,0.5,1.0,0,4.0,2.0,2.0,['STANFORD'],https://www.basketball-reference.com/req/202106291/images/headshots/terryty01.jpg,0,0,0,1,2020,0.0,0.6,0.0,0.5,0.8,1.0,1.0,0.0,0.5,0.5,0.0,0.2,2.0,,4.4,
0,Jack Tingle,1947-48,23.0,['WSC' 'MNL'],BAA,,37.0,,,1.0,3.7,0.263,0.5,0.9,0.515,,0.5,1.2,2.4,0,10.0,,,,,0,0,0,,1947,,,,,,,,,,,,,,,,
0,Linton Townes,1982-83,23.0,['POR' 'TOT' 'MIL' 'SDC' 'SAS'],NBA,SF,55.0,0.0,9.4,1.9,6.0,1.0,2.0,2.0,1.0,1.2,0.6,1.5,4.5,1,20.0,7.0,3.0,['JAMESMAD'],,0,0,0,10,1982,0.2,0.5,0.36,1.7,6.0,1.0,1.0,1.0,0.6,0.5,1.0,0.6,4.0,2.0,18.4,
0,Ollie Taylor,1970-71,23.0,['NYA' 'SDA' 'TOT' 'CAR'],ABA,SG,82.0,,30.7,4.7,11.0,0.506,4.1,6.2,0.708,5.3,4.0,2.9,13.7,1,29.0,12.0,12.0,['HOUSTON'],,0,0,0,6,1970,0.2,0.8,1.0,4.6,10.2,0.508,0.511,2.3,3.0,0.7,0.3,3.0,,,,1.0
0,Carlos Terry,1980-81,24.0,['WSB'],NBA,SG,55.0,3.0,19.4,3.1,6.2,0.5,1.1,1.6,0.75,4.5,2.7,2.6,7.2,0,16.0,10.0,6.0,['WINSTSALST'],,0,0,0,16,1978,0.0,0.2,0.0,3.1,5.9,0.519,0.5,1.7,2.8,1.0,0.5,2.2,3.0,2.0,9.3,
0,Jack Turner,1954-55,24.0,['NYK'],NBA,SF,65.0,,14.2,1.7,4.7,0.36,0.9,1.2,0.789,2.4,1.2,1.2,4.3,0,18.0,5.0,5.0,['WKENTUCKY'],,0,0,0,8,1954,,,,,,,,,,,,,,,,
0,Mychal Thompson,1978-79,24.0,['POR' 'TOT' 'SAS' 'LAL'],NBA,C,82.0,80.0,39.6,8.6,16.5,0.559,3.9,5.7,0.743,11.7,4.8,3.7,20.8,1,38.0,22.0,11.0,['MINNESOTA'],https://www.basketball-reference.com/req/202106291/images/headshots/thompmy01.jpg,0,2,0,1,1978,0.0,0.0,1.0,8.6,16.5,0.56,0.559,3.3,8.4,1.1,2.2,3.5,5.0,9.0,33.7,2.0
0,Ray Tolbert,1981-82,23.0,['TOT' 'NJN' 'SEA' 'DET' 'NYK' 'LAL' 'ATL'],NBA,PF,73.0,2.0,16.1,2.2,4.4,0.571,1.0,2.1,0.769,3.4,0.7,2.3,5.1,1,20.0,13.0,5.0,['INDIANA'],,0,0,0,18,1981,0.0,0.1,0.0,2.2,4.4,0.571,0.571,1.3,2.3,0.5,0.8,1.1,3.0,4.0,15.6,
0,Cezary Trybański,2002-03,23.0,['MEM' 'TOT' 'PHO' 'NYK'],NBA,C,15.0,0.0,5.7,0.3,1.3,0.25,0.3,0.7,0.5,0.9,0.1,0.9,0.9,1,5.0,5.0,1.0,,,0,0,0,,,0.0,0.0,,0.3,1.3,0.25,0.25,0.4,0.5,0.3,0.4,0.5,1.0,2.0,4.7,
0,George Tinsley,1969-70,23.0,['TOT' 'WSA' 'KEN' 'FLO'],ABA,SF,82.0,,18.4,2.2,5.2,0.433,2.1,2.8,0.75,4.2,1.0,2.5,6.6,1,23.0,10.0,3.0,,,0,0,0,5,1969,0.1,0.4,0.227,2.2,5.1,0.439,0.434,1.9,2.3,,,1.2,,,,
0,Joe Thomas,1970-71,22.0,['PHO'],NBA,SF,39.0,,5.2,0.6,2.2,0.267,0.2,0.5,0.45,1.1,0.4,0.5,1.4,0,10.0,5.0,2.0,['MARQUETTE'],,0,0,0,10,1970,,,,,,,,,,,,,,,,
0,Evan Turner,2010-11,22.0,['PHI' 'TOT' 'IND' 'BOS' 'POR' 'ATL'],NBA,SG,82.0,82.0,35.3,6.6,15.4,0.46,3.5,4.2,0.857,6.3,5.5,2.7,17.4,1,34.0,15.0,13.0,['OHIOST'],https://www.basketball-reference.com/req/202106291/images/headshots/turneev01.jpg,0,0,0,2,2010,0.7,2.4,0.5,5.9,12.9,0.494,0.484,0.9,5.6,1.0,0.4,2.9,5.0,4.0,25.5,5.0
0,Tim Thomas,1997-98,20.0,['PHI' 'TOT' 'MIL' 'NYK' 'CHI' 'PHO' 'LAC' 'DAL'],NBA,SF,80.0,70.0,32.0,5.7,12.6,0.495,3.3,4.0,0.875,5.1,2.7,3.2,15.8,1,39.0,13.0,8.0,['VILLANOVA'],https://www.basketball-reference.com/req/202106291/images/headshots/thomati01.jpg,0,0,0,7,1997,1.8,4.7,0.442,4.6,10.0,0.546,0.564,1.4,4.1,1.0,0.6,1.8,4.0,4.0,30.2,
0,Edy Tavares,2015-16,23.0,['ATL' 'TOT' 'CLE'],NBA,C,11.0,0.0,24.0,3.0,4.0,1.0,0.3,2.0,0.375,10.0,1.0,3.0,6.0,1,6.0,10.0,1.0,,https://www.basketball-reference.com/req/202106291/images/headshots/tavarwa01.jpg,0,0,0,13,2014,0.0,0.0,,3.0,4.0,1.0,1.0,4.0,6.0,0.1,6.0,2.0,1.0,6.0,10.3,
0,Collis Temple,1974-75,22.0,['SAA'],ABA,SF,24.0,,4.3,0.7,1.7,0.415,0.3,0.4,0.8,1.3,0.6,1.2,1.8,0,8.0,3.0,3.0,['LSU'],,0,0,0,4,1974,0.0,0.0,0.0,0.7,1.7,0.425,0.415,0.6,0.7,0.2,0.2,0.5,2.0,1.0,,
0,Matisse Thybulle,2019-20,22.0,['PHI' 'TOT' 'POR'],NBA,SG,71.0,50.0,27.7,2.7,6.2,0.5,0.5,0.7,0.791,3.5,1.4,2.4,7.4,1,20.0,9.0,6.0,['WASHINGTON'],https://www.basketball-reference.com/req/202106291/images/headshots/thybuma01.jpg,0,0,0,20,2019,1.5,3.9,0.388,1.6,2.4,0.673,0.575,0.9,2.6,1.7,1.1,0.8,6.0,4.0,18.3,
0,Otis Thorpe,1984-85,22.0,['KCK' 'SAC' 'HOU' 'TOT' 'POR' 'DET' 'VAN' 'WAS' 'MIA' 'CHH'],NBA,PF,82.0,82.0,38.2,7.6,15.0,0.6,5.6,7.4,0.833,10.6,3.4,4.0,20.8,1,40.0,26.0,11.0,['PROVIDENCE'],https://www.basketball-reference.com/req/202106291/images/headshots/thorpot01.jpg,1,1,0,9,1984,0.0,0.1,0.429,7.6,14.9,0.602,0.6,3.5,7.3,1.0,0.7,2.9,6.0,4.0,33.9,3.0
0,John Thomas,1997-98,22.0,['TOT' 'BOS' 'TOR' 'MIN' 'MEM' 'ATL' 'NJN'],NBA,PF,55.0,11.0,18.0,1.8,3.2,1.0,0.8,1.2,0.788,5.0,0.4,2.1,4.3,1,13.0,11.0,4.0,['MINNESOTA'],https://www.basketball-reference.com/req/202106291/images/headshots/thomajo02.jpg,0,0,0,25,1997,0.0,0.0,0.0,1.8,3.1,1.0,1.0,3.5,1.8,0.6,0.5,1.0,3.0,3.0,16.0,
0,John Trapp,1968-69,23.0,['SDR' 'LAL' 'TOT' 'PHI' 'DNR'],NBA,SF,82.0,,25.4,4.3,10.5,0.443,2.1,2.9,0.755,6.2,1.7,4.1,10.7,1,35.0,17.0,6.0,,,0,1,0,1,1968,0.0,0.1,0.0,4.3,10.5,0.443,0.443,1.1,1.9,,,1.0,,,,
0,John Turner,1991-92,24.0,['HOU'],NBA,SF,42.0,0.0,8.2,1.0,2.3,0.439,0.7,1.4,0.525,1.9,0.3,1.0,2.8,0,15.0,7.0,2.0,['GEORGETOWN' 'PHILLIPS'],,0,0,0,20,1991,0.0,0.0,,1.0,2.3,0.439,0.439,0.9,1.0,0.1,0.1,0.8,1.0,1.0,10.5,
0,Chris Taft,2005-06,20.0,['GSW'],NBA,C,17.0,0.0,8.5,1.4,2.2,0.605,0.1,0.4,0.167,2.1,0.1,1.5,2.8,0,7.0,6.0,1.0,['PITT'],,0,0,0,12,2005,0.0,0.0,,1.4,2.2,0.605,0.605,1.1,1.0,0.1,0.4,0.1,1.0,3.0,6.8,
0,Alando Tucker,2007-08,23.0,['PHO' 'TOT' 'MIN'],NBA,SF,30.0,1.0,9.4,1.7,4.0,0.444,1.5,1.9,0.833,1.3,0.4,0.5,4.6,1,16.0,5.0,2.0,['WISCONSIN'],https://www.basketball-reference.com/req/202106291/images/headshots/tuckeal02.jpg,0,0,0,29,2007,0.3,0.8,0.348,1.5,3.3,0.522,0.463,0.7,0.7,0.2,0.2,0.5,1.0,1.0,11.4,
0,Bob Thornton,1985-86,23.0,['NYK' 'TOT' 'PHI' 'MIN' 'UTA' 'WSB'],NBA,PF,71.0,23.0,18.6,1.8,3.9,0.532,1.2,2.3,1.0,4.1,0.6,3.3,4.7,1,17.0,14.0,5.0,['UCIRVINE'],,0,0,0,17,1984,0.0,0.1,0.333,1.8,3.9,0.541,0.532,1.6,2.5,0.4,0.3,1.2,3.0,4.0,13.1,
0,Tom Tolbert,1988-89,23.0,['CHH' 'GSW' 'ORL' 'LAC'],NBA,SF,72.0,61.0,25.5,3.1,7.0,0.498,2.5,3.4,1.0,5.7,1.3,3.1,8.8,0,27.0,16.0,9.0,['UCIRVINE' 'ARIZONA'],,0,0,0,9,1988,0.1,0.4,0.375,3.0,6.6,0.509,0.508,1.8,3.9,0.6,0.6,1.7,3.0,4.0,24.4,
0,Terry Teagle,1982-83,22.0,['HOU' 'TOT' 'DET' 'GSW' 'LAL'],NBA,SG,82.0,52.0,29.0,6.6,13.7,0.541,3.0,3.6,0.841,4.5,2.1,2.9,16.1,1,44.0,12.0,7.0,['BAYLOR'],,0,0,0,16,1982,0.1,0.4,0.5,6.5,13.5,0.542,0.548,1.7,3.1,1.2,0.4,1.9,7.0,4.0,35.8,
0,Blackie Towery,1948-49,28.0,['TOT' 'FTW' 'INJ' 'BLB'],BAA,,68.0,,,3.9,14.6,0.327,3.8,5.0,0.757,,3.6,4.3,11.5,1,21.0,,5.0,,,0,0,0,,,,,,,,,,,,,,,,,,
