,Name,Season,Age,Tm,Lg,Pos,G,GS,MP,FG,FGA,FG%,3P,3PA,3P%,2P,2PA,2P%,eFG%,FT,FTA,FT%,ORB,DRB,TRB,AST,BLK,TOV,PF,PTS,MidSeasonTrade,"Career high, Points","Career high, Rebounds","Career high, Assists",College,Image URL,All Star Games,Championships,HOF,Pick #,Draft Year,STL,"Career high, Steals",Triple-Doubles,"Career high, Blocks","Career high, Game Score"
0,Elnardo Webster,1971-72,23.0,['TOT' 'NYA' 'MMP'],ABA,SF,24.0,,13.9,2.9,6.4,0.5,0.1,0.3,0.25,2.9,6.2,0.5,0.5,1.3,1.7,0.778,0.9,1.8,2.7,0.9,,2.1,2.3,7.3,1,26.0,6.0,2.0,['STPETERS'],,0,0,0,11,1969,,,,,
0,Art Williams,1967-68,28.0,['SDR' 'BOS' 'SDA'],NBA,PG,81.0,,25.2,3.4,9.1,0.667,0.0,0.0,,3.4,9.1,0.667,0.667,1.4,2.1,0.844,0.4,1.4,4.6,6.6,0.0,1.4,3.0,8.1,0,27.0,15.0,22.0,,,0,1,0,,,1.0,3.0,5.0,,
0,Kenny Walker,1986-87,22.0,['NYK' 'WSB'],NBA,SF,82.0,64.0,26.1,4.2,8.9,0.531,0.1,0.3,0.4,4.2,8.9,0.533,0.534,2.1,2.7,0.78,2.3,3.2,5.0,1.1,0.8,1.1,3.5,10.4,0,26.0,14.0,5.0,['KENTUCKY'],,0,0,0,5,1986,0.8,5.0,,5.0,25.1
0,Greg Wittman,1969-70,22.0,['DNR' 'TOT' 'FLO' 'TEX'],ABA,PF,50.0,,9.1,1.6,4.1,0.392,0.1,0.3,0.235,1.5,3.7,0.406,0.402,0.8,1.4,0.571,1.0,1.4,2.0,0.3,,0.8,2.8,3.9,1,13.0,6.0,1.0,,,0,0,0,3,1969,,,,,
0,Cornell Warner,1970-71,22.0,['BUF' 'TOT' 'CLE' 'MIL' 'LAL'],NBA,C,81.0,,31.9,3.1,6.8,0.512,,,,,,,,1.3,2.2,1.0,3.0,7.3,10.3,1.6,0.7,,3.5,7.6,1,24.0,20.0,7.0,,,0,0,0,7,1970,0.7,3.0,,4.0,
0,TyTy Washington Jr.,2022-23,21.0,['HOU'],NBA,PG,31.0,2.0,14.0,1.9,5.2,0.363,0.6,2.6,0.238,1.3,2.6,0.488,0.422,0.3,0.6,0.556,0.1,1.4,1.5,1.5,0.1,0.5,0.9,4.7,0,20.0,6.0,6.0,['KENTUCKY'],https://www.basketball-reference.com/req/202106291/images/headshots/washity02.jpg,0,0,0,29,2022,0.5,2.0,,1.0,13.3
0,Joby Wright,1972-73,22.0,['SEA' 'MMT' 'TOT' 'SDS' 'VIR'],NBA,PF,77.0,,15.4,2.6,6.3,0.593,0.0,0.0,,2.6,6.3,0.593,0.593,1.3,2.2,1.0,3.0,1.7,4.7,0.5,0.3,1.3,2.5,6.5,1,20.0,11.0,5.0,['INDIANA'],,0,0,0,5,1972,0.4,2.0,,2.0,2.6
0,Tommy Woods,1967-68,24.0,['KEN'],ABA,PF,18.0,,10.2,0.8,2.4,0.326,0.0,0.1,0.0,0.8,2.3,0.333,0.326,0.8,0.9,0.875,,,3.1,0.2,,0.5,1.4,2.3,0,8.0,10.0,,['ETENNST'],,0,0,0,,,,,,,
0,Mike Wilks,2002-03,23.0,['TOT' 'ATL' 'MIN' 'HOU' 'SAS' 'CLE' 'SEA' 'DEN' 'WAS' 'OKC'],NBA,"PG,SG",48.0,7.0,24.3,1.9,5.4,0.556,0.5,1.1,0.667,1.7,4.3,0.625,0.625,1.9,2.9,1.0,0.6,2.1,2.7,2.8,0.1,1.1,2.5,5.7,1,22.0,8.0,11.0,['RICE'],https://www.basketball-reference.com/req/202106291/images/headshots/wilksmi01.jpg,0,1,0,,,1.1,4.0,,2.0,18.4
0,Delon Wright,2015-16,23.0,['TOR' 'TOT' 'MEM' 'DAL' 'DET' 'SAC' 'ATL' 'WAS'],NBA,PG,77.0,39.0,30.8,4.4,10.2,0.474,1.2,3.1,0.398,3.7,7.2,0.564,0.545,2.5,3.4,0.869,1.2,4.3,5.4,5.3,0.6,1.5,1.9,12.2,1,28.0,13.0,14.0,['UTAH'],https://www.basketball-reference.com/req/202106291/images/headshots/wrighde01.jpg,0,0,0,20,2015,1.8,6.0,3.0,4.0,31.1
0,Willie White,1984-85,22.0,['DEN'],NBA,SG,43.0,4.0,8.0,1.7,3.9,0.44,0.1,0.5,0.364,1.6,3.4,0.463,0.458,0.5,0.8,0.826,0.4,0.6,1.0,1.2,0.1,0.8,0.6,4.0,0,21.0,5.0,7.0,['UTCHAT'],,0,0,0,18,1984,0.4,5.0,,1.0,18.4
0,Lloyd Walton,1976-77,23.0,['MIL' 'KCK'],NBA,PG,76.0,,18.4,2.1,4.5,0.48,0.0,0.0,0.333,2.1,4.5,0.48,0.48,1.0,1.2,0.815,0.5,0.9,1.4,4.7,0.2,1.6,1.4,5.0,0,20.0,6.0,14.0,['MARQUETTE'],,0,0,0,6,1976,1.0,6.0,,2.0,14.0
0,Nate Wolters,2013-14,22.0,['MIL' 'TOT' 'NOP' 'UTA'],NBA,PG,58.0,31.0,22.6,2.9,6.7,0.437,0.3,1.1,0.29,2.6,5.6,0.465,0.46,1.0,1.6,0.656,0.6,2.0,2.6,3.2,0.3,1.0,1.2,7.2,1,19.0,8.0,10.0,['SDAKOTAST'],https://www.basketball-reference.com/req/202106291/images/headshots/woltena01.jpg,0,0,0,8,2013,0.6,3.0,,2.0,17.0
0,Micheal Williams,1988-89,22.0,['DET' 'TOT' 'PHO' 'CHH' 'IND' 'MIN' 'TOR'],NBA,PG,79.0,76.0,35.0,5.1,10.4,0.532,0.3,1.4,0.333,5.0,10.0,0.547,0.532,5.5,6.1,0.97,1.1,2.6,3.6,8.7,0.3,3.0,4.1,15.1,1,33.0,13.0,18.0,['BAYLOR'],https://www.basketball-reference.com/req/202106291/images/headshots/willimi02.jpg,0,1,0,23,1988,2.9,8.0,3.0,4.0,35.6
0,Coby White,2019-20,19.0,['CHI'],NBA,PG,74.0,54.0,31.2,5.4,13.1,0.443,2.4,6.6,0.385,3.1,6.5,0.54,0.551,1.9,2.1,0.901,0.4,3.7,4.1,4.8,0.2,2.3,2.6,15.1,0,36.0,10.0,13.0,['UNC'],https://www.basketball-reference.com/req/202106291/images/headshots/whiteco01.jpg,0,0,0,7,2019,0.8,4.0,,2.0,31.3
0,Justise Winslow,2015-16,19.0,['MIA' 'MEM' 'TOT' 'LAC' 'POR'],NBA,SF,78.0,52.0,34.7,4.9,12.5,0.447,1.5,3.9,0.38,4.1,10.6,0.518,0.497,1.6,2.6,0.714,1.8,5.2,6.6,4.3,0.6,2.2,3.5,12.6,1,28.0,13.0,11.0,['DUKE'],https://www.basketball-reference.com/req/202106291/images/headshots/winslju01.jpg,0,0,0,10,2015,1.4,4.0,,3.0,22.9
0,Stan Washington,1974-75,23.0,['WSB'],NBA,SG,1.0,,4.0,0.0,1.0,0.0,,,,,,,,0.0,0.0,,0.0,0.0,0.0,0.0,0.0,,1.0,0.0,0,,,,,,0,0,0,12,1974,0.0,,,,
0,Bobby Wilson,1967-68,,['DLC'],ABA,PF,69.0,,22.6,3.3,8.4,0.389,0.0,0.0,0.5,3.3,8.4,0.389,0.39,2.4,3.8,0.615,,,6.5,0.8,,1.8,3.0,8.9,0,25.0,18.0,,,,0,0,0,,,,,,,
0,Franz Wagner,2021-22,20.0,['ORL'],NBA,SF,80.0,80.0,32.6,6.8,14.0,0.485,1.6,4.5,0.361,5.2,9.5,0.544,0.543,3.4,4.0,0.863,1.1,3.4,4.5,3.5,0.4,2.1,2.3,18.6,0,38.0,11.0,10.0,['MICHIGAN'],https://www.basketball-reference.com/req/202106291/images/headshots/wagnefr01.jpg,0,0,0,8,2021,1.0,6.0,,2.0,32.3
0,Garry Witts,1981-82,22.0,['WSB'],NBA,SF,46.0,0.0,10.7,1.1,1.8,0.583,0.0,0.0,0.5,1.0,1.8,0.585,0.589,0.7,0.9,0.825,0.6,0.7,1.3,0.8,0.1,0.8,1.6,2.9,0,13.0,7.0,4.0,['HOLYCROSS'],,0,0,0,11,1981,0.4,1.0,,1.0,7.2
0,Guy Williams,1984-85,24.0,['WSB' 'GSW'],NBA,SF,21.0,0.0,5.7,1.4,3.0,0.46,0.0,0.2,0.25,1.3,2.8,0.475,0.468,0.6,1.2,0.5,0.7,1.2,1.3,0.4,0.4,0.4,1.4,2.9,0,13.0,7.0,2.0,['SANFRAN' 'WASHST'],,0,0,0,10,1983,0.2,1.0,,1.0,13.3
0,Justin Williams,2006-07,22.0,['SAC' 'TOT' 'HOU'],NBA,C,26.0,1.0,12.8,2.1,3.4,0.614,0.0,0.0,0.0,2.1,3.3,0.621,0.614,1.0,4.0,0.365,2.0,2.5,4.4,0.1,0.6,1.0,3.0,5.0,1,16.0,13.0,1.0,['WYOMING'],,0,0,0,,,0.2,5.0,,3.0,16.9
0,Skippy Whitaker,1954-55,24.0,['BOS'],NBA,PG,3.0,,5.0,0.3,2.0,0.167,,,,,,,,0.0,0.0,,,,0.3,0.3,,,1.3,0.7,0,2.0,1.0,1.0,['KENTUCKY'],,0,0,0,,1952,,,,,
0,Jameel Warney,2017-18,24.0,['DAL'],NBA,PF,3.0,0.0,9.0,2.3,4.0,0.583,0.0,0.0,,2.3,4.0,0.583,0.583,1.0,1.7,0.6,1.3,1.7,3.0,0.0,0.0,0.3,0.7,5.7,0,8.0,4.0,,['STONYBROOK'],https://www.basketball-reference.com/req/202106291/images/headshots/warneja01.jpg,0,0,0,,,0.0,,,,4.6
0,Leroy Wright,1967-68,29.0,['PTP' 'MNP'],ABA,PF,17.0,,19.5,1.4,3.5,0.4,0.0,0.0,,1.4,3.5,0.4,0.4,0.5,1.3,0.409,1.2,1.8,6.4,0.8,,1.2,2.9,3.4,0,11.0,10.0,,['PACIFIC'],,0,1,0,8,1960,,,,,
0,Doug West,1989-90,22.0,['MIN' 'VAN'],NBA,SG,80.0,80.0,38.8,8.1,15.6,0.518,0.2,0.9,0.333,8.1,15.3,0.527,0.52,3.1,3.7,0.857,1.3,2.4,3.2,3.5,0.5,2.1,3.5,19.3,0,39.0,11.0,9.0,['VILLANOVA'],https://www.basketball-reference.com/req/202106291/images/headshots/westdo01.jpg,0,0,0,11,1989,1.1,4.0,,3.0,27.8
0,Shammond Williams,1998-99,23.0,['ATL' 'SEA' 'TOT' 'BOS' 'DEN' 'ORL' 'NOH' 'LAL'],NBA,PG,78.0,11.0,26.4,3.5,8.9,0.438,1.4,3.8,0.459,2.1,5.1,0.449,0.523,1.5,2.0,0.889,0.5,1.9,2.3,5.1,0.1,2.0,2.1,9.4,1,28.0,9.0,11.0,['UNC'],https://www.basketball-reference.com/req/202106291/images/headshots/willish01.jpg,0,0,0,5,1998,1.2,6.0,,2.0,23.5
0,Rickie Winslow,1987-88,23.0,['MIL'],NBA,SF,7.0,0.0,6.4,0.4,1.9,0.231,0.0,0.1,0.0,0.4,1.7,0.25,0.231,0.1,0.3,0.5,0.4,0.6,1.0,0.3,0.0,0.6,1.3,1.0,0,5.0,2.0,1.0,['HOUSTON'],,0,0,0,5,1987,0.1,1.0,,,2.8
0,Roland West,1967-68,23.0,['BAL'],NBA,,4.0,,3.5,0.5,1.3,0.4,,,,,,,,0.0,0.0,,,,1.3,0.0,,,0.8,1.0,0,4.0,2.0,,['CINCY'],,0,0,0,5,1966,,,,,
0,Alan Williams,2015-16,23.0,['PHO' 'BRK'],NBA,PF,47.0,0.0,15.1,2.9,5.7,0.615,0.0,0.2,0.0,2.9,5.7,0.667,0.615,1.5,2.4,0.667,2.0,4.2,6.2,1.6,0.7,1.4,2.7,7.4,0,17.0,17.0,3.0,['UCSB'],https://www.basketball-reference.com/req/202106291/images/headshots/willial03.jpg,0,0,0,,,1.0,4.0,,4.0,21.2
0,John Wetzel,1966-67,22.0,['LAL' 'PHO' 'ATL'],Did Not Play (injury—wrist),Did Not Play (injury—wrist),70.0,,18.0,1.8,4.1,0.478,,,,,,,,1.2,1.4,0.883,0.6,1.9,2.4,2.0,0.3,,2.2,4.7,0,22.0,13.0,10.0,['VATECH'],,0,0,0,7,1966,1.0,6.0,,2.0,
0,Jalen Williams,2022-23,21.0,['OKC'],NBA,SG,75.0,62.0,30.3,5.5,10.6,0.521,1.0,2.7,0.356,4.5,7.9,0.579,0.567,2.1,2.5,0.812,1.1,3.4,4.5,3.3,0.5,1.6,2.5,14.1,0,32.0,10.0,11.0,['SANTACLARA'],https://www.basketball-reference.com/req/202106291/images/headshots/willija06.jpg,0,0,0,12,2022,1.4,6.0,,3.0,32.5
0,Isaac Walthour,1953-54,23.0,['MLH'],NBA,,4.0,,7.5,0.3,1.5,0.167,,,,,,,,0.0,0.0,,,,0.3,0.5,,,1.5,0.5,0,2.0,,,,,0,0,0,,,,,,,
0,Elliot Williams,2010-11,21.0,['POR' 'PHI' 'TOT' 'UTA' 'NOP' 'MEM'],Did Not Play (injury—knee),Did Not Play (injury—knee),67.0,2.0,17.3,2.1,5.0,0.5,1.0,1.9,0.714,1.5,3.2,0.617,0.654,1.3,1.8,0.75,0.4,1.5,1.9,1.1,0.1,1.0,1.9,6.0,1,17.0,6.0,6.0,['DUKE' 'MEMPHIS'],https://www.basketball-reference.com/req/202106291/images/headshots/williel01.jpg,0,0,0,22,2010,0.5,4.0,,1.0,15.8
0,Phil Wagner,1968-69,23.0,['INA'],ABA,,12.0,,15.0,0.9,3.4,0.268,0.1,0.3,0.25,0.8,3.1,0.27,0.28,1.1,1.4,0.765,0.7,1.3,1.9,1.2,,1.5,2.3,3.0,0,15.0,4.0,3.0,['GATECH'],,0,0,0,11,1968,,,,,
0,Slick Watts,1973-74,22.0,['SEA' 'TOT' 'NOJ' 'HOU'],NBA,PG,82.0,,33.9,5.4,12.8,0.427,,,,,,,,2.4,4.2,0.645,1.4,3.1,4.5,8.1,0.4,2.9,3.3,13.0,1,37.0,12.0,18.0,,https://www.basketball-reference.com/req/202106291/images/headshots/wattssl01.jpg,0,0,0,,,3.2,9.0,4.0,3.0,16.3
0,Jaylin Williams,2022-23,20.0,['OKC'],NBA,C,49.0,36.0,18.7,2.1,4.8,0.436,0.9,2.3,0.407,1.1,2.5,0.463,0.534,0.8,1.1,0.704,0.9,4.0,4.9,1.6,0.2,0.8,2.3,5.9,0,15.0,16.0,7.0,['ARKANSAS'],https://www.basketball-reference.com/req/202106291/images/headshots/willija07.jpg,0,0,0,4,2022,0.6,4.0,,2.0,20.4
0,Ron Williams,1968-69,24.0,['SFW' 'GSW' 'MIL' 'LAL'],NBA,PG,82.0,,34.3,5.7,13.1,0.489,,,,,,,,4.0,4.8,0.904,0.3,1.9,3.0,5.9,0.0,,3.7,14.8,0,34.0,9.0,17.0,,,0,0,0,9,1968,0.7,3.0,,2.0,
0,Lorenzo Williams,1992-93,23.0,['TOT' 'CHH' 'ORL' 'BOS' 'DAL' 'WSB' 'WAS'],NBA,"C,PF",82.0,81.0,29.1,1.8,3.7,0.778,0.0,0.3,0.0,1.8,3.7,0.778,0.778,0.5,1.2,0.714,3.6,4.9,8.4,1.5,2.0,1.3,3.7,4.0,1,19.0,20.0,6.0,['STETSON'],,0,0,0,,,1.0,4.0,,6.0,21.6
0,Eddie Lee Wilkins,1984-85,22.0,['NYK' 'PHI'],NBA,C,79.0,16.0,18.9,2.3,5.3,0.567,0.0,0.1,0.0,2.3,5.3,0.579,0.567,1.8,3.0,0.615,1.9,3.3,4.9,0.3,0.3,1.2,2.9,6.1,0,24.0,15.0,3.0,['GARDWEBB'],,0,0,0,17,1984,0.4,2.0,,3.0,17.2
0,Chuck Williams,1970-71,24.0,['PTC' 'DNR' 'SDA' 'TOT' 'KEN' 'MMS' 'DNA' 'DEN' 'BUF'],ABA,PG,90.0,,39.1,5.9,12.3,0.514,0.1,0.3,0.417,5.9,12.2,0.517,0.514,5.9,7.5,0.826,1.1,2.1,3.1,7.1,0.2,3.0,3.3,17.7,1,36.0,8.0,12.0,['COLORADO'],https://www.basketball-reference.com/req/202106291/images/headshots/willich02.jpg,2,0,0,12,1968,1.5,7.0,,3.0,15.4
0,Brady Walker,1948-49,27.0,['PRO' 'BOS' 'TOT' 'BLB'],BAA,PF,68.0,,20.0,3.4,9.4,0.41,,,,,,,,1.5,2.6,0.765,,,6.6,2.1,,,1.7,8.3,1,22.0,16.0,4.0,,,0,0,0,,1948,,,,,
0,Lorenzen Wright,1996-97,21.0,['LAC' 'ATL' 'MEM' 'TOT' 'SAC' 'CLE'],NBA,C,80.0,77.0,30.0,5.2,11.4,0.499,0.0,0.1,0.333,5.2,11.4,0.5,0.5,2.2,3.2,0.733,3.0,6.4,9.4,1.2,1.3,1.8,3.4,12.4,1,33.0,26.0,5.0,['MEMPHIS'],https://www.basketball-reference.com/req/202106291/images/headshots/wrighlo02.jpg,0,0,0,7,1996,0.8,4.0,,5.0,29.4
0,Lee Winfield,1969-70,22.0,['SEA' 'BUF' 'KCK'],NBA,PG,81.0,,25.2,4.2,9.1,0.526,,,,,,,,2.2,3.2,0.75,0.7,1.2,2.7,3.6,0.4,,2.4,10.6,0,38.0,11.0,15.0,['NTEXAS'],,0,0,0,3,1969,0.6,3.0,1.0,2.0,
0,Duane Washington Jr.,2021-22,21.0,['IND' 'PHO'],NBA,PG,48.0,7.0,20.2,3.6,8.9,0.405,1.7,4.5,0.377,1.9,4.7,0.434,0.5,1.0,1.3,0.754,0.1,1.6,1.7,2.0,0.1,1.2,1.4,9.9,0,26.0,7.0,8.0,['OHIOST'],https://www.basketball-reference.com/req/202106291/images/headshots/washidu02.jpg,0,0,0,,,0.5,3.0,,2.0,19.3
0,Derrick Walton,2017-18,22.0,['MIA' 'TOT' 'LAC' 'DET'],NBA,PG,26.0,3.0,36.0,2.0,8.7,0.472,1.0,4.3,0.429,1.0,4.3,0.533,0.597,1.3,1.3,1.0,0.7,2.7,3.3,7.0,1.3,3.7,2.7,6.3,1,11.0,6.0,9.0,['MICHIGAN'],https://www.basketball-reference.com/req/202106291/images/headshots/waltode01.jpg,0,0,0,,,2.3,4.0,,2.0,10.9
0,Jasper Wilson,1968-69,21.0,['NOB'],ABA,SF,66.0,,14.8,2.0,5.3,0.381,0.3,0.5,0.5,1.9,5.0,0.376,0.405,1.5,2.0,0.75,0.9,3.0,3.5,0.7,,1.0,1.9,5.8,0,20.0,5.0,1.0,,,0,0,0,4,1968,,,,,
0,Luther Wright,1993-94,22.0,['UTA'],NBA,C,15.0,2.0,6.1,0.5,1.5,0.348,0.0,0.1,0.0,0.5,1.5,0.364,0.348,0.2,0.3,0.75,0.4,0.3,0.7,0.0,0.1,0.4,1.4,1.3,0,4.0,3.0,,['SETONHALL'],,0,0,0,18,1993,0.1,1.0,,1.0,2.6
0,Bob Wilson,1951-52,25.0,['MLH'],NBA,PG,63.0,,20.8,1.3,4.2,0.299,,,,,,,,1.2,2.1,0.578,,,3.3,1.7,,,2.7,3.7,0,16.0,2.0,7.0,,,0,0,0,,,,,,,
0,Sidney Wicks,1971-72,22.0,['POR' 'BOS' 'SDC'],NBA,PF,82.0,,39.6,9.6,22.4,0.497,0.0,0.0,0.0,9.6,22.4,0.497,0.497,5.4,7.6,0.762,3.3,7.9,11.5,5.5,1.0,2.8,4.0,24.5,0,38.0,27.0,14.0,['UCLA'],https://www.basketball-reference.com/req/202106291/images/headshots/wickssi01.jpg,4,0,0,2,1971,1.3,6.0,7.0,5.0,21.3
0,Mike Woodson,1980-81,22.0,['NYK' 'TOT' 'NJN' 'KCK' 'SAC' 'LAC' 'HOU' 'CLE'],NBA,SG,83.0,79.0,31.7,7.2,15.8,0.507,0.5,1.7,0.348,7.1,14.8,0.515,0.511,3.7,4.7,1.0,1.3,2.0,3.1,3.4,0.7,2.3,3.0,18.2,1,48.0,11.0,10.0,['INDIANA'],,0,0,0,12,1980,1.8,7.0,,4.0,33.4
0,Russell Westbrook,2008-09,20.0,['OKC' 'HOU' 'WAS' 'LAL' 'TOT' 'LAC'],NBA,PG,82.0,82.0,36.4,10.6,24.0,0.489,2.5,7.2,0.356,9.6,18.7,0.54,0.538,8.8,10.4,0.845,2.2,9.9,11.5,11.7,0.5,5.4,3.5,31.6,1,58.0,21.0,24.0,['UCLA'],https://www.basketball-reference.com/req/202106291/images/headshots/westbru01.jpg,9,0,0,4,2008,2.1,8.0,198.0,4.0,45.6
0,Dennis Wuycik,1972-73,22.0,['CAR' 'SSL'],ABA,SF,83.0,,11.7,1.8,4.0,0.463,0.0,0.0,0.5,1.8,3.9,0.466,0.466,1.0,1.6,0.694,1.0,1.3,2.2,1.0,0.1,1.4,2.0,4.7,0,20.0,9.0,5.0,['UNC'],,0,0,0,14,1972,0.3,1.0,,,1.5
0,Okaro White,2016-17,24.0,['MIA' 'WAS'],NBA,PF,35.0,4.0,13.5,1.2,2.7,0.438,0.7,1.8,0.364,0.6,1.5,0.6,0.563,0.6,0.6,0.909,0.7,1.6,2.3,0.6,0.3,0.5,1.5,3.3,0,10.0,8.0,3.0,['FLORIDAST'],https://www.basketball-reference.com/req/202106291/images/headshots/whiteok01.jpg,0,0,0,,,0.3,2.0,,4.0,12.4
0,Bernie Williams,1969-70,24.0,['SDR' 'VIR'],NBA,SG,78.0,,21.4,5.0,11.7,0.428,0.2,0.8,0.5,4.9,10.9,0.448,0.439,2.3,2.7,1.0,0.8,1.3,2.2,2.3,0.0,1.9,2.3,12.5,0,34.0,7.0,11.0,['LASALLE'],,0,0,0,6,1969,0.2,,,,
0,Nigel Williams-Goss,2019-20,25.0,['UTA'],NBA,PG,10.0,0.0,5.0,0.5,1.6,0.313,0.2,0.7,0.286,0.3,0.9,0.333,0.375,0.2,0.2,1.0,0.2,0.4,0.6,0.6,0.1,0.3,0.6,1.4,0,10.0,2.0,2.0,['WASHINGTON' 'GONZAGA'],https://www.basketball-reference.com/req/202106291/images/headshots/willini01.jpg,0,0,0,25,2017,0.3,2.0,,1.0,5.7
0,David Wood,1988-89,24.0,['CHI' 'HOU' 'SAS' 'DET' 'GSW' 'TOT' 'PHO' 'DAL' 'MIL'],NBA,PF,82.0,13.0,17.4,2.0,4.3,0.526,0.5,1.6,0.449,1.6,3.2,0.652,0.592,1.3,1.6,1.0,1.3,2.5,3.6,1.1,0.2,1.1,3.2,5.5,1,27.0,12.0,6.0,['NEVADA'],,0,0,0,,,0.7,4.0,,2.0,26.7
0,Milt Wagner,1987-88,24.0,['LAL' 'MIA'],NBA,SG,40.0,4.0,9.5,1.8,4.4,0.422,0.5,1.3,0.353,1.5,3.4,0.45,0.474,0.7,0.8,0.897,0.1,0.6,0.7,1.5,0.2,0.9,1.1,4.8,0,15.0,4.0,6.0,['LOUISVILLE'],,0,1,0,11,1986,0.2,2.0,,3.0,11.7
0,Chris Wilcox,2002-03,20.0,['LAC' 'TOT' 'SEA' 'OKC' 'NYK' 'DET' 'BOS'],NBA,PF,82.0,81.0,31.5,5.8,10.3,0.719,0.0,0.1,0.0,5.8,10.2,0.724,0.719,2.9,4.3,0.787,2.5,5.7,8.2,1.2,0.6,1.7,3.0,14.1,1,32.0,24.0,6.0,['MARYLAND'],https://www.basketball-reference.com/req/202106291/images/headshots/wilcoch01.jpg,0,0,0,8,2002,0.9,5.0,,4.0,27.7
0,Delonte West,2004-05,21.0,['BOS' 'TOT' 'SEA' 'CLE' 'DAL'],NBA,SG,71.0,71.0,34.1,4.7,10.4,0.487,1.4,3.6,0.399,3.5,7.8,0.534,0.548,2.4,2.9,0.886,0.8,3.3,4.1,4.6,0.7,2.0,2.8,12.2,1,31.0,11.0,12.0,['STJOSEPHS'],https://www.basketball-reference.com/req/202106291/images/headshots/westde01.jpg,0,0,0,24,2004,1.5,8.0,,4.0,30.2
0,Johnathan Williams,2018-19,23.0,['LAL' 'WAS'],NBA,C,24.0,6.0,15.5,2.7,4.6,0.591,0.0,0.1,0.0,2.7,4.5,0.602,0.591,1.1,2.0,0.563,2.0,2.7,4.3,0.5,0.5,0.7,2.6,6.5,0,18.0,16.0,3.0,['MISSOURI' 'GONZAGA'],https://www.basketball-reference.com/req/202106291/images/headshots/willijo04.jpg,0,0,0,,,0.3,2.0,,3.0,15.6
0,Bubba Wilson,1979-80,24.0,['GSW'],NBA,SG,16.0,,8.9,0.4,1.6,0.28,0.0,0.0,,0.4,1.6,0.28,0.28,0.2,0.4,0.5,0.4,0.6,1.0,0.8,0.0,0.5,0.7,1.1,0,4.0,4.0,3.0,['WCAROLINA'],,0,0,0,13,1978,0.1,1.0,,,3.7
0,Shelden Williams,2006-07,23.0,['ATL' 'TOT' 'SAC' 'MIN' 'BOS' 'DEN' 'NYK' 'NJN'],NBA,PF,81.0,38.0,22.0,2.0,4.5,0.538,0.0,0.1,0.5,2.0,4.5,0.538,0.538,1.4,1.9,0.828,2.4,3.8,6.0,0.8,0.7,1.2,2.6,5.5,1,21.0,17.0,7.0,['DUKE'],https://www.basketball-reference.com/req/202106291/images/headshots/willish02.jpg,0,0,0,5,2006,0.8,4.0,,3.0,22.6
0,Wally Walker,1976-77,22.0,['POR' 'TOT' 'SEA' 'HOU'],NBA,SF,82.0,70.0,28.1,4.4,9.8,0.507,0.0,0.1,0.333,4.4,9.8,0.507,0.507,1.3,2.1,0.75,1.7,2.9,4.5,3.1,0.4,1.8,3.1,9.9,1,24.0,13.0,8.0,['VIRGINIA'],,0,2,0,5,1976,0.6,3.0,,3.0,22.0
0,Alondes Williams,2022-23,23.0,['BRK'],NBA,SG,1.0,0.0,5.0,0.0,0.0,,0.0,0.0,,0.0,0.0,,,0.0,0.0,,0.0,1.0,1.0,0.0,0.0,2.0,1.0,0.0,0,,1.0,,['OKLAHOMA' 'WAKE'],https://www.basketball-reference.com/req/202106291/images/headshots/willial06.jpg,0,0,0,,,0.0,,,,-2.1
0,Jay Williams,2002-03,21.0,['CHI'],NBA,PG,75.0,54.0,26.1,3.6,9.1,0.399,0.9,2.7,0.322,2.8,6.4,0.431,0.446,1.4,2.1,0.64,0.4,2.2,2.6,4.7,0.2,2.3,2.4,9.5,0,26.0,14.0,13.0,['DUKE'],,0,0,0,2,2002,1.1,6.0,1.0,2.0,27.1
0,Gerald Wilkins,1985-86,22.0,['NYK' 'CLE' 'VAN' 'ORL'],NBA,SG,82.0,82.0,34.5,7.9,16.3,0.486,1.0,2.6,0.396,7.6,15.4,0.494,0.501,2.9,4.2,1.0,1.6,2.9,4.5,4.4,0.5,2.7,2.7,19.1,0,43.0,14.0,13.0,['UTCHAT'],,0,0,0,23,1985,1.4,7.0,,4.0,34.6
0,Sonny Weems,2008-09,22.0,['DEN' 'TOR' 'TOT' 'PHO' 'PHI'],NBA,SG,69.0,28.0,23.9,3.9,8.7,0.515,0.4,1.3,0.406,3.6,7.7,0.528,0.517,1.2,1.6,0.766,0.7,2.2,2.8,1.8,0.4,1.5,1.8,9.2,1,25.0,11.0,6.0,['ARKANSAS'],https://www.basketball-reference.com/req/202106291/images/headshots/weemsso01.jpg,0,0,0,9,2008,0.6,3.0,,2.0,19.0
0,Ziaire Williams,2021-22,20.0,['MEM'],NBA,SF,62.0,31.0,21.7,3.1,6.8,0.45,1.2,3.9,0.314,1.9,2.9,0.632,0.54,0.7,0.9,0.782,0.4,1.7,2.1,1.0,0.2,1.0,1.8,8.1,0,24.0,9.0,9.0,['STANFORD'],https://www.basketball-reference.com/req/202106291/images/headshots/willizi02.jpg,0,0,0,10,2021,0.6,2.0,,2.0,21.1
0,Qyntel Woods,2002-03,21.0,['POR' 'MIA' 'NYK'],NBA,PF,62.0,16.0,20.7,2.6,5.2,0.508,0.4,1.2,0.367,2.2,4.0,0.552,0.551,1.0,1.6,0.645,0.9,3.0,3.9,1.0,0.3,1.2,2.0,6.7,0,24.0,12.0,5.0,['NEMISSCC'],,0,0,0,21,2002,1.3,4.0,,2.0,23.9
0,Grant Williams,2019-20,21.0,['BOS'],NBA,PF,79.0,23.0,25.9,2.7,6.0,0.475,1.5,3.7,0.411,1.3,2.3,0.569,0.597,1.2,1.5,0.905,1.1,3.5,4.6,1.7,0.7,1.0,2.6,8.1,0,25.0,10.0,6.0,['TENNESSEE'],https://www.basketball-reference.com/req/202106291/images/headshots/willigr01.jpg,0,0,0,22,2019,0.5,3.0,,3.0,17.8
0,Travis Williams,1997-98,28.0,['CHH'],NBA,SF,39.0,0.0,9.4,1.4,3.1,0.471,0.0,0.0,0.0,1.4,3.0,0.475,0.471,0.6,1.2,0.75,1.4,1.6,2.4,0.5,0.1,0.8,1.4,3.5,0,11.0,7.0,2.0,['SCSTATE'],,0,0,0,,,0.5,4.0,,1.0,11.8
0,Tremont Waters,2019-20,22.0,['BOS' 'TOT' 'TOR' 'WAS'],NBA,PG,26.0,3.0,21.0,1.5,6.0,0.5,1.0,4.5,0.395,1.0,2.3,0.5,0.5,0.7,0.7,1.0,0.2,2.0,2.0,3.5,0.2,2.0,2.0,4.0,1,17.0,5.0,7.0,['LSU'],https://www.basketball-reference.com/req/202106291/images/headshots/watertr01.jpg,0,0,0,21,2019,2.0,5.0,,2.0,14.3
0,Jeff Wilkins,1977-78,22.0,['UTA' 'TOT' 'SAS'],Did Not Play (other pro league—Italy),Did Not Play (other pro league—Italy),82.0,62.0,28.5,4.8,10.1,0.49,0.0,0.0,0.0,4.8,10.0,0.491,0.49,1.9,2.5,0.78,1.9,6.0,7.5,1.6,0.9,2.3,3.1,11.5,1,37.0,20.0,8.0,['ILLINOISST'],,0,0,0,15,1977,0.6,4.0,,5.0,29.3
0,Jeff Webster,1995-96,24.0,['WSB'],NBA,SF,11.0,0.0,5.3,0.7,2.1,0.348,0.2,0.5,0.333,0.5,1.5,0.353,0.391,0.0,0.0,,0.2,0.5,0.6,0.3,0.0,0.3,0.6,1.6,0,12.0,2.0,1.0,['OKLAHOMA'],,0,0,0,13,1994,0.4,2.0,,,9.0
0,Bonzi Wells,1998-99,22.0,['POR' 'TOT' 'MEM' 'SAC' 'HOU' 'NOH'],NBA,SF,75.0,69.0,32.4,6.6,14.0,0.55,0.9,2.3,0.384,5.7,12.8,0.588,0.575,3.0,4.2,0.778,2.7,5.0,7.7,3.3,0.5,2.9,3.0,17.0,1,37.0,18.0,9.0,['BALLST'],https://www.basketball-reference.com/req/202106291/images/headshots/wellsbo01.jpg,0,0,0,11,1998,1.8,8.0,,3.0,32.7
0,Joe Wolf,1987-88,23.0,['LAC' 'DEN' 'TOT' 'BOS' 'POR' 'CHH' 'ORL' 'MIL'],NBA,C,77.0,38.0,27.1,3.2,8.0,0.515,0.1,0.4,0.333,3.2,7.6,0.527,0.515,1.1,1.3,0.857,1.8,3.6,5.4,2.3,0.5,2.0,3.3,7.6,1,23.0,16.0,7.0,['UNC'],,0,0,0,13,1987,2.0,4.0,,4.0,23.3
0,Randy White,1989-90,22.0,['DAL'],NBA,PF,79.0,29.0,24.1,3.7,8.4,0.435,0.3,1.1,0.3,3.5,7.9,0.452,0.444,2.2,2.9,0.765,2.4,4.2,6.4,0.8,0.7,1.7,3.9,9.7,0,31.0,15.0,3.0,['LATECH'],,0,0,0,8,1989,1.0,4.0,,4.0,27.1
0,Willie Warren,2010-11,21.0,['LAC'],NBA,PG,19.0,0.0,7.1,0.7,1.8,0.371,0.3,0.8,0.333,0.4,1.1,0.4,0.443,0.3,0.4,0.75,0.1,0.6,0.6,1.4,0.0,0.4,0.8,1.9,0,6.0,3.0,6.0,['OKLAHOMA'],https://www.basketball-reference.com/req/202106291/images/headshots/warrewi01.jpg,0,0,0,24,2010,0.3,2.0,,,5.3
0,Mark Williams,2022-23,21.0,['CHO'],NBA,C,43.0,17.0,19.3,3.7,5.8,0.637,0.0,0.0,,3.7,5.8,0.637,0.637,1.6,2.3,0.691,2.2,4.9,7.1,0.4,1.0,0.9,2.2,9.0,0,22.0,20.0,3.0,['DUKE'],https://www.basketball-reference.com/req/202106291/images/headshots/willima07.jpg,0,0,0,15,2022,0.7,3.0,,5.0,22.6
0,Hawkeye Whitney,1980-81,23.0,['KCK'],NBA,SG,47.0,4.0,16.6,3.2,6.5,0.487,0.0,0.1,0.333,3.1,6.4,0.49,0.49,1.1,1.4,0.769,0.6,1.6,2.3,1.4,0.1,1.0,2.1,7.4,0,20.0,6.0,6.0,['NCSTATE'],,0,0,0,16,1980,1.0,5.0,,1.0,14.1
0,Chris Wright,2011-12,23.0,['GSW' 'MIL'],NBA,SF,24.0,1.0,15.8,2.6,4.4,0.6,0.0,0.1,0.0,2.6,4.3,0.618,0.6,1.0,1.9,0.774,1.3,1.3,2.5,0.6,0.6,0.6,2.1,6.0,0,25.0,8.0,3.0,['DAYTON'],https://www.basketball-reference.com/req/202106291/images/headshots/wrighch01.jpg,0,0,0,,,0.9,3.0,,4.0,23.0
0,James Webb III,2017-18,24.0,['BRK'],NBA,SF,10.0,0.0,12.0,0.6,2.4,0.25,0.4,1.9,0.211,0.2,0.5,0.4,0.333,0.0,0.0,,0.8,1.6,2.4,0.4,0.0,0.4,1.0,1.6,0,6.0,6.0,1.0,['BOISEST'],https://www.basketball-reference.com/req/202106291/images/headshots/webbja01.jpg,0,0,0,,,0.1,1.0,,,5.2
0,Quinndary Weatherspoon,2019-20,23.0,['SAS' 'GSW'],NBA,SG,20.0,0.0,7.1,1.1,1.9,0.571,0.1,0.5,0.2,1.0,1.5,0.688,0.595,0.7,0.8,1.0,0.2,1.1,1.3,1.0,0.1,0.5,1.4,2.7,0,13.0,5.0,3.0,['MISSST'],https://www.basketball-reference.com/req/202106291/images/headshots/weathqu01.jpg,0,1,0,19,2019,0.4,3.0,,1.0,11.5
0,Tony Windis,1959-60,27.0,['DET'],NBA,PG,9.0,,21.4,1.8,6.7,0.267,,,,,,,,0.4,0.7,0.667,,,5.2,3.6,,,2.2,4.0,0,9.0,7.0,6.0,['WYOMING'],,0,0,0,2,1959,,,,,
0,Clinton Wheeler,1987-88,28.0,['IND' 'TOT' 'MIA' 'POR'],NBA,PG,59.0,0.0,17.9,3.0,5.3,0.571,0.0,0.1,0.0,3.0,5.3,0.571,0.571,1.0,1.3,0.8,0.6,0.9,1.5,2.6,0.0,0.9,1.1,7.0,1,18.0,4.0,7.0,['WPATERSON'],,0,0,0,12,1981,1.0,5.0,,1.0,19.2
0,Bubba Wells,1997-98,23.0,['DAL'],NBA,SG,39.0,2.0,10.1,1.2,3.0,0.414,0.0,0.2,0.167,1.2,2.8,0.427,0.418,0.8,1.1,0.721,0.6,1.2,1.7,0.9,0.1,0.8,1.0,3.3,0,21.0,9.0,7.0,['AUSTINPEAY'],,0,0,0,6,1997,0.4,2.0,,1.0,22.6
0,M.J. Walker,2021-22,23.0,['PHO'],NBA,SG,2.0,0.0,4.0,0.0,2.0,0.0,0.0,1.0,0.0,0.0,1.0,0.0,0.0,0.0,0.0,,0.0,0.5,0.5,0.5,0.0,0.0,0.5,0.0,0,,1.0,1.0,['FLORIDAST'],https://www.basketball-reference.com/req/202106291/images/headshots/walkemj01.jpg,0,0,0,,,1.0,2.0,,,0.5
0,Bob Weiss,1965-66,23.0,['PHI' 'SEA' 'TOT' 'MIL' 'CHI' 'BUF' 'WSB'],NBA,,82.0,,31.0,4.5,10.4,0.5,,,,,,,,2.8,3.3,0.842,0.4,1.1,2.8,5.8,0.3,,2.6,11.5,1,30.0,9.0,14.0,['PENNST'],https://www.basketball-reference.com/req/202106291/images/headshots/weissbo01.jpg,0,1,0,5,1965,1.3,7.0,,2.0,
0,Randy Wittman,1983-84,24.0,['ATL' 'TOT' 'SAC' 'IND'],NBA,SG,82.0,82.0,34.1,5.8,11.2,0.531,0.1,0.2,0.5,5.7,11.0,0.536,0.534,1.4,1.8,0.833,0.6,1.6,2.1,3.8,0.2,1.4,1.5,12.9,1,30.0,7.0,12.0,['INDIANA'],,0,0,0,22,1983,1.0,3.0,,2.0,24.2
0,Von Wafer,2005-06,20.0,['LAL' 'LAC' 'TOT' 'DEN' 'POR' 'HOU' 'BOS' 'ORL'],NBA,SG,63.0,11.0,19.4,3.6,8.1,0.452,1.0,2.6,0.39,2.6,5.5,0.533,0.51,1.4,1.9,0.842,0.3,1.5,1.8,1.1,0.3,1.1,1.1,9.7,1,23.0,8.0,5.0,['FLORIDAST'],https://www.basketball-reference.com/req/202106291/images/headshots/wafervo01.jpg,0,0,0,9,2005,0.6,3.0,,2.0,17.9
0,Troy Williams,2016-17,22.0,['TOT' 'MEM' 'HOU' 'NYK' 'SAC'],NBA,SF,30.0,16.0,23.2,3.7,7.3,0.5,1.3,3.5,0.381,2.3,3.9,0.609,0.591,1.1,1.6,0.857,1.5,2.5,4.0,1.0,0.4,1.1,3.0,9.7,1,21.0,9.0,3.0,['INDIANA'],https://www.basketball-reference.com/req/202106291/images/headshots/willitr02.jpg,0,0,0,,,1.1,3.0,,2.0,17.0
0,Trevor Wilson,1990-91,22.0,['ATL' 'TOT' 'LAL' 'SAC' 'PHI'],NBA,PF,57.0,13.0,25.2,3.8,7.8,0.5,0.0,0.1,0.0,3.8,7.8,0.5,0.5,2.6,5.0,0.786,2.4,3.2,5.6,2.4,0.2,1.7,3.4,10.2,1,25.0,14.0,5.0,['UCLA'],,0,0,0,9,1990,1.0,2.0,,1.0,22.6
0,Joe Wieskamp,2021-22,22.0,['SAS' 'TOR'],NBA,SG,29.0,0.0,7.1,0.7,1.9,0.357,0.5,1.5,0.326,0.2,0.4,0.462,0.482,0.2,0.4,0.538,0.1,0.4,0.5,0.3,0.1,0.1,0.5,2.1,0,13.0,2.0,2.0,['IOWA'],https://www.basketball-reference.com/req/202106291/images/headshots/wieskjo01.jpg,0,0,0,11,2021,0.1,1.0,,1.0,11.8
0,Chris Washburn,1986-87,21.0,['GSW' 'TOT' 'ATL'],NBA,C,37.0,2.0,11.0,1.8,4.1,0.449,0.0,0.0,0.0,1.8,4.1,0.449,0.449,0.6,1.5,0.625,1.1,1.9,2.9,0.5,0.3,1.1,1.5,4.1,1,17.0,12.0,2.0,['NCSTATE'],,0,0,0,3,1986,0.2,2.0,,2.0,13.3
0,Brant Weidner,1983-84,23.0,['SAS'],NBA,PF,8.0,0.0,4.8,0.3,1.1,0.222,0.0,0.0,,0.3,1.1,0.222,0.222,0.5,0.5,1.0,0.5,0.9,1.4,0.0,0.3,0.3,0.6,1.0,0,2.0,3.0,,['WILLMARY'],,0,0,0,20,1983,0.0,,,1.0,2.3
0,Bob Williams,1955-56,24.0,['MNL'],NBA,,20.0,,8.7,1.1,2.3,0.457,,,,,,,,1.2,2.3,0.667,,,2.7,0.4,,,1.8,3.3,0,8.0,8.0,,,,0,0,0,,,,,,,
0,Rick Weitzman,1967-68,21.0,['BOS'],NBA,SG,25.0,,3.0,0.5,1.8,0.261,,,,,,,,0.4,0.5,0.692,,,0.4,0.3,,,0.3,1.3,0,6.0,2.0,2.0,,,0,1,0,8,1967,,,,,
0,Kyle Wiltjer,2016-17,24.0,['HOU'],NBA,PF,14.0,0.0,3.1,0.3,1.0,0.286,0.3,0.9,0.308,0.0,0.1,0.0,0.429,0.1,0.1,0.5,0.3,0.4,0.7,0.1,0.1,0.4,0.3,0.9,0,7.0,2.0,1.0,['KENTUCKY' 'GONZAGA'],https://www.basketball-reference.com/req/202106291/images/headshots/wiltjky01.jpg,0,0,0,,,0.2,2.0,,1.0,7.4
0,Dedric Willoughby,1999-00,25.0,['CHI'],NBA,PG,25.0,1.0,20.3,2.4,7.2,0.341,1.2,3.9,0.296,1.3,3.2,0.395,0.422,1.6,2.0,0.765,0.4,1.6,2.0,2.6,0.1,1.5,1.3,7.6,0,21.0,5.0,8.0,['NORLEANS' 'IOWAST'],,0,0,0,,,0.9,3.0,,1.0,23.3
0,Kenny Williams,1990-91,21.0,['IND'],NBA,PF,75.0,6.0,14.8,2.8,5.8,0.532,0.0,0.1,0.0,2.8,5.7,0.538,0.532,0.8,1.2,0.706,1.8,2.2,4.0,0.8,0.8,0.7,1.7,6.3,0,25.0,13.0,7.0,['BARTONCCC'],,0,0,0,19,1990,0.4,4.0,,5.0,23.4
0,Michael Wilson,1983-84,24.0,['WSB' 'TOT' 'CLE' 'NJN' 'ATL'],NBA,PG,19.0,0.0,15.9,2.5,4.9,0.5,0.0,0.2,0.0,2.5,4.9,0.5,0.5,2.1,2.7,1.0,0.9,1.1,1.6,2.2,0.3,1.4,1.8,7.0,1,13.0,6.0,5.0,['MARQUETTE'],,0,0,0,1,1982,0.9,2.0,,1.0,11.5
0,Jawad Williams,2008-09,25.0,['CLE'],NBA,SF,54.0,6.0,15.0,1.6,4.8,0.417,0.6,1.7,0.333,1.1,3.1,0.5,0.5,0.6,0.8,0.75,0.3,1.6,1.8,0.8,0.1,0.6,1.4,4.1,0,17.0,6.0,5.0,['UNC'],https://www.basketball-reference.com/req/202106291/images/headshots/willija04.jpg,0,0,0,,,0.3,3.0,,2.0,13.9
0,Moritz Wagner,2018-19,21.0,['LAL' 'WAS' 'TOT' 'BOS' 'ORL'],NBA,C,63.0,24.0,26.0,3.5,8.5,0.545,1.5,3.9,0.372,2.7,4.5,0.672,0.592,2.7,3.2,0.879,1.2,3.9,4.9,1.5,0.8,1.5,3.4,11.0,1,30.0,15.0,8.0,['MICHIGAN'],https://www.basketball-reference.com/req/202106291/images/headshots/wagnemo01.jpg,0,0,0,25,2018,0.9,4.0,,3.0,28.3
0,Ben Warley,1962-63,26.0,['SYR' 'PHI' 'TOT' 'BAL' 'ANA' 'LAS' 'DNR'],NBA,PF,79.0,,32.4,6.1,13.9,0.45,0.9,3.5,0.313,5.4,11.5,0.468,0.468,4.4,5.5,0.805,1.5,4.1,8.6,1.4,,2.3,3.9,17.4,1,43.0,21.0,7.0,,,1,0,0,3,1960,,,,,
0,Ron Watts,1965-66,22.0,['BOS'],NBA,,27.0,,3.3,1.0,2.0,0.5,,,,,,,,0.6,0.9,0.696,,,1.4,1.0,,,1.0,2.0,0,5.0,5.0,1.0,,,0,0,0,9,1965,,,,,
0,Jim Washington,1965-66,22.0,['STL' 'CHI' 'PHI' 'TOT' 'ATL' 'BUF'],NBA,PF,84.0,,37.8,5.5,12.8,0.485,,,,,,,,3.3,4.5,0.821,2.8,7.2,10.7,2.3,1.0,,3.5,14.0,1,34.0,27.0,8.0,['VILLANOVA'],,0,0,0,8,1965,0.7,3.0,,3.0,
0,Rory White,1982-83,23.0,['PHO' 'TOT' 'MIL' 'SDC' 'LAC'],NBA,SF,80.0,35.0,23.5,4.7,9.1,0.543,0.0,0.1,0.111,4.7,9.0,0.545,0.543,2.2,3.0,0.739,1.4,1.5,2.9,1.2,0.3,1.3,2.3,11.7,1,32.0,10.0,6.0,['SALABAMA'],,0,0,0,17,1982,1.0,4.0,,4.0,23.8
0,Rick Wilson,1978-79,22.0,['ATL'],NBA,SG,61.0,,11.8,1.3,3.2,0.411,0.0,0.0,,1.3,3.2,0.411,0.411,0.8,1.2,0.667,0.4,0.9,1.2,2.2,0.2,1.6,1.1,3.0,0,10.0,6.0,5.0,['LOUISVILLE'],,0,0,0,3,1978,0.8,2.0,,1.0,7.0
0,Lonnie Walker IV,2018-19,20.0,['SAS' 'LAL'],NBA,SG,70.0,38.0,25.4,4.4,10.9,0.448,1.7,5.0,0.406,2.9,5.9,0.522,0.534,1.7,2.1,0.858,0.4,2.4,2.6,2.2,0.3,1.1,1.7,12.1,0,31.0,8.0,6.0,['MIAMIFL'],https://www.basketball-reference.com/req/202106291/images/headshots/walkelo01.jpg,0,0,0,18,2018,0.6,3.0,,3.0,25.0
0,Cliff Williams,1968-69,23.0,['DET'],NBA,,3.0,,6.0,0.7,3.0,0.222,,,,,,,,0.0,0.0,,,,1.0,0.7,,,2.3,1.3,0,4.0,,,['BOWLGREEN'],,0,0,0,,,,,,,
0,C.J. Wilcox,2014-15,24.0,['LAC' 'ORL'],NBA,SG,23.0,0.0,7.3,1.1,2.9,0.421,0.4,1.0,0.391,0.7,1.9,0.474,0.513,0.4,0.5,1.0,0.2,0.5,0.5,0.5,0.1,0.5,0.7,3.0,0,19.0,3.0,2.0,['WASHINGTON'],https://www.basketball-reference.com/req/202106291/images/headshots/wilcocj01.jpg,0,0,0,28,2014,0.4,3.0,,1.0,14.2
0,Jeenathan Williams,2022-23,23.0,['POR'],NBA,SG,5.0,4.0,25.4,4.8,7.8,0.615,0.6,1.6,0.375,4.2,6.2,0.677,0.654,0.4,0.6,0.667,2.0,1.0,3.0,2.0,0.4,0.8,2.6,10.6,0,17.0,5.0,4.0,,,0,0,0,,,0.6,3.0,,2.0,14.5
0,Julian Wright,2007-08,20.0,['NOH' 'TOR'],NBA,SF,68.0,19.0,14.7,2.0,4.3,0.533,0.2,0.4,0.417,2.0,3.9,0.552,0.562,0.6,0.9,0.635,0.9,2.0,2.8,1.1,0.4,0.8,0.9,4.4,0,20.0,14.0,5.0,['KANSAS'],https://www.basketball-reference.com/req/202106291/images/headshots/wrighju01.jpg,0,0,0,13,2007,0.8,5.0,,4.0,21.2
0,Darrell Walker,1983-84,22.0,['NYK' 'DEN' 'WSB' 'DET' 'TOT' 'CHI'],NBA,PG,82.0,81.0,35.6,5.2,12.1,0.482,0.0,0.3,0.267,5.2,11.9,0.485,0.482,3.4,4.5,0.791,2.1,6.7,8.8,8.0,0.5,2.5,3.0,13.5,1,39.0,17.0,17.0,['ARKANSAS'],,0,1,0,12,1983,2.0,7.0,15.0,4.0,32.1
0,Clarence Weatherspoon,1992-93,22.0,['PHI' 'TOT' 'GSW' 'MIA' 'CLE' 'NYK' 'HOU'],NBA,SF,82.0,82.0,39.7,7.3,16.3,0.534,0.1,0.3,0.25,7.3,16.0,0.534,0.534,4.1,5.5,0.947,3.1,7.0,10.1,2.8,1.4,2.5,2.8,18.4,1,35.0,24.0,13.0,['SMISS'],,0,0,0,9,1992,1.5,7.0,1.0,7.0,32.2
0,Kevin Williams,1983-84,22.0,['SAS' 'CLE' 'SEA' 'TOT' 'NJN' 'LAC'],NBA,SG,80.0,9.0,13.6,2.5,5.6,0.446,0.0,0.1,0.167,2.5,5.5,0.457,0.446,1.3,1.7,0.844,1.0,1.2,2.2,2.3,0.3,1.2,2.6,6.3,1,21.0,10.0,9.0,['STJOHNS'],,0,0,0,22,1983,0.8,4.0,,2.0,19.1
0,Dexter Westbrook,1967-68,,['TOT' 'NJA' 'PTP'],ABA,,12.0,,13.6,1.7,4.0,0.632,0.0,0.0,,1.7,4.0,0.632,0.632,1.0,1.3,0.778,,,2.8,0.6,,1.2,2.8,4.4,1,8.0,5.0,,['PROVIDENCE'],,0,0,0,1,1967,,,,,
0,Duck Williams,1979-80,23.0,['UTA'],NBA,PG,77.0,,23.3,3.0,6.7,0.447,0.0,0.2,0.0,3.0,6.6,0.458,0.447,0.5,0.8,0.7,0.3,1.1,1.4,2.4,0.1,1.4,2.2,6.6,0,22.0,5.0,9.0,['NOTREDAME'],,0,0,0,8,1978,1.3,6.0,,3.0,21.9
0,Leon Wood,1984-85,22.0,['PHI' 'TOT' 'WSB' 'NJN' 'SAS' 'ATL' 'SAC'],NBA,PG,76.0,8.0,22.8,3.3,8.5,0.533,1.1,3.2,0.474,2.5,6.3,0.636,0.683,2.5,3.1,0.905,0.4,1.3,1.6,4.9,0.0,1.7,1.7,9.7,1,30.0,7.0,13.0,['ARIZONA' 'CALSTFULL'],,0,0,0,10,1984,0.6,4.0,,1.0,28.0
0,Ben Wallace,1996-97,22.0,['WSB' 'WAS' 'ORL' 'DET' 'CHI' 'TOT' 'CLE'],NBA,PF,82.0,82.0,39.4,4.0,9.2,0.578,0.0,0.1,0.5,4.0,9.1,0.578,0.578,1.8,4.1,0.49,4.0,11.4,15.4,2.4,3.5,1.5,2.5,9.7,1,23.0,28.0,8.0,['VAUNION'],https://www.basketball-reference.com/req/202106291/images/headshots/wallabe01.jpg,4,1,0,,,1.8,6.0,2.0,10.0,29.1
0,Chris Whitney,1993-94,22.0,['SAS' 'WSB' 'WAS' 'TOT' 'DEN' 'ORL'],NBA,PG,82.0,81.0,26.5,3.3,9.0,0.455,1.6,4.4,0.444,1.8,4.6,0.525,0.551,2.0,2.1,1.0,0.2,1.7,1.9,4.3,0.1,1.9,2.7,10.2,1,29.0,8.0,14.0,['CLEMSON'],,0,0,0,20,1993,0.9,6.0,,1.0,30.2
0,Lindell Wigginton,2021-22,23.0,['MIL'],NBA,PG,19.0,1.0,12.4,2.6,5.3,0.486,0.9,2.6,0.346,1.7,2.7,0.632,0.568,1.1,1.8,0.889,0.2,1.2,1.3,2.0,0.3,1.7,1.0,7.1,0,25.0,5.0,11.0,['IOWAST'],https://www.basketball-reference.com/req/202106291/images/headshots/wiggili01.jpg,0,0,0,,,0.3,1.0,,1.0,18.7
0,Blake Wesley,2022-23,19.0,['SAS'],NBA,SG,37.0,1.0,18.1,1.9,5.8,0.321,0.5,1.4,0.385,1.3,4.4,0.301,0.367,0.7,1.2,0.591,0.3,1.9,2.2,2.7,0.1,1.8,1.8,5.0,0,14.0,6.0,9.0,['NOTREDAME'],https://www.basketball-reference.com/req/202106291/images/headshots/weslebl01.jpg,0,0,0,25,2022,0.7,3.0,,2.0,12.9
0,Alvin Williams,1997-98,23.0,['TOT' 'POR' 'TOR' 'LAC'],NBA,SG,82.0,82.0,35.7,5.1,11.8,0.458,0.8,2.4,0.5,4.5,9.7,0.477,0.473,2.4,3.1,0.846,0.7,3.0,3.4,5.7,0.3,1.8,2.3,13.2,1,32.0,11.0,14.0,['VILLANOVA'],https://www.basketball-reference.com/req/202106291/images/headshots/willial02.jpg,0,0,0,19,1997,1.6,5.0,1.0,3.0,28.1
0,Jerome Williams,1996-97,23.0,['DET' 'TOT' 'TOR' 'CHI' 'NYK'],NBA,PF,82.0,63.0,33.0,3.8,7.5,0.564,0.0,0.1,0.167,3.7,7.5,0.567,0.564,2.2,4.0,0.778,3.4,6.2,9.6,1.3,0.4,1.5,2.8,9.7,1,30.0,21.0,4.0,['GEORGETOWN'],https://www.basketball-reference.com/req/202106291/images/headshots/willije01.jpg,0,0,0,26,1996,1.6,8.0,,3.0,29.1
0,Granville Waiters,1983-84,23.0,['IND' 'HOU' 'CHI'],NBA,C,78.0,26.0,13.3,1.6,3.1,0.517,0.0,0.0,0.0,1.6,3.0,0.519,0.517,0.5,0.8,0.608,0.9,2.1,2.9,0.8,1.1,0.9,2.1,3.6,0,14.0,10.0,3.0,['OHIOST'],,0,0,0,15,1983,0.3,3.0,,5.0,15.4
0,Robert Werdann,1992-93,22.0,['DEN' 'NJN'],NBA,C,28.0,0.0,7.2,1.2,2.5,0.5,0.0,0.0,0.0,1.2,2.5,0.5,0.5,0.6,1.1,1.0,0.8,1.4,1.9,0.3,0.2,0.5,1.7,3.0,0,10.0,7.0,2.0,['STJOHNS'],,0,0,0,19,1992,0.4,2.0,,2.0,7.0
0,Bob Woollard,1969-70,29.0,['MMF'],ABA,C,19.0,,12.3,1.7,4.3,0.39,0.0,0.1,0.0,1.7,4.3,0.395,0.39,1.1,1.3,0.8,1.3,2.3,3.6,0.3,,0.8,2.2,4.4,0,16.0,9.0,,['WAKE'],,0,0,0,1,1963,,,,,
0,Owen Wells,1974-75,24.0,['HOU'],NBA,SF,33.0,,6.5,1.3,3.0,0.42,,,,,,,,0.5,0.7,0.682,0.4,0.7,1.1,0.7,0.1,,1.2,3.0,0,12.0,5.0,5.0,['DETROIT'],,0,0,0,5,1974,0.3,2.0,,1.0,
0,Jerry West,1960-61,22.0,['LAL'],NBA,SG,79.0,,42.0,11.2,23.9,0.514,,,,,,,,10.6,12.4,0.878,1.0,2.8,7.9,9.7,0.7,,3.1,31.3,0,63.0,24.0,23.0,['WVIRGINIA'],https://www.basketball-reference.com/req/202106291/images/headshots/westje01.jpg,14,1,1,2,1960,2.6,10.0,16.0,1.0,
0,Paul Walther,1949-50,22.0,['TOT' 'MNL' 'INO' 'PHW' 'FTW'],NBA,SG,68.0,,36.8,4.0,10.1,0.401,,,,,,,,4.2,5.6,0.75,,,4.5,3.6,,,3.9,12.2,1,26.0,10.0,11.0,['TENNESSEE'],,1,0,0,,1949,,,,,
0,P.J. Washington,2019-20,21.0,['CHO'],NBA,PF,73.0,73.0,32.6,5.9,13.4,0.47,2.0,5.9,0.386,3.9,7.5,0.606,0.573,1.7,2.4,0.745,1.5,5.1,6.5,2.5,1.2,2.0,2.7,15.7,0,43.0,14.0,7.0,['KENTUCKY'],https://www.basketball-reference.com/req/202106291/images/headshots/washipj01.jpg,0,0,0,12,2019,1.1,4.0,,6.0,37.6
0,Jabari Walker,2022-23,20.0,['POR'],NBA,SF,56.0,0.0,11.1,1.5,3.5,0.419,0.3,1.0,0.286,1.2,2.5,0.472,0.46,0.6,0.8,0.756,0.9,1.5,2.3,0.6,0.2,0.5,1.2,3.9,0,16.0,7.0,3.0,['COLORADO'],https://www.basketball-reference.com/req/202106291/images/headshots/walkeja01.jpg,0,0,0,27,2022,0.2,1.0,,2.0,9.7
0,Patrick Williams,2020-21,19.0,['CHI'],NBA,PF,82.0,71.0,28.3,3.8,8.3,0.529,1.4,3.4,0.517,2.8,5.5,0.534,0.603,1.8,2.4,0.857,1.0,3.7,4.6,1.4,0.9,1.4,1.8,10.2,0,35.0,14.0,5.0,['FLORIDAST'],https://www.basketball-reference.com/req/202106291/images/headshots/willipa01.jpg,0,0,0,4,2020,0.9,4.0,,4.0,22.4
0,Jim Walsh,1957-58,27.0,['PHW'],NBA,,10.0,,7.2,0.5,2.7,0.185,,,,,,,,1.0,1.7,0.588,,,1.5,0.8,,,0.9,2.0,0,7.0,6.0,3.0,['STANFORD'],,0,0,0,,1952,,,,,
0,Rasheed Wallace,1995-96,21.0,['WSB' 'POR' 'TOT' 'ATL' 'DET' 'BOS' 'NYK'],NBA,PF,81.0,80.0,42.0,8.0,24.0,0.558,1.9,6.0,0.419,7.0,18.0,0.573,0.565,3.2,4.3,1.0,2.2,6.6,8.2,2.8,5.0,3.0,3.6,20.0,1,42.0,18.0,8.0,['UNC'],https://www.basketball-reference.com/req/202106291/images/headshots/wallara01.jpg,4,1,0,4,1995,1.3,6.0,,6.0,37.6
0,Skip Wise,1975-76,20.0,['SAA'],ABA,PG,2.0,,5.0,1.0,2.0,0.5,0.0,0.0,,1.0,2.0,0.5,0.5,0.0,0.0,,0.5,1.0,1.5,0.5,0.0,1.0,2.0,2.0,0,2.0,2.0,1.0,['CLEMSON'],,0,0,0,,,0.0,,,,
0,George Wilson,1964-65,22.0,['CIN' 'TOT' 'CHI' 'SEA' 'PHO' 'PHI' 'BUF'],NBA,C,79.0,,31.6,4.7,11.7,0.445,,,,,,,,2.3,3.7,0.813,,,12.3,1.9,,,3.5,11.6,1,33.0,24.0,6.0,['CINCY'],,0,0,0,8,1964,,,,,
0,Aaron Williams,1993-94,22.0,['UTA' 'MIL' 'TOT' 'DEN' 'VAN' 'SEA' 'WAS' 'NJN' 'TOR' 'NOK' 'LAC'],NBA,PF,82.0,25.0,28.5,3.6,7.9,0.6,0.0,0.1,0.333,3.6,7.9,0.6,0.6,3.0,3.8,0.9,2.6,4.6,7.2,1.1,3.0,4.0,3.9,10.2,1,27.0,19.0,6.0,['XAVIER'],,0,0,0,,,0.7,4.0,,5.0,21.5
0,Bobby Washington,1969-70,22.0,['KEN' 'CLE'],ABA,PG,69.0,,17.5,2.6,6.6,0.398,0.0,0.0,,2.6,6.6,0.398,0.398,2.2,3.0,0.813,0.0,0.0,2.2,4.0,,0.5,2.2,7.4,0,26.0,9.0,20.0,['EKENTUCKY'],,0,0,0,,,,,,,
0,Scott Wedman,1974-75,22.0,['KCO' 'KCK' 'CLE' 'TOT' 'BOS'],NBA,SF,82.0,39.0,36.9,8.5,17.7,0.534,0.3,1.0,0.5,8.3,16.8,0.534,0.534,3.0,3.7,0.87,2.5,5.0,7.4,2.8,0.7,2.7,4.1,19.0,1,45.0,18.0,11.0,['COLORADO'],https://www.basketball-reference.com/req/202106291/images/headshots/wedmasc01.jpg,2,2,0,6,1974,1.4,6.0,,4.0,31.0
0,Howie Wright,1970-71,23.0,['KEN'],ABA,SG,52.0,,11.8,1.8,4.7,0.384,0.2,0.8,0.214,1.6,3.9,0.419,0.402,0.8,1.0,0.816,0.4,1.1,1.5,1.2,,1.1,1.7,4.6,0,18.0,5.0,5.0,,,0,0,0,17,1970,,,,,
0,Bobby Wanzer,1948-49,27.0,['ROC'],BAA,,72.0,,37.8,5.0,12.4,0.469,,,,,,,,5.7,6.8,0.904,,,5.4,4.0,,,3.0,15.7,0,30.0,11.0,9.0,,https://www.basketball-reference.com/req/202106291/images/headshots/wanzebo01.jpg,5,1,0,10,1948,,,,,
0,Mario West,2007-08,23.0,['ATL' 'NJN'],NBA,SG,64.0,3.0,19.3,1.5,3.5,0.571,0.2,0.7,1.0,1.3,2.8,0.6,0.571,0.5,0.8,0.654,0.5,1.5,1.8,1.7,0.1,0.3,2.2,3.7,0,13.0,7.0,4.0,['GATECH'],https://www.basketball-reference.com/req/202106291/images/headshots/westma02.jpg,0,0,0,,,1.2,5.0,,2.0,11.4
0,Kevin Willis,1984-85,22.0,['ATL' 'TOT' 'MIA' 'GSW' 'HOU' 'TOR' 'DEN' 'SAS' 'DAL'],NBA,PF,82.0,81.0,44.5,8.0,20.5,0.536,0.1,0.5,0.4,8.0,20.0,0.538,0.537,5.0,7.5,1.0,5.2,13.0,18.0,2.1,1.5,3.5,3.9,21.0,1,39.0,33.0,8.0,['MICHIGANST'],https://www.basketball-reference.com/req/202106291/images/headshots/willike02.jpg,1,1,0,11,1984,1.0,5.0,,6.0,40.7
0,Neal Walk,1969-70,21.0,['PHO' 'TOT' 'NOJ' 'NYK'],NBA,C,82.0,,38.4,8.4,18.0,0.491,,,,,,,,3.4,4.4,0.88,2.9,7.3,12.4,4.0,0.7,,4.0,20.2,1,42.0,26.0,9.0,['FLORIDA'],https://www.basketball-reference.com/req/202106291/images/headshots/walkne01.jpg,0,0,0,2,1969,0.9,4.0,,4.0,12.3
0,McKinley Wright IV,2021-22,23.0,['MIN' 'DAL'],NBA,PG,27.0,1.0,12.4,1.7,3.6,0.667,0.3,1.0,0.5,1.4,2.6,1.0,0.833,0.5,0.7,0.684,0.3,1.4,1.7,2.1,0.2,0.7,0.9,4.2,0,13.0,6.0,5.0,['COLORADO'],https://www.basketball-reference.com/req/202106291/images/headshots/wrighmc01.jpg,0,0,0,,,0.3,2.0,,1.0,12.2
0,Jeff Withey,2013-14,23.0,['NOP' 'UTA' 'DAL'],NBA,C,58.0,10.0,12.9,1.7,3.2,0.537,0.2,1.1,0.2,1.7,3.1,0.667,0.537,0.9,1.4,0.75,1.1,2.3,3.4,0.4,1.0,0.5,1.5,4.3,0,17.0,12.0,3.0,['KANSAS'],https://www.basketball-reference.com/req/202106291/images/headshots/witheje01.jpg,0,0,0,9,2013,0.4,3.0,,5.0,16.5
0,Christian Wood,2015-16,20.0,['PHI' 'CHO' 'TOT' 'MIL' 'NOP' 'DET' 'HOU' 'DAL'],NBA,PF,68.0,67.0,32.3,8.0,15.6,0.567,1.9,5.0,0.6,6.1,10.6,0.667,0.62,3.9,5.1,0.772,1.9,8.5,10.1,2.3,1.3,2.0,2.5,21.0,1,39.0,21.0,8.0,['UNLV'],https://www.basketball-reference.com/req/202106291/images/headshots/woodch01.jpg,0,0,0,,,0.9,4.0,,6.0,35.9
0,Justin Wright-Foreman,2019-20,22.0,['UTA'],NBA,PG,4.0,0.0,11.3,1.8,5.0,0.35,0.5,2.5,0.2,1.3,2.5,0.5,0.4,0.8,1.0,0.75,0.0,1.3,1.3,1.8,0.0,0.8,1.3,4.8,0,8.0,2.0,3.0,['HOFSTRA'],https://www.basketball-reference.com/req/202106291/images/headshots/wrighju02.jpg,0,0,0,23,2019,0.5,1.0,,,5.5
0,Brandan Wright,2007-08,20.0,['GSW' 'TOT' 'NJN' 'DAL' 'BOS' 'PHO' 'MEM' 'HOU'],NBA,PF,75.0,23.0,21.5,3.9,6.3,0.748,0.0,0.1,0.0,3.9,6.3,0.748,0.748,1.6,2.2,0.824,1.9,3.1,4.9,1.0,1.6,0.8,3.0,9.1,1,25.0,13.0,4.0,['UNC'],https://www.basketball-reference.com/req/202106291/images/headshots/wrighbr03.jpg,0,0,0,8,2007,0.8,4.0,,7.0,23.6
0,Isaiah Wilson,1971-72,23.0,['DET' 'MMT'],NBA,SG,48.0,,12.9,2.3,5.3,0.428,0.1,0.3,0.375,2.2,5.0,0.43,0.437,1.7,2.1,0.797,0.6,0.7,1.3,2.4,,1.4,1.5,6.3,0,29.0,8.0,12.0,,,0,0,0,12,1971,,,,,
0,Sam Watts,1970-71,22.0,['PTC'],ABA,SG,54.0,,12.0,2.0,5.3,0.38,0.3,0.8,0.341,1.8,4.6,0.386,0.404,0.9,1.2,0.731,0.8,1.0,1.8,0.8,,1.3,2.0,5.2,0,18.0,6.0,2.0,,,0,0,0,,,,,,,
0,David Wear,2014-15,24.0,['SAC'],NBA,PF,2.0,0.0,3.5,0.0,1.0,0.0,0.0,0.5,0.0,0.0,0.5,0.0,0.0,0.0,0.0,,1.0,0.0,1.0,0.5,0.0,0.0,0.5,0.0,0,,1.0,1.0,['UNC' 'UCLA'],https://www.basketball-reference.com/req/202106291/images/headshots/wearda01.jpg,0,0,0,,,0.0,,,,1.4
0,Travis Wear,2014-15,24.0,['NYK' 'LAL'],NBA,SF,51.0,1.0,13.4,1.6,4.2,0.402,1.0,2.8,0.367,1.4,3.5,0.408,0.465,0.5,0.5,1.0,0.6,2.2,2.2,0.8,0.3,0.7,1.8,4.4,0,21.0,8.0,3.0,['UNC' 'UCLA'],https://www.basketball-reference.com/req/202106291/images/headshots/weartr01.jpg,0,0,0,,,0.3,2.0,,3.0,13.1
0,Spud Webb,1985-86,22.0,['ATL' 'SAC' 'TOT' 'MIN' 'ORL'],NBA,PG,82.0,77.0,35.4,5.8,13.1,0.483,1.1,2.8,0.403,4.9,10.5,0.521,0.509,4.0,4.8,1.0,0.6,2.5,2.9,7.1,0.3,3.0,2.6,16.0,1,34.0,9.0,17.0,['MIDLANDCC' 'NCSTATE'],,0,0,0,17,1985,1.6,6.0,,2.0,36.2
0,Robert Williams,2018-19,21.0,['BOS'],NBA,C,61.0,61.0,29.6,4.4,6.0,0.747,0.0,0.0,0.0,4.4,6.0,0.751,0.747,1.1,1.5,0.722,3.9,5.7,9.6,2.0,2.2,1.0,2.2,10.0,0,21.0,17.0,10.0,['TEXASAM'],https://www.basketball-reference.com/req/202106291/images/headshots/williro04.jpg,0,0,0,27,2018,0.9,5.0,1.0,7.0,28.8
0,Sam Williams,1968-69,24.0,['MIL'],NBA,SG,55.0,,11.4,1.4,4.1,0.458,,,,,,,,1.3,2.4,0.537,,,2.0,1.1,,,1.9,4.1,0,19.0,10.0,5.0,['IOWA'],,0,0,0,13,1968,,,,,
0,Eric White,1987-88,22.0,['LAC' 'TOT' 'UTA'],NBA,SF,38.0,4.0,20.7,3.9,7.3,0.532,0.1,0.1,1.0,3.8,7.2,0.528,0.536,2.6,3.4,0.81,1.8,1.8,3.6,0.5,0.2,1.2,1.9,10.5,1,24.0,9.0,3.0,['PEPPERDINE'],,0,0,0,19,1987,0.4,2.0,,1.0,24.5
0,Bob Wilkerson,1976-77,22.0,['SEA' 'DEN' 'CHI' 'CLE'],NBA,SF,81.0,38.0,34.3,5.7,13.7,0.462,0.1,0.5,0.206,5.6,13.3,0.467,0.462,2.2,3.0,0.84,1.3,4.6,5.9,5.4,0.4,3.6,3.4,13.8,0,31.0,16.0,14.0,['INDIANA'],,0,0,0,11,1976,1.6,6.0,,3.0,24.5
0,Henry Ward,1975-76,24.0,['SAA' 'SAS'],ABA,SG,61.0,,11.3,2.5,5.5,0.462,0.1,0.4,0.261,2.4,5.1,0.477,0.471,0.6,0.6,0.882,0.7,1.6,2.3,0.6,0.2,0.7,1.6,5.4,0,16.0,9.0,4.0,,,0,0,0,9,1975,0.3,2.0,,2.0,-1.8
0,Murray Wier,1949-50,23.0,['TRI'],NBA,,56.0,,,2.8,8.6,0.327,,,,,,,,2.1,3.0,0.693,,,,1.9,,,2.5,7.7,0,19.0,,4.0,['IOWA'],,0,0,0,,1948,,,,,
0,Dylan Windler,2020-21,24.0,['CLE'],NBA,SF,50.0,0.0,16.5,1.8,4.2,0.667,0.8,2.5,0.5,1.0,1.7,1.0,0.833,0.7,0.9,0.833,0.6,2.8,3.5,1.1,0.4,1.0,1.2,5.2,0,15.0,10.0,4.0,['BELMONT'],https://www.basketball-reference.com/req/202106291/images/headshots/windldy01.jpg,0,0,0,26,2019,0.6,3.0,,2.0,14.9
0,Lindy Waters III,2021-22,24.0,['OKC'],NBA,SG,41.0,1.0,18.6,2.8,7.0,0.406,2.1,5.8,0.363,0.7,1.2,0.75,0.557,0.4,0.5,0.8,0.4,2.7,2.9,1.0,0.3,0.4,1.2,8.0,0,25.0,7.0,4.0,['OKSTATE'],https://www.basketball-reference.com/req/202106291/images/headshots/waterli01.jpg,0,0,0,,,0.8,3.0,,2.0,18.2
0,Al Wood,1981-82,23.0,['TOT' 'ATL' 'SDC' 'SEA' 'DAL'],NBA,SG,81.0,81.0,31.8,6.4,13.3,0.518,0.2,0.7,0.3,6.4,12.9,0.543,0.524,2.8,3.3,0.823,1.3,2.3,3.5,3.0,0.7,2.1,2.6,15.0,1,35.0,11.0,9.0,['UNC'],,0,0,0,4,1981,1.1,5.0,,3.0,29.0
0,Kyle Weaver,2008-09,22.0,['OKC' 'UTA'],NBA,SG,56.0,19.0,20.8,2.0,5.0,0.459,0.6,1.7,0.429,1.4,3.6,0.529,0.524,1.4,1.6,0.875,0.6,1.8,2.3,1.8,0.5,1.4,1.4,5.6,0,19.0,9.0,7.0,['WASHST'],https://www.basketball-reference.com/req/202106291/images/headshots/weaveky01.jpg,0,0,0,8,2008,0.8,4.0,,3.0,18.3
0,Scott Williams,1990-91,22.0,['CHI' 'PHI' 'TOT' 'MIL' 'DEN' 'PHO' 'DAL' 'CLE'],NBA,PF,77.0,52.0,23.1,3.3,6.3,0.525,0.1,0.2,1.0,3.2,6.3,0.556,0.535,1.6,2.6,0.857,2.6,4.1,6.6,1.0,1.0,1.2,3.4,7.6,1,24.0,20.0,5.0,['UNC'],,0,3,0,,,1.0,4.0,,4.0,24.5
0,Dick Wehr,1948-49,23.0,['INJ'],BAA,,9.0,,,0.6,2.3,0.238,,,,,,,,0.2,0.7,0.333,,,,0.3,,,1.3,1.3,0,5.0,,,,,0,0,0,,1948,,,,,
0,Bryan Warrick,1982-83,23.0,['WSB' 'LAC' 'TOT' 'MIL' 'IND'],NBA,PG,58.0,20.0,21.2,2.6,5.5,0.491,0.2,0.4,0.5,2.5,5.2,0.497,0.494,1.7,2.2,1.0,0.3,1.8,2.1,3.5,0.2,1.7,2.5,7.0,1,18.0,6.0,14.0,['STJOSEPHS'],,0,0,0,2,1982,0.8,3.0,,2.0,15.5
0,Wilson Washington,1977-78,22.0,['TOT' 'PHI' 'NJN'],NBA,PF,62.0,,21.8,3.8,7.8,0.502,,,,,,,,1.1,2.0,0.635,2.0,3.9,5.9,0.8,1.5,2.2,3.0,8.8,1,26.0,18.0,3.0,['MARYLAND' 'OLDDOM'],,0,0,0,3,1977,0.7,3.0,,4.0,28.6
0,Cassius Winston,2020-21,22.0,['WAS'],NBA,PG,22.0,0.0,5.6,0.6,1.6,0.424,0.4,0.9,0.471,0.3,0.7,0.4,0.545,0.6,0.6,1.0,0.0,0.4,0.4,1.0,0.0,0.4,1.3,2.0,0,8.0,4.0,3.0,['MICHIGANST'],https://www.basketball-reference.com/req/202106291/images/headshots/winstca01.jpg,0,0,0,23,2020,0.1,2.0,,1.0,5.8
0,Darius Washington,2007-08,22.0,['SAS'],NBA,SG,18.0,0.0,8.1,1.2,2.7,0.438,0.2,0.7,0.333,0.9,2.0,0.472,0.479,0.4,0.7,0.538,0.2,0.9,1.1,0.8,0.0,0.8,0.9,2.9,0,11.0,3.0,2.0,['MEMPHIS'],,0,0,0,,,0.3,1.0,,,8.6
0,David Wingate,1986-87,23.0,['PHI' 'SAS' 'WSB' 'CHH' 'SEA' 'NYK'],NBA,SG,81.0,72.0,26.3,3.6,8.9,1.0,0.4,1.1,0.441,3.4,8.3,1.0,1.0,1.9,2.6,0.825,1.0,2.3,3.3,3.0,0.4,1.7,2.6,8.9,0,28.0,13.0,15.0,['GEORGETOWN'],,0,0,0,20,1986,1.5,7.0,,3.0,24.4
0,Frank Williams,2002-03,22.0,['NYK' 'CHI'],NBA,PG,56.0,3.0,12.8,1.4,3.7,0.385,0.3,1.1,0.375,1.1,2.6,0.419,0.428,0.7,0.9,0.854,0.2,0.8,0.9,2.2,0.3,1.1,1.0,3.9,0,18.0,5.0,9.0,['ILLINOIS'],,0,0,0,25,2002,0.4,3.0,,2.0,18.5
0,Jo Jo White,1969-70,23.0,['BOS' 'TOT' 'GSW' 'KCK'],NBA,PG,82.0,,41.3,9.7,22.6,0.476,0.0,0.1,0.167,9.7,22.6,0.479,0.477,4.1,4.7,0.888,1.2,3.6,5.6,6.1,0.3,3.0,3.4,23.1,1,41.0,13.0,15.0,['KANSAS'],https://www.basketball-reference.com/req/202106291/images/headshots/whitejo01.jpg,7,2,0,9,1969,1.6,7.0,,3.0,25.9
0,Charlie Ward,1994-95,24.0,['NYK' 'TOT' 'SAS' 'HOU'],NBA,PG,82.0,82.0,31.1,3.3,7.4,0.455,1.7,4.0,0.428,1.9,3.7,0.512,0.556,1.2,1.6,0.846,0.6,3.0,3.4,5.7,0.5,2.6,2.4,8.7,1,25.0,11.0,17.0,['FLORIDAST'],https://www.basketball-reference.com/req/202106291/images/headshots/wardch01.jpg,0,0,0,26,1994,2.1,7.0,,4.0,26.0
0,Bob Wood,1949-50,28.0,['SHE'],NBA,,6.0,,,0.5,2.3,0.214,,,,,,,,0.2,0.2,1.0,,,,0.2,,,1.0,1.2,0,2.0,,1.0,,,0,0,0,,,,,,,
0,Gus Williams,1975-76,22.0,['GSW' 'SEA' 'WSB' 'ATL'],NBA,PG,82.0,80.0,37.5,9.7,19.9,0.495,0.6,2.2,0.29,9.6,19.4,0.495,0.495,4.0,5.5,0.817,1.5,2.2,3.4,8.4,0.5,2.9,2.7,23.4,0,42.0,10.0,20.0,['USC'],https://www.basketball-reference.com/req/202106291/images/headshots/willigu01.jpg,2,1,0,2,1975,2.4,10.0,1.0,4.0,41.3
0,Mark West,1983-84,23.0,['DAL' 'TOT' 'MIL' 'CLE' 'PHO' 'DET' 'IND' 'ATL'],NBA,C,83.0,82.0,31.6,4.6,8.9,0.653,0.0,0.0,0.0,4.6,8.8,0.653,0.653,2.6,4.6,1.0,2.8,6.3,8.9,0.9,2.3,2.8,4.0,11.8,1,27.0,24.0,5.0,['OLDDOM'],https://www.basketball-reference.com/req/202106291/images/headshots/westma01.jpg,0,0,0,6,1983,0.8,3.0,,9.0,28.9
0,Deron Williams,2005-06,21.0,['UTA' 'TOT' 'NJN' 'BRK' 'DAL' 'CLE'],NBA,PG,82.0,82.0,38.0,7.1,17.5,0.507,2.2,6.2,0.416,5.9,11.3,0.533,0.544,5.7,6.7,0.869,0.7,3.9,4.6,12.8,0.4,4.0,3.2,21.3,1,57.0,9.0,21.0,['ILLINOIS'],https://www.basketball-reference.com/req/202106291/images/headshots/willide01.jpg,3,0,0,3,2005,1.5,6.0,,4.0,46.1
0,Steve Wilson,1970-71,22.0,['DNR'],ABA,SG,39.0,,6.7,1.3,3.4,0.394,0.2,0.8,0.242,1.1,2.5,0.444,0.424,0.6,1.1,0.571,0.6,0.7,1.2,0.7,,0.8,1.1,3.4,0,12.0,5.0,1.0,,,0,0,0,5,1970,,,,,
0,Harthorne Wingo,1972-73,25.0,['NYK'],NBA,PF,82.0,,20.6,2.8,6.2,0.477,,,,,,,,1.7,2.3,0.754,2.0,3.6,5.6,1.0,0.4,,2.6,7.4,0,19.0,16.0,4.0,,https://www.basketball-reference.com/req/202106291/images/headshots/wingoha01.jpg,0,1,0,,,0.6,3.0,,2.0,
0,Shayne Whittington,2014-15,23.0,['IND'],NBA,PF,20.0,0.0,5.9,1.0,2.1,0.455,0.1,0.3,0.167,0.9,1.8,0.556,0.464,0.9,1.2,0.783,0.7,1.0,1.7,0.4,0.1,0.7,1.0,2.9,0,7.0,8.0,2.0,['WMICHIGAN'],https://www.basketball-reference.com/req/202106291/images/headshots/whittsh01.jpg,0,0,0,,,0.3,2.0,,1.0,9.4
0,Mark Wade,1987-88,22.0,['GSW' 'DAL'],NBA,PG,11.0,0.0,11.2,0.3,1.8,0.15,0.0,0.2,0.0,0.3,1.6,0.167,0.15,0.2,0.4,0.5,0.3,1.1,1.4,3.1,0.1,1.2,1.2,0.7,0,4.0,4.0,10.0,['OKLAHOMA' 'UNLV'],,0,0,0,,,0.6,2.0,,1.0,4.6
0,Matt Williams,2017-18,24.0,['MIA'],NBA,SG,3.0,0.0,3.7,0.7,2.0,0.333,0.3,1.7,0.2,0.3,0.3,1.0,0.417,0.0,0.0,,0.0,0.3,0.3,0.0,0.0,0.3,0.3,1.7,0,3.0,1.0,,['CFLORIDA'],https://www.basketball-reference.com/req/202106291/images/headshots/willima05.jpg,0,0,0,,,0.0,,,,2.7
0,Nick Weatherspoon,1973-74,23.0,['CAP' 'WSB' 'TOT' 'SEA' 'CHI' 'SDC'],NBA,SF,82.0,,32.2,5.8,12.2,0.48,0.0,0.0,,5.8,12.2,0.48,0.48,2.1,2.9,0.881,2.2,5.8,7.9,1.6,0.5,2.2,3.5,13.8,1,38.0,19.0,6.0,['ILLINOIS'],,0,0,0,13,1973,1.0,5.0,,3.0,29.0
0,Dwayne Whitfield,1995-96,23.0,['TOR'],NBA,PF,8.0,1.0,15.3,1.6,3.8,0.433,0.0,0.0,,1.6,3.8,0.433,0.433,1.8,2.8,0.636,1.1,2.0,3.1,0.3,0.3,1.0,1.8,5.0,0,16.0,12.0,2.0,['JACKSONST'],,0,0,0,11,1995,0.4,1.0,,1.0,14.6
0,Henry Walker,2008-09,21.0,['BOS' 'TOT' 'NYK' 'MIA'],NBA,SF,61.0,13.0,27.4,4.3,8.4,0.621,1.9,5.5,0.431,2.5,4.1,0.632,0.628,1.4,1.7,1.0,0.6,3.1,3.4,1.4,0.4,1.1,3.2,11.9,1,28.0,9.0,6.0,['KANSASST'],https://www.basketball-reference.com/req/202106291/images/headshots/walkebi01.jpg,0,0,0,17,2008,1.0,4.0,,3.0,21.3
0,Chuckie Williams,1976-77,23.0,['CLE'],NBA,SG,22.0,,3.0,0.6,2.1,0.298,,,,,,,,0.4,0.5,0.75,0.1,0.0,0.2,0.3,0.0,,0.3,1.7,0,6.0,1.0,2.0,['KANSASST'],,0,0,0,15,1976,0.0,1.0,,,
0,Bobby Watson,1954-55,24.0,['TOT' 'MNL' 'MLH'],NBA,PG,63.0,,12.0,1.2,3.8,0.358,,,,,,,,0.7,0.8,0.9,,,1.8,1.3,,,1.1,2.9,1,11.0,5.0,4.0,['KENTUCKY'],,0,0,0,,1952,,,,,
0,Rubén Wolkowyski,2000-01,27.0,['SEA' 'BOS'],NBA,PF,34.0,1.0,9.0,0.7,2.3,0.5,0.0,0.1,0.0,0.7,2.3,0.667,0.5,0.7,1.0,0.735,0.4,1.0,1.4,0.1,0.5,0.4,1.1,2.2,0,7.0,4.0,1.0,,,0,0,0,,,0.2,1.0,,2.0,6.4
0,C.J. Williams,2017-18,27.0,['LAC' 'MIN'],NBA,SG,38.0,17.0,18.6,2.3,5.2,0.486,0.6,2.1,0.313,1.7,3.1,0.632,0.557,0.3,0.4,0.813,0.3,1.2,1.5,1.1,0.3,0.5,1.7,5.5,0,18.0,5.0,5.0,['NCSTATE'],https://www.basketball-reference.com/req/202106291/images/headshots/willicj01.jpg,0,0,0,,,0.8,4.0,,3.0,17.2
0,Robert Woodard II,2020-21,21.0,['SAC'],NBA,SF,13.0,0.0,3.5,0.6,1.5,0.4,0.1,0.5,0.25,0.5,1.1,0.5,0.425,0.2,0.6,1.0,0.4,0.9,1.2,0.3,0.2,0.1,0.3,1.5,0,4.0,6.0,2.0,['MISSST'],https://www.basketball-reference.com/req/202106291/images/headshots/woodaro01.jpg,0,0,0,10,2020,0.1,1.0,,1.0,3.6
0,Thomas Welsh,2018-19,22.0,['DEN'],NBA,C,11.0,0.0,3.3,0.6,1.2,0.538,0.3,0.6,0.429,0.4,0.5,0.667,0.654,0.1,0.2,0.5,0.0,0.4,0.4,0.5,0.0,0.1,0.3,1.6,0,8.0,1.0,2.0,['UCLA'],https://www.basketball-reference.com/req/202106291/images/headshots/welshth01.jpg,0,0,0,28,2018,0.0,,,,5.0
0,Royce White,2013-14,22.0,['SAC'],NBA,PF,3.0,0.0,3.0,0.0,0.3,0.0,0.0,0.0,,0.0,0.3,0.0,0.0,0.0,0.0,,0.0,0.0,0.0,0.0,0.0,0.0,0.7,0.0,0,,,,['IOWAST'],https://www.basketball-reference.com/req/202106291/images/headshots/whitero03.jpg,0,0,0,16,2012,0.0,,,,0.0
0,Julian Washburn,2018-19,27.0,['MEM'],NBA,SF,18.0,3.0,14.1,0.9,2.7,0.333,0.3,1.3,0.208,0.6,1.3,0.458,0.385,0.2,0.2,0.75,0.4,1.8,2.3,0.8,0.1,0.4,0.9,2.2,0,8.0,6.0,4.0,['UTEP'],https://www.basketball-reference.com/req/202106291/images/headshots/washbju01.jpg,0,0,0,,,0.7,3.0,,1.0,8.1
0,Gerald Wallace,2001-02,19.0,['SAC' 'CHA' 'TOT' 'POR' 'NJN' 'BRK' 'BOS'],NBA,SF,76.0,76.0,41.0,6.6,14.6,0.538,1.3,3.6,0.385,6.1,11.6,0.584,0.55,5.6,7.2,0.859,2.2,8.1,10.0,3.5,2.1,2.9,3.0,19.4,1,42.0,20.0,10.0,['ALABAMA'],https://www.basketball-reference.com/req/202106291/images/headshots/wallage01.jpg,1,0,0,25,2001,2.5,8.0,,6.0,39.4
0,Brad Wanamaker,2018-19,29.0,['BOS' 'TOT' 'GSW' 'CHO' 'IND' 'WAS'],NBA,PG,71.0,2.0,27.0,2.5,5.7,0.476,0.5,1.6,0.41,2.3,5.0,0.515,0.552,3.0,3.0,1.0,0.5,4.0,4.0,7.0,0.3,1.5,3.0,7.0,1,17.0,8.0,8.0,['PITT'],https://www.basketball-reference.com/req/202106291/images/headshots/wanambr01.jpg,0,0,0,,,2.0,4.0,,2.0,16.9
0,Matt Walsh,2005-06,23.0,['MIA'],NBA,SG,2.0,0.0,1.5,0.5,0.5,1.0,0.0,0.0,,0.5,0.5,1.0,1.0,0.0,1.0,0.0,0.0,0.0,0.0,0.0,0.0,0.5,0.0,1.0,0,2.0,,,['FLORIDA'],,0,0,0,,,0.0,,,,1.7
0,Tom Workman,1967-68,23.0,['TOT' 'STL' 'BAL' 'LAS' 'DET' 'UTS' 'DNR'],NBA,,56.0,,17.1,4.5,9.7,0.5,0.1,0.5,0.25,4.4,9.5,0.5,0.5,3.0,3.8,1.0,1.7,2.4,3.6,0.9,,1.5,3.0,11.9,1,29.0,10.0,5.0,['SEATTLE'],,0,0,0,8,1967,,,,,
0,Terrence Williams,2009-10,22.0,['NJN' 'TOT' 'HOU' 'SAC' 'BOS'],NBA,SF,78.0,9.0,22.6,3.6,8.3,0.495,0.7,1.6,0.421,3.2,7.1,0.524,0.521,1.3,1.9,0.818,0.6,3.9,4.5,3.1,0.3,2.5,2.1,8.8,1,27.0,13.0,14.0,['LOUISVILLE'],https://www.basketball-reference.com/req/202106291/images/headshots/willite01.jpg,0,0,0,11,2009,0.9,4.0,1.0,2.0,22.4
0,Earl Watson,2001-02,22.0,['SEA' 'MEM' 'TOT' 'DEN' 'OKC' 'IND' 'UTA' 'POR'],NBA,PG,81.0,73.0,29.4,4.3,9.6,0.454,1.8,4.2,0.42,3.7,7.9,0.5,0.55,1.6,2.2,1.0,0.7,2.7,3.0,6.8,0.4,2.5,2.7,11.5,1,28.0,10.0,16.0,['UCLA'],https://www.basketball-reference.com/req/202106291/images/headshots/watsoea01.jpg,0,0,0,11,2001,1.3,6.0,1.0,3.0,26.1
0,Gene Williams,1969-70,22.0,['KEN'],ABA,,1.0,,8.0,0.0,1.0,0.0,0.0,0.0,,0.0,1.0,0.0,0.0,0.0,0.0,,0.0,0.0,0.0,0.0,,2.0,2.0,0.0,0,,,,['KANSASST'],,0,0,0,9,1969,,,,,
0,Maalik Wayns,2012-13,21.0,['TOT' 'PHI' 'LAC'],NBA,PG,27.0,1.0,7.9,1.2,3.4,0.5,0.3,1.2,0.333,0.8,2.2,0.5,0.5,0.7,0.7,1.0,0.0,1.0,1.0,1.2,0.0,0.6,2.0,3.3,1,10.0,2.0,9.0,['VILLANOVA'],https://www.basketball-reference.com/req/202106291/images/headshots/waynsma01.jpg,0,0,0,,,1.0,2.0,,,6.6
0,Pete Williams,1985-86,20.0,['DEN'],NBA,PF,53.0,11.0,10.8,1.3,2.1,0.604,0.0,0.0,,1.3,2.1,0.604,0.604,0.3,0.8,0.425,0.9,1.9,2.8,0.3,0.4,0.4,1.3,2.8,0,16.0,13.0,3.0,['ARIZONA'],,0,0,0,19,1985,0.4,2.0,,3.0,14.7
0,Ricky Wilson,1987-88,23.0,['TOT' 'NJN' 'SAS'],NBA,PG,24.0,1.0,20.7,2.0,5.5,0.636,0.5,1.4,1.0,1.5,4.1,0.6,0.682,1.3,1.8,0.793,0.2,1.4,1.4,3.5,0.2,1.2,1.9,5.8,1,14.0,5.0,11.0,['GEORGEMAS'],,0,0,0,5,1986,1.0,4.0,,1.0,17.3
0,Eric Washington,1997-98,23.0,['DEN'],NBA,SG,66.0,36.0,23.3,3.0,7.5,0.404,1.0,2.6,0.381,2.4,5.5,0.435,0.497,1.0,1.3,0.783,0.9,1.4,2.3,1.2,0.5,1.1,2.3,7.7,0,22.0,7.0,6.0,['ALABAMA'],,0,0,0,18,1997,0.8,4.0,,3.0,17.2
0,Randy Woods,1992-93,22.0,['LAC' 'DEN'],NBA,PG,62.0,3.0,9.0,1.2,3.3,0.368,0.7,2.6,0.346,0.6,1.4,1.0,0.47,0.5,0.9,1.0,0.4,0.5,0.8,2.2,0.1,0.9,1.6,3.6,0,20.0,4.0,11.0,['LASALLE'],,0,0,0,16,1992,0.8,5.0,,1.0,15.7
0,Gerry Ward,1963-64,22.0,['STL' 'BOS' 'PHI' 'CHI'],NBA,SG,76.0,,13.7,1.5,6.0,0.381,,,,,,,,1.1,1.8,1.0,,,2.4,2.0,,,2.5,4.2,0,16.0,9.0,9.0,['BOSTONCOLL'],,0,0,0,6,1963,,,,,
0,Haywoode Workman,1989-90,24.0,['ATL' 'WSB' 'IND' 'MIL' 'TOT' 'TOR'],NBA,PG,77.0,56.0,28.1,3.2,7.1,0.667,0.6,1.6,0.379,3.0,6.4,0.667,0.667,1.4,1.8,1.0,1.0,3.0,3.5,6.2,0.1,2.3,2.5,8.0,1,21.0,9.0,15.0,['WINSTSALST' 'ORALROB'],,0,0,0,22,1989,1.3,7.0,,2.0,22.1
0,Red Wallace,1946-47,28.0,['TOT' 'BOS' 'TRH'],BAA,,61.0,,,4.6,15.8,0.291,,,,,,,,2.3,4.0,0.574,,,,1.0,,,3.4,11.5,1,38.0,,,,,0,0,0,,,,,,,
0,Pearl Washington,1986-87,23.0,['NJN' 'MIA'],NBA,PG,72.0,61.0,22.2,3.6,8.0,0.478,0.2,0.7,0.224,3.5,7.3,0.492,0.481,1.9,2.8,0.788,0.9,1.4,2.3,4.2,0.1,2.4,2.6,9.3,0,29.0,11.0,12.0,['SYRACUSE'],,0,0,0,13,1986,1.4,5.0,,1.0,25.3
0,Chris Welp,1987-88,24.0,['PHI' 'TOT' 'SAS' 'GSW'],NBA,C,72.0,3.0,13.2,1.8,3.1,0.581,0.0,0.0,0.0,1.8,3.1,0.581,0.581,1.3,1.8,0.783,1.1,1.9,2.7,0.5,0.6,0.9,2.6,4.8,1,18.0,6.0,2.0,['WASHINGTON'],,0,0,0,16,1987,0.5,3.0,,4.0,16.5
0,Trooper Washington,1967-68,23.0,['PTP' 'MNP' 'TOT' 'LAS' 'FLO' 'NYA'],ABA,PF,81.0,,38.0,6.1,12.2,0.571,0.1,0.1,1.0,6.1,12.1,0.571,0.571,2.8,4.6,0.667,5.3,7.3,12.6,3.3,,3.6,3.9,15.0,1,32.0,26.0,8.0,,,1,1,0,7,1967,,,,,
0,Willie Williams,1970-71,24.0,['TOT' 'BOS' 'CIN'],NBA,,25.0,,5.4,0.4,2.0,0.4,,,,,,,,0.2,0.3,0.6,,,1.4,0.7,,,0.7,0.9,1,6.0,5.0,2.0,['FLORIDAST'],,0,0,0,4,1970,,,,,
0,James White,2006-07,24.0,['SAS' 'HOU' 'NYK'],NBA,SG,57.0,16.0,22.8,3.0,6.8,0.6,0.3,1.2,0.5,2.7,5.7,0.667,0.7,2.0,2.5,0.8,0.5,2.8,3.3,0.8,0.3,0.8,1.2,8.3,0,20.0,7.0,6.0,['FLORIDA' 'CINCY'],https://www.basketball-reference.com/req/202106291/images/headshots/whiteja02.jpg,0,1,0,1,2006,0.5,3.0,,1.0,16.5
0,Marvin Williams,2005-06,19.0,['ATL' 'UTA' 'CHO' 'TOT' 'MIL'],NBA,PF,81.0,81.0,34.6,5.3,11.5,0.462,1.9,5.1,0.413,5.3,11.4,0.722,0.57,4.2,5.1,0.873,1.8,5.4,6.6,1.9,1.0,2.0,3.0,14.8,1,33.0,18.0,7.0,['UNC'],https://www.basketball-reference.com/req/202106291/images/headshots/willima02.jpg,0,0,0,2,2005,1.0,4.0,,4.0,29.0
0,Donovan Williams,2022-23,21.0,['ATL'],NBA,SG,2.0,0.0,2.0,1.0,2.5,0.4,0.0,1.0,0.0,1.0,1.5,0.667,0.4,0.0,0.0,,0.0,1.0,1.0,0.0,0.0,0.0,0.0,2.0,0,4.0,1.0,,['TEXAS' 'UNLV'],https://www.basketball-reference.com/req/202106291/images/headshots/willido02.jpg,0,0,0,,,0.0,,,,2.3
0,Luke Walton,2003-04,23.0,['LAL' 'TOT' 'CLE'],NBA,PF,74.0,60.0,33.0,4.4,9.3,0.474,0.8,2.1,0.438,3.6,7.2,0.6,0.517,1.8,2.4,0.75,1.5,3.6,5.0,4.3,0.4,2.0,2.0,11.4,1,25.0,12.0,12.0,['ARIZONA'],https://www.basketball-reference.com/req/202106291/images/headshots/waltolu01.jpg,0,2,0,3,2003,1.0,5.0,,2.0,24.2
0,Jerome Whitehead,1978-79,22.0,['SDC' 'TOT' 'UTA' 'DAL' 'CLE' 'GSW' 'SAS'],NBA,C,81.0,78.0,32.1,5.6,10.4,0.6,0.0,0.0,0.0,5.6,10.4,0.6,0.6,2.6,3.3,0.828,3.2,6.0,9.2,1.4,0.6,2.0,4.1,13.8,1,31.0,23.0,6.0,['MARQUETTE'],,0,0,0,19,1978,0.7,4.0,,3.0,26.3
0,Jason Williams,1998-99,23.0,['SAC' 'MEM' 'MIA' 'ORL' 'TOT'],NBA,PG,82.0,81.0,36.1,5.8,15.2,0.444,2.0,6.6,0.38,3.8,8.5,0.512,0.542,1.6,2.1,0.913,0.3,2.8,3.1,8.3,0.1,3.7,1.8,14.8,1,38.0,9.0,19.0,['MARSHALL' 'FLORIDA'],https://www.basketball-reference.com/req/202106291/images/headshots/willija02.jpg,0,1,0,7,1998,1.9,6.0,,2.0,34.1
0,Metta World Peace,1999-00,20.0,['CHI' 'TOT' 'IND' 'SAC' 'HOU' 'LAL' 'NYK'],NBA,SF,82.0,82.0,41.6,8.4,17.0,0.496,2.2,5.6,0.412,7.4,14.6,0.51,0.525,6.7,7.6,0.922,1.8,5.3,6.5,4.2,0.9,2.8,4.0,24.6,1,39.0,16.0,11.0,['STJOHNS'],https://www.basketball-reference.com/req/202106291/images/headshots/artesro01.jpg,1,1,0,16,1999,2.8,8.0,,4.0,37.3
0,Bob Warren,1968-69,22.0,['LAS' 'MMP' 'TOT' 'CAR' 'DLC' 'UTS' 'SAA' 'SDS'],ABA,SG,77.0,,34.2,6.3,14.2,0.509,0.5,1.8,1.0,6.1,13.2,0.509,0.509,4.6,5.8,0.914,3.2,3.2,5.9,3.6,0.6,2.8,3.5,17.4,1,33.0,12.0,7.0,['VANDY'],,0,0,0,11,1968,0.9,4.0,,2.0,10.0
0,Jordan Williams,2011-12,21.0,['NJN'],NBA,C,43.0,5.0,14.8,1.8,3.5,0.507,0.0,0.0,,1.8,3.5,0.507,0.507,1.0,1.5,0.652,1.5,2.1,3.6,0.3,0.3,0.5,1.4,4.6,0,14.0,14.0,2.0,['MARYLAND'],https://www.basketball-reference.com/req/202106291/images/headshots/willijo03.jpg,0,0,0,6,2011,0.5,3.0,,2.0,14.8
0,Aaron Wiggins,2021-22,23.0,['OKC'],NBA,SG,70.0,35.0,24.2,3.1,6.7,0.512,0.8,2.8,0.393,2.3,4.0,0.573,0.579,1.2,1.7,0.831,1.0,2.5,3.6,1.4,0.2,1.1,1.9,8.3,0,28.0,10.0,7.0,['MARYLAND'],https://www.basketball-reference.com/req/202106291/images/headshots/wiggiaa01.jpg,0,0,0,25,2021,0.6,3.0,,2.0,22.6
0,Herb White,1970-71,22.0,['ATL'],NBA,PG,38.0,,8.3,0.9,2.2,0.405,,,,,,,,0.6,1.0,0.564,,,1.3,1.2,,,1.6,2.4,0,10.0,6.0,7.0,['GEORGIA'],,0,0,0,14,1970,,,,,
0,Kermit Washington,1973-74,22.0,['LAL' 'TOT' 'BOS' 'SDC' 'POR' 'GSW'],NBA,PF,82.0,4.0,33.7,5.3,9.8,0.569,0.0,0.0,0.0,5.3,9.8,0.57,0.569,3.2,4.5,1.0,4.4,7.2,11.2,2.1,1.6,2.3,3.9,13.4,1,29.0,21.0,7.0,['AMERICAN'],,1,0,0,5,1973,1.2,5.0,,6.0,27.8
0,Bob Wiesenhahn,1961-62,23.0,['CIN'],NBA,SF,60.0,,5.4,0.9,2.7,0.317,,,,,,,,0.3,0.5,0.567,,,1.9,0.4,,,0.8,2.0,0,10.0,8.0,2.0,['CINCY'],,0,0,0,7,1961,,,,,
0,Willie Wise,1969-70,22.0,['LAS' 'UTS' 'VIR' 'DEN' 'SEA'],ABA,PF,84.0,,40.1,8.8,18.5,0.505,0.1,0.3,0.333,8.8,18.3,0.507,0.507,5.7,7.5,0.79,3.7,8.2,11.6,3.7,0.5,3.4,3.7,23.2,0,50.0,22.0,10.0,['DRAKE'],,3,1,0,7,1969,1.6,4.0,,3.0,-0.7
0,Perry Warbington,1974-75,22.0,['PHI'],NBA,PG,5.0,,14.0,0.8,4.2,0.19,,,,,,,,0.4,0.4,1.0,0.4,1.2,1.6,3.2,0.0,,3.2,2.0,0,4.0,4.0,6.0,['GEORGIASOU'],,0,0,0,1,1974,0.0,,,,
0,Martell Webster,2005-06,19.0,['POR' 'MIN' 'WAS'],NBA,SF,82.0,70.0,28.9,3.7,8.7,0.447,1.9,4.8,0.422,2.1,4.5,0.502,0.557,2.2,2.7,0.859,0.9,3.2,3.9,1.9,0.5,1.3,2.2,11.4,0,34.0,13.0,7.0,,https://www.basketball-reference.com/req/202106291/images/headshots/webstma02.jpg,0,0,0,6,2005,0.7,4.0,,4.0,29.4
0,Horace Walker,1961-62,24.0,['CHP'],NBA,SF,65.0,,20.5,2.3,6.8,0.339,,,,,,,,2.2,3.0,0.725,,,7.2,1.1,,,3.0,6.7,0,26.0,21.0,4.0,['MICHIGANST'],,0,0,0,6,1960,,,,,
0,Loren Woods,2001-02,23.0,['MIN' 'MIA' 'TOR' 'HOU'],NBA,C,60.0,30.0,15.8,1.6,3.6,0.6,0.0,0.1,0.333,1.6,3.6,0.6,0.6,0.9,1.4,0.778,1.8,3.1,4.9,0.5,0.9,0.8,1.8,3.9,0,18.0,14.0,4.0,['WAKE' 'ARIZONA'],,0,0,0,17,2001,0.3,3.0,,5.0,18.8
0,Morlon Wiley,1988-89,22.0,['DAL' 'ORL' 'TOT' 'SAS' 'ATL' 'MIA'],NBA,PG,58.0,19.0,19.4,2.3,5.2,0.6,1.2,3.1,0.5,1.9,4.1,1.0,0.6,0.7,1.0,0.813,0.6,1.2,1.8,4.0,0.2,1.6,2.4,5.8,1,24.0,7.0,14.0,['LONGBEACH'],,0,0,0,21,1988,1.2,5.0,,2.0,18.9
0,Othell Wilson,1984-85,23.0,['GSW' 'SAC'],NBA,PG,74.0,23.0,17.0,1.8,3.9,0.46,0.1,0.3,0.188,1.8,3.7,0.476,0.466,0.8,1.0,0.796,0.5,1.3,1.8,3.9,0.2,1.5,1.6,4.4,0,15.0,6.0,9.0,['VIRGINIA'],,0,0,0,11,1984,1.0,7.0,,2.0,14.8
0,Mark Workman,1952-53,22.0,['TOT' 'MLH' 'PHW' 'BLB'],NBA,PF,65.0,,16.7,2.1,6.5,0.417,,,,,,,,1.2,1.9,0.622,,,3.1,0.6,,,2.7,5.3,1,24.0,10.0,3.0,['WVIRGINIA'],,0,0,0,1,1952,,,,,
0,Phil Walker,1977-78,21.0,['WSB'],NBA,SG,40.0,,9.6,1.4,4.0,0.354,,,,,,,,1.6,2.4,0.667,0.5,0.8,1.3,1.4,0.1,1.6,1.0,4.5,0,23.0,6.0,7.0,,,0,1,0,13,1976,0.4,1.0,,,13.1
0,Sam Worthen,1980-81,23.0,['CHI' 'UTA'],NBA,PG,64.0,0.0,14.8,1.5,3.0,0.495,0.0,0.1,0.0,1.5,2.9,0.505,0.495,0.7,0.9,0.75,0.3,1.5,1.8,1.8,0.1,1.4,1.8,3.7,0,18.0,7.0,6.0,['MARQUETTE'],,0,0,0,3,1980,0.9,5.0,,1.0,15.7
0,Herb Williams,1981-82,23.0,['IND' 'TOT' 'DAL' 'NYK' 'TOR'],NBA,C,82.0,75.0,35.5,8.0,16.3,0.507,0.0,0.2,0.286,8.0,16.2,0.51,0.507,3.8,5.2,1.0,2.2,7.0,9.1,3.4,2.4,3.5,4.0,19.9,1,40.0,29.0,8.0,['OHIOST'],https://www.basketball-reference.com/req/202106291/images/headshots/willihe01.jpg,0,0,0,14,1981,1.0,5.0,,9.0,33.8
0,Corliss Williamson,1995-96,22.0,['SAC' 'TOT' 'TOR' 'DET' 'PHI'],NBA,SF,82.0,76.0,35.7,7.1,14.4,0.534,0.1,0.1,1.0,7.1,14.2,0.534,0.534,3.5,5.6,0.823,2.1,4.3,6.2,2.9,0.6,2.5,3.3,17.7,1,40.0,16.0,7.0,['ARKANSAS'],,0,1,0,13,1995,1.3,5.0,,3.0,33.6
0,Dale Wilkinson,1984-85,24.0,['TOT' 'DET' 'LAC'],NBA,"PF,SF",12.0,0.0,3.8,0.4,1.4,0.286,0.0,0.1,0.0,0.4,1.3,0.308,0.286,0.6,0.7,0.857,0.1,0.5,0.5,0.2,0.0,0.4,1.0,1.4,1,8.0,2.0,1.0,['IDAHOST'],,0,0,0,16,1982,0.0,,,,8.0
0,Nikita Wilson,1987-88,23.0,['POR'],NBA,SF,15.0,0.0,3.6,0.5,1.5,0.304,0.0,0.0,,0.5,1.5,0.304,0.304,0.3,0.4,0.833,0.1,0.6,0.7,0.2,0.0,0.3,0.5,1.3,0,3.0,3.0,1.0,['LSU'],,0,0,0,7,1987,0.0,,,,2.7
0,Freeman Williams,1978-79,22.0,['SDC' 'TOT' 'ATL' 'UTA' 'WSB'],NBA,SG,82.0,10.0,25.8,7.9,16.8,0.49,0.8,2.0,0.5,7.4,15.1,0.496,0.496,3.2,3.8,0.852,1.3,1.1,2.3,2.0,0.1,2.4,2.3,19.3,1,51.0,8.0,8.0,['PORTLANDST'],,0,0,0,8,1978,1.1,4.0,,2.0,37.4
0,Kemba Walker,2011-12,21.0,['CHA' 'CHO' 'BOS' 'NYK' 'DAL'],NBA,PG,82.0,82.0,35.8,8.9,20.5,0.444,3.2,8.9,0.399,5.7,11.6,0.586,0.527,4.6,5.5,0.899,0.7,3.8,4.4,6.1,0.5,2.6,1.9,25.6,0,60.0,12.0,16.0,['UCONN'],https://www.basketball-reference.com/req/202106291/images/headshots/walkeke02.jpg,4,0,0,9,2011,2.0,8.0,3.0,4.0,43.7
0,James Worthy,1982-83,21.0,['LAL'],NBA,SF,82.0,82.0,39.0,9.2,18.7,0.579,0.4,1.4,0.306,8.8,17.9,0.586,0.58,3.6,4.7,0.814,2.1,4.4,6.4,4.7,1.0,2.5,3.0,21.4,0,38.0,17.0,14.0,['UNC'],https://www.basketball-reference.com/req/202106291/images/headshots/worthja01.jpg,7,3,0,1,1982,1.4,5.0,,5.0,39.1
0,Hubie White,1962-63,23.0,['SFW' 'PHI' 'MMF' 'PTC'],NBA,SG,54.0,,15.3,2.7,6.7,0.402,0.1,0.8,0.286,2.6,5.9,0.434,0.412,1.1,1.6,0.769,1.3,1.6,2.9,1.0,,1.1,2.7,6.7,0,19.0,9.0,5.0,['VILLANOVA'],,0,0,0,7,1962,,,,,
0,John Williams,1986-87,20.0,['WSB' 'LAC' 'IND'],NBA,SF,82.0,37.0,35.1,7.2,15.2,0.474,0.3,1.2,0.333,7.1,14.2,0.5,0.478,3.6,4.7,0.776,1.9,6.1,7.6,4.7,0.9,2.4,2.6,18.2,0,30.0,14.0,13.0,['LSU'],,0,0,0,12,1986,1.7,6.0,2.0,4.0,29.9
0,John Wall,2010-11,20.0,['WAS' 'HOU' 'LAC'],NBA,PG,82.0,82.0,37.8,8.3,18.4,0.451,2.0,6.2,0.371,7.2,14.9,0.507,0.49,5.4,6.8,0.805,0.8,4.4,4.9,10.7,1.1,4.1,2.7,23.1,0,52.0,13.0,20.0,['KENTUCKY'],https://www.basketball-reference.com/req/202106291/images/headshots/walljo01.jpg,5,0,0,1,2010,2.0,9.0,8.0,5.0,41.4
0,Yuta Watanabe,2018-19,24.0,['MEM' 'TOR' 'BRK'],NBA,SF,58.0,4.0,16.0,2.0,4.0,0.491,1.0,2.3,0.444,0.9,2.3,0.557,0.621,0.6,1.1,0.828,0.7,2.5,3.2,0.8,0.4,0.5,1.4,5.6,0,26.0,13.0,4.0,['GEORGEWASH'],https://www.basketball-reference.com/req/202106291/images/headshots/watanyu01.jpg,0,0,0,,,0.5,5.0,,3.0,20.6
0,Bill Willoughby,1975-76,18.0,['ATL' 'BUF' 'CLE' 'HOU' 'TOT' 'SAS' 'NJN'],NBA,SF,78.0,42.0,21.4,3.5,6.7,0.523,0.1,0.3,0.462,3.4,6.6,0.523,0.523,1.2,1.6,1.0,1.7,3.0,4.6,1.2,0.9,1.3,2.4,7.8,1,21.0,18.0,5.0,,,0,0,0,1,1975,0.6,3.0,,7.0,20.0
0,Larry Wright,1976-77,22.0,['WSB' 'DET'],NBA,PG,78.0,0.0,22.7,4.0,8.1,0.496,0.1,0.2,0.286,4.0,8.1,0.496,0.496,1.7,2.3,0.889,0.7,1.4,2.0,4.1,0.2,1.9,2.8,9.3,0,43.0,10.0,12.0,['GRAMBLING'],,0,1,0,14,1976,1.0,5.0,,2.0,23.2
0,Jake Weber,1946-47,28.0,['TOT' 'NYK' 'PRO'],BAA,,50.0,,,1.3,4.6,0.292,,,,,,,,1.3,1.8,0.75,,,,0.1,,,2.3,3.9,1,16.0,,,,,0,0,0,,,,,,,
0,Jacob Wiley,2017-18,23.0,['BRK'],NBA,PF,5.0,0.0,6.6,0.2,0.8,0.25,0.2,0.4,0.5,0.0,0.4,0.0,0.375,0.2,0.4,0.5,0.4,1.8,2.2,0.4,0.0,0.0,0.8,0.8,0,4.0,8.0,1.0,['MONTANA' 'EWASHINGTN'],https://www.basketball-reference.com/req/202106291/images/headshots/wileyja01.jpg,0,0,0,,,0.2,1.0,,,5.2
0,David West,2003-04,23.0,['NOH' 'NOK' 'IND' 'SAS' 'GSW'],NBA,PF,81.0,81.0,39.2,8.3,17.2,0.571,0.2,0.5,0.429,8.2,16.8,0.576,0.575,4.8,5.5,0.884,2.4,6.5,8.9,3.4,1.3,2.2,2.9,21.0,0,44.0,20.0,10.0,['XAVIER'],https://www.basketball-reference.com/req/202106291/images/headshots/westda01.jpg,2,2,0,18,2003,1.0,5.0,1.0,5.0,34.9
0,Dorell Wright,2004-05,19.0,['MIA' 'GSW' 'PHI' 'POR'],NBA,SF,82.0,82.0,38.4,5.9,14.0,0.488,2.4,6.3,0.5,3.5,7.7,0.508,0.536,2.2,2.8,1.0,1.1,4.2,5.3,3.0,0.9,1.6,2.1,16.4,0,34.0,18.0,9.0,,https://www.basketball-reference.com/req/202106291/images/headshots/wrighdo01.jpg,0,1,0,19,2004,1.5,6.0,,6.0,32.5
0,Rudy White,1975-76,22.0,['HOU' 'TOT' 'GSW' 'SEA'],NBA,SG,46.0,,13.8,2.3,4.5,0.542,0.0,0.1,0.0,2.3,4.5,0.542,0.542,1.1,1.4,1.0,0.4,1.0,1.2,1.5,0.2,1.0,1.8,5.5,1,14.0,5.0,4.0,['ARIZONAST'],,0,0,0,11,1975,1.0,4.0,,1.0,9.2
0,Jamil Wilson,2017-18,27.0,['LAC'],NBA,SF,15.0,10.0,18.3,2.5,5.4,0.469,1.8,4.2,0.429,0.7,1.2,0.611,0.636,0.1,0.3,0.5,0.2,1.9,2.1,0.7,0.5,0.5,2.3,7.0,0,17.0,4.0,3.0,['OREGON' 'MARQUETTE'],https://www.basketball-reference.com/req/202106291/images/headshots/wilsoja02.jpg,0,0,0,,,0.3,3.0,,3.0,15.4
0,Charlie Williams,1965-66,22.0,['PTP' 'MNP' 'TOT' 'PTC' 'MMP' 'MMT' 'UTS'],Did Not Play (suspended—alleged gambling contacts),Did Not Play (suspended—alleged gambling contacts),88.0,,39.0,8.2,20.7,0.421,1.0,3.2,0.311,7.6,17.9,0.435,0.432,4.0,5.5,0.77,1.7,2.1,4.8,4.2,,4.0,3.8,20.8,1,45.0,15.0,12.0,,https://www.basketball-reference.com/req/202106291/images/headshots/willich01.jpg,2,1,0,,,,,,,
0,Hank Whitney,1967-68,28.0,['NJA' 'TOT' 'NYA' 'HSM' 'CAR'],ABA,PF,59.0,,31.3,5.9,14.9,0.422,0.0,0.1,0.0,5.9,14.9,0.422,0.422,4.2,5.9,0.732,2.2,4.1,12.9,1.5,,1.6,4.3,16.0,1,34.0,26.0,4.0,,,0,0,0,5,1961,,,,,
0,Marvin Webster,1975-76,23.0,['DNA' 'DEN' 'SEA' 'NYK' 'MIL'],ABA,C,82.0,32.0,35.5,5.2,10.4,0.526,0.1,0.1,1.0,5.2,10.4,0.509,0.553,3.5,5.6,0.75,4.4,8.2,12.6,2.9,2.0,3.1,3.2,14.0,0,26.0,29.0,8.0,['MORGANST'],,0,0,0,3,1975,0.6,3.0,,8.0,23.1
0,Howard Wright,1990-91,23.0,['TOT' 'ATL' 'ORL' 'DAL'],NBA,PF,15.0,0.0,17.0,1.9,5.1,0.8,0.0,0.3,0.0,1.9,5.1,1.0,0.8,1.6,2.6,1.0,1.3,3.4,4.6,0.4,0.6,1.1,2.9,5.4,1,13.0,10.0,2.0,['STANFORD'],,0,0,0,,,0.4,1.0,,2.0,9.8
0,Derrick Williams,2011-12,20.0,['MIN' 'TOT' 'SAC' 'NYK' 'MIA' 'CLE' 'LAL'],NBA,PF,80.0,56.0,24.7,4.3,10.1,0.505,0.8,2.5,0.404,3.5,7.6,0.6,0.603,2.6,3.6,0.875,1.2,4.3,5.5,0.9,0.5,1.3,1.6,12.0,1,31.0,16.0,4.0,['ARIZONA'],https://www.basketball-reference.com/req/202106291/images/headshots/willide02.jpg,0,0,0,2,2011,0.7,5.0,,4.0,27.9
0,Tyrone Wallace,2017-18,23.0,['LAC' 'ATL' 'NOP'],NBA,PG,62.0,19.0,28.4,3.7,8.2,0.445,0.3,1.3,0.25,3.3,6.9,0.483,0.466,2.0,2.6,0.782,0.7,2.8,3.5,2.4,0.4,1.5,2.8,9.7,0,22.0,8.0,6.0,['CALIFORNIA'],https://www.basketball-reference.com/req/202106291/images/headshots/wallaty01.jpg,0,0,0,30,2016,0.9,3.0,,2.0,22.1
0,Dontonio Wingfield,1994-95,20.0,['SEA' 'POR'],NBA,SF,47.0,2.0,12.1,1.7,4.1,0.409,0.6,1.6,0.338,1.1,2.5,0.457,0.477,0.6,0.9,0.8,1.3,1.6,2.9,1.0,0.2,1.0,2.1,4.5,0,17.0,12.0,5.0,['CINCY'],,0,0,0,10,1994,0.5,3.0,,2.0,14.7
0,Clint Wager,1949-50,30.0,['FTW'],NBA,,63.0,,,0.9,3.2,0.281,,,,,,,,0.5,0.7,0.617,,,,1.4,,,2.8,2.3,0,11.0,,3.0,,,0,0,0,,,,,,,
0,Casper Ware,2013-14,24.0,['PHI'],NBA,PG,9.0,0.0,12.9,2.0,4.7,0.429,0.8,2.3,0.333,1.2,2.3,0.524,0.512,0.6,0.7,0.833,0.0,1.0,1.0,1.1,0.0,0.6,1.2,5.3,0,10.0,4.0,3.0,['LONGBEACH'],https://www.basketball-reference.com/req/202106291/images/headshots/wareca01.jpg,0,0,0,,,0.9,2.0,,,10.2
0,C.J. Watson,2007-08,23.0,['GSW' 'CHI' 'BRK' 'IND' 'ORL'],NBA,PG,82.0,25.0,27.5,3.8,8.9,0.468,1.4,3.5,0.411,3.1,5.9,0.527,0.518,2.4,2.9,0.872,0.5,2.5,2.9,4.1,0.2,2.0,2.1,10.3,0,40.0,9.0,12.0,['TENNESSEE'],https://www.basketball-reference.com/req/202106291/images/headshots/watsocj01.jpg,0,0,0,,,1.6,7.0,,2.0,36.8
0,Paul Westphal,1972-73,22.0,['BOS' 'PHO' 'SEA' 'NYK'],NBA,SG,82.0,59.0,36.1,10.1,19.6,0.535,0.3,1.1,0.292,10.1,19.6,0.544,0.535,5.0,6.1,0.862,0.9,2.3,3.2,6.5,0.5,3.5,3.4,25.2,0,49.0,10.0,14.0,['USC'],https://www.basketball-reference.com/req/202106291/images/headshots/westppa01.jpg,5,1,0,10,1972,2.6,8.0,,4.0,40.1
0,Willie Worsley,1968-69,23.0,['NYA'],ABA,PG,24.0,,19.2,1.5,5.1,0.293,0.4,1.3,0.333,1.1,3.9,0.28,0.333,2.6,3.5,0.75,0.3,1.2,1.5,1.6,,1.3,2.0,6.0,0,23.0,2.0,3.0,['UTEP'],,0,0,0,,,,,,,
0,Jamaal Wilkes,1974-75,21.0,['GSW' 'LAL' 'LAC'],NBA,SF,82.0,82.0,37.9,9.7,18.5,0.535,0.1,0.2,0.333,9.7,18.3,0.539,0.536,3.3,4.4,0.815,2.5,6.4,8.8,3.6,0.5,2.7,3.4,22.6,0,36.0,19.0,10.0,['UCLA'],https://www.basketball-reference.com/req/202106291/images/headshots/wilkeja01.jpg,3,4,0,11,1974,1.7,7.0,1.0,3.0,31.8
0,Orlando Woolridge,1981-82,22.0,['CHI' 'NJN' 'LAL' 'DEN' 'DET' 'TOT' 'MIL' 'PHI'],NBA,SF,82.0,76.0,36.6,9.2,18.5,0.58,0.1,0.3,0.5,9.2,18.5,0.583,0.58,6.6,8.3,0.797,2.7,4.2,6.8,3.7,1.1,2.9,3.8,25.1,1,44.0,16.0,10.0,['NOTREDAME'],,0,0,0,6,1981,1.3,5.0,1.0,5.0,39.0
0,James Wilkes,1980-81,22.0,['CHI' 'DET'],NBA,SF,57.0,22.0,15.1,2.2,4.7,0.481,0.0,0.1,0.0,2.2,4.6,0.483,0.481,1.3,1.7,0.8,1.1,1.7,2.8,1.1,0.3,1.1,2.4,5.5,0,21.0,10.0,6.0,['UCLA'],,0,0,0,4,1980,0.5,3.0,,3.0,22.0
0,Vince Williams Jr.,2022-23,22.0,['MEM'],NBA,SG,15.0,1.0,7.0,0.8,2.7,0.3,0.3,1.9,0.143,0.5,0.8,0.667,0.35,0.1,0.1,1.0,0.3,0.7,1.0,0.3,0.1,0.3,0.8,2.0,0,15.0,8.0,1.0,['VCU'],https://www.basketball-reference.com/req/202106291/images/headshots/willivi01.jpg,0,0,0,17,2022,0.4,2.0,,1.0,3.3
0,Damien Wilkins,2004-05,25.0,['SEA' 'OKC' 'MIN' 'ATL' 'DET' 'PHI' 'IND'],NBA,SF,82.0,31.0,24.8,3.6,8.9,0.504,0.7,2.0,0.41,2.9,6.8,0.528,0.511,1.8,2.1,0.882,1.1,2.3,3.2,2.0,0.3,1.4,1.9,9.2,0,41.0,13.0,8.0,['NCSTATE' 'GEORGIA'],https://www.basketball-reference.com/req/202106291/images/headshots/wilkida02.jpg,0,0,0,,,1.1,7.0,,3.0,36.9
0,Jeff Webb,1970-71,22.0,['MIL' 'TOT' 'PHO'],NBA,SG,46.0,,10.3,1.1,2.7,0.477,,,,,,,,0.6,0.7,0.846,,,0.9,0.7,,,1.1,2.5,1,8.0,3.0,3.0,['KANSASST'],,0,1,0,,,,,,,
0,Sharone Wright,1994-95,22.0,['PHI' 'TOT' 'TOR'],NBA,C,79.0,49.0,27.1,5.9,11.6,0.508,0.1,0.3,0.333,5.8,11.4,0.512,0.512,4.5,6.6,0.685,2.7,3.8,6.5,1.0,1.3,2.5,3.5,16.5,1,30.0,15.0,4.0,['CLEMSON'],,0,0,0,6,1994,0.5,3.0,,7.0,20.2
0,Voise Winters,1985-86,23.0,['PHI'],NBA,SF,4.0,0.0,4.3,0.8,3.3,0.231,0.0,0.3,0.0,0.8,3.0,0.25,0.231,0.0,0.0,,0.3,0.5,0.8,0.0,0.0,0.5,0.3,1.5,0,2.0,2.0,,['BRADLEY'],,0,0,0,20,1985,0.3,1.0,,,1.0
0,Kenrich Williams,2018-19,24.0,['NOP' 'OKC'],NBA,SF,66.0,29.0,23.5,3.4,6.5,0.533,1.1,3.4,0.444,2.5,4.5,0.608,0.596,0.6,1.1,0.684,1.8,3.6,4.9,2.3,0.5,1.2,2.3,8.0,0,24.0,16.0,10.0,['TXCHRIST'],https://www.basketball-reference.com/req/202106291/images/headshots/willike04.jpg,0,0,0,,,1.0,5.0,,3.0,19.4
0,Nate Williams,1971-72,21.0,['CIN' 'KCO' 'TOT' 'NOJ' 'GSW'],NBA,SG,85.0,,30.6,6.6,14.2,0.517,,,,,,,,2.4,3.0,0.872,1.7,3.3,4.6,2.2,0.5,1.3,3.7,15.5,1,41.0,14.0,10.0,['UTAHST'],,0,0,0,,1971,1.8,6.0,,4.0,23.8
0,James Wiseman,2020-21,19.0,['GSW' 'TOT' 'DET'],NBA,C,45.0,27.0,25.2,5.4,10.2,0.628,0.3,1.0,0.5,5.3,9.5,0.63,0.633,1.8,2.5,0.712,2.3,5.8,8.1,0.7,0.9,1.5,3.1,12.7,1,30.0,14.0,4.0,['MEMPHIS'],https://www.basketball-reference.com/req/202106291/images/headshots/wisemja01.jpg,0,1,0,2,2020,0.3,2.0,,4.0,26.7
0,Reggie Williams,1987-88,23.0,['LAC' 'TOT' 'CLE' 'SAS' 'DEN' 'IND' 'NJN'],NBA,SF,82.0,80.0,34.5,7.4,15.8,0.48,1.1,3.6,0.538,6.7,13.8,0.529,0.535,3.6,4.2,0.857,2.3,3.7,5.4,3.7,1.0,2.5,3.7,18.2,1,35.0,13.0,12.0,['GEORGETOWN'],https://www.basketball-reference.com/req/202106291/images/headshots/willire01.jpg,0,0,0,4,1987,1.8,7.0,1.0,5.0,35.3
0,Hank Williams,1974-75,22.0,['UTS'],ABA,SF,39.0,,11.6,1.8,4.2,0.436,0.1,0.6,0.136,1.7,3.6,0.482,0.445,0.5,0.6,0.783,0.8,1.5,2.3,0.6,0.1,0.8,1.9,4.2,0,19.0,11.0,6.0,['JACKSONVIL'],,0,0,0,10,1975,0.4,2.0,,1.0,
0,Jim Ware,1966-67,22.0,['CIN' 'SDR' 'DLC'],NBA,PF,33.0,,15.0,3.0,4.0,0.75,0.0,0.0,,3.0,4.0,0.75,0.75,1.0,2.0,0.676,2.0,5.0,7.0,1.0,,1.0,4.0,7.0,0,11.0,12.0,2.0,,,0,0,0,6,1966,,,,,
0,Kennard Winchester,1990-91,24.0,['HOU' 'TOT' 'NYK'],NBA,SF,64.0,1.0,9.5,1.6,3.8,0.444,0.1,0.5,0.5,1.5,3.5,0.475,0.463,0.5,0.7,0.8,0.5,0.8,1.3,0.5,0.3,0.5,1.1,3.7,1,18.0,5.0,2.0,['JAMESMAD' 'AVERETT'],,0,0,0,,,0.3,3.0,,2.0,13.5
0,Dean Wade,2019-20,23.0,['CLE'],NBA,PF,63.0,28.0,20.3,2.1,4.9,0.692,1.2,3.4,0.5,0.9,1.6,0.778,0.769,0.5,0.6,0.769,0.6,3.0,3.4,1.2,0.5,0.5,2.0,6.0,0,22.0,12.0,5.0,['KANSASST'],https://www.basketball-reference.com/req/202106291/images/headshots/wadede01.jpg,0,0,0,,,0.6,3.0,,3.0,21.0
0,Bill Wennington,1985-86,22.0,['DAL' 'SAC' 'CHI'],NBA,C,77.0,23.0,18.9,3.1,6.3,0.51,0.0,0.1,1.0,3.1,6.3,0.511,0.52,1.0,1.3,1.0,1.5,3.1,4.6,0.9,0.8,1.0,3.2,7.1,0,21.0,14.0,5.0,['STJOHNS'],https://www.basketball-reference.com/req/202106291/images/headshots/wennibi01.jpg,0,3,0,16,1985,0.6,3.0,,4.0,17.6
0,Duane Washington,1987-88,23.0,['NJN' 'LAC'],NBA,SG,15.0,0.0,10.4,1.2,2.8,0.429,0.1,0.3,0.5,1.1,2.5,0.421,0.452,1.1,1.3,0.8,0.3,1.1,1.5,2.3,0.0,0.6,1.5,3.6,0,18.0,5.0,10.0,['MTENNST'],,0,0,0,13,1987,0.8,6.0,,,24.6
0,Walt Williams,1992-93,22.0,['SAC' 'TOT' 'MIA' 'TOR' 'POR' 'HOU' 'DAL'],NBA,SF,77.0,77.0,36.3,6.1,13.9,0.463,2.4,6.0,0.455,5.0,10.7,0.5,0.567,3.8,5.1,0.908,1.9,3.6,5.0,4.1,0.9,3.2,3.9,17.0,1,40.0,15.0,9.0,['MARYLAND'],https://www.basketball-reference.com/req/202106291/images/headshots/williwa02.jpg,0,0,0,7,1992,1.6,6.0,,6.0,36.2
0,Marcus Webb,1992-93,22.0,['BOS'],NBA,PF,9.0,0.0,5.7,1.4,2.8,0.52,0.0,0.1,0.0,1.4,2.7,0.542,0.52,1.4,2.3,0.619,0.6,0.6,1.1,0.2,0.2,0.6,1.2,4.3,0,13.0,7.0,1.0,['ALABAMA'],,0,0,0,,,0.1,1.0,,1.0,8.9
0,Andrew White,2017-18,24.0,['ATL'],NBA,SF,15.0,0.0,13.9,1.7,4.9,0.342,1.2,3.3,0.367,0.5,1.6,0.292,0.466,0.1,0.3,0.25,0.3,2.0,2.3,0.4,0.1,0.5,0.8,4.6,0,15.0,8.0,2.0,['KANSAS' 'NEBRASKA' 'SYRACUSE'],https://www.basketball-reference.com/req/202106291/images/headshots/whitean01.jpg,0,0,0,,,0.2,1.0,,1.0,10.2
0,Brad Wright,1986-87,24.0,['NYK' 'DEN'],NBA,PF,14.0,0.0,9.9,1.4,3.3,0.435,0.0,0.1,0.0,1.4,3.2,0.444,0.435,0.9,2.0,0.429,1.8,2.0,3.8,0.1,0.4,1.0,1.5,3.7,0,13.0,13.0,1.0,['UCLA'],,0,0,0,2,1985,0.2,1.0,,2.0,14.5
0,Ken Wilburn,1967-68,23.0,['CHI' 'TOT' 'NYA' 'DNR' 'MNP'],NBA,SF,51.0,,11.1,1.9,4.9,0.556,0.0,0.0,,1.9,4.9,0.556,0.556,1.5,2.3,0.667,2.2,2.6,4.8,0.7,,1.0,1.5,4.7,1,18.0,12.0,4.0,,,0,0,0,9,1966,,,,,
0,Ray Wertis,1946-47,23.0,['TOT' 'TRH' 'CLR' 'PRO'],BAA,,61.0,,,2.1,10.3,0.222,,,,,,,,1.3,2.1,0.622,,,,1.0,,,1.9,5.5,1,13.0,,,,,0,0,0,,,,,,,
0,Greg Whittington,2020-21,27.0,['DEN'],NBA,PF,4.0,0.0,3.0,0.0,0.8,0.0,0.0,0.5,0.0,0.0,0.3,0.0,0.0,0.0,0.0,,0.0,0.0,0.0,0.0,0.0,0.0,0.0,0.0,0,,,,['GEORGETOWN'],https://www.basketball-reference.com/req/202106291/images/headshots/whittgr01.jpg,0,0,0,,,0.0,,,,0.0
0,Paul Watson,2019-20,25.0,['TOT' 'ATL' 'TOR' 'OKC'],NBA,SF,27.0,3.0,17.3,1.4,3.9,0.526,1.1,2.9,0.469,0.8,2.0,0.667,0.646,0.9,1.1,0.778,0.3,2.7,3.0,1.5,0.3,0.4,1.3,4.1,1,30.0,6.0,5.0,['FRESNOST'],https://www.basketball-reference.com/req/202106291/images/headshots/watsopa01.jpg,0,0,0,,,0.5,2.0,,2.0,26.3
0,Antoine Walker,1996-97,20.0,['BOS' 'DAL' 'TOT' 'ATL' 'MIA' 'MIN'],NBA,PF,82.0,82.0,42.0,8.8,21.2,0.442,2.7,8.0,0.369,7.7,17.2,0.499,0.512,3.8,5.8,0.741,3.5,7.0,10.2,5.5,1.1,3.7,3.4,23.4,1,49.0,21.0,14.0,['KENTUCKY'],https://www.basketball-reference.com/req/202106291/images/headshots/walkean02.jpg,3,1,0,6,1996,1.7,6.0,15.0,4.0,40.6
0,Gene Wiley,1962-63,25.0,['LAL' 'TOT' 'OAK' 'DLC'],NBA,C,80.0,,25.0,2.2,4.7,0.535,0.0,0.0,,2.2,4.7,0.535,0.535,1.0,3.0,0.6,,,8.6,1.3,,2.0,3.0,5.1,1,16.0,26.0,8.0,['WICHITAST'],,0,0,0,8,1962,,,,,
0,Hot Rod Williams,1986-87,24.0,['CLE' 'PHO' 'DAL'],NBA,PF,82.0,80.0,35.7,6.4,13.0,0.509,0.0,0.1,0.25,6.4,13.0,0.51,0.509,4.0,5.4,0.756,2.9,5.6,8.3,2.6,2.3,2.0,2.9,16.8,0,33.0,18.0,8.0,['TULANE'],https://www.basketball-reference.com/req/202106291/images/headshots/williho01.jpg,0,0,0,21,1985,1.1,6.0,,9.0,31.3
0,Monty Williams,1994-95,23.0,['NYK' 'TOT' 'SAS' 'DEN' 'ORL' 'PHI'],NBA,SF,82.0,26.0,20.7,3.6,7.2,0.547,0.0,0.2,0.5,3.6,7.1,0.553,0.547,1.8,2.9,0.75,1.5,2.3,3.5,1.4,0.8,1.8,2.5,9.0,1,30.0,11.0,6.0,['NOTREDAME'],,0,0,0,24,1994,0.8,3.0,,4.0,23.7
0,Al Williams,1970-71,22.0,['KEN'],ABA,,11.0,,6.4,1.7,3.9,0.442,0.0,0.0,,1.7,3.9,0.442,0.442,0.5,0.9,0.5,0.8,1.5,2.4,0.5,,0.6,1.2,3.9,0,13.0,10.0,,['DRAKE'],,0,0,0,17,1970,,,,,
0,Rob Williams,1982-83,21.0,['DEN'],NBA,PG,79.0,66.0,24.4,3.9,8.5,0.461,0.2,0.6,0.319,3.7,7.9,0.471,0.472,2.2,2.6,0.818,0.7,1.8,2.5,5.9,0.2,2.5,3.4,10.2,0,24.0,9.0,16.0,['HOUSTON'],,0,0,0,19,1982,1.2,8.0,,3.0,19.9
0,Darryl Watkins,2007-08,23.0,['SAC' 'NOH'],NBA,C,9.0,0.0,19.6,1.4,2.8,0.5,0.0,0.0,,1.4,2.8,0.5,0.5,1.8,3.6,0.5,1.6,3.8,5.4,0.6,0.8,1.6,2.8,4.6,0,13.0,13.0,1.0,['SYRACUSE'],https://www.basketball-reference.com/req/202106291/images/headshots/watkida01.jpg,0,0,0,,,1.0,3.0,,2.0,9.8
0,Vann Williford,1970-71,23.0,['CAR'],ABA,SF,38.0,,7.8,1.6,3.7,0.44,0.1,0.2,0.333,1.6,3.5,0.447,0.45,0.6,1.0,0.568,0.7,1.1,1.8,0.4,,0.6,0.9,3.9,0,19.0,7.0,2.0,['NCSTATE'],,0,0,0,14,1970,,,,,
0,Ish Wainright,2021-22,27.0,['PHO'],NBA,PF,60.0,2.0,15.3,1.4,3.8,0.394,1.0,2.9,0.329,0.5,1.0,0.5,0.496,0.4,0.5,0.839,0.8,1.6,2.3,0.9,0.4,0.4,2.0,4.2,0,20.0,8.0,4.0,['BAYLOR'],https://www.basketball-reference.com/req/202106291/images/headshots/wainris01.jpg,0,0,0,,,0.6,4.0,,2.0,22.5
0,Jamie Waller,1987-88,23.0,['NJN'],NBA,SG,9.0,0.0,10.1,1.8,4.4,0.4,0.0,0.2,0.0,1.8,4.2,0.421,0.4,1.1,2.0,0.556,1.0,0.4,1.4,0.3,0.1,1.2,1.4,4.7,0,10.0,4.0,1.0,['VAUNION'],,0,0,0,2,1987,0.4,3.0,,1.0,8.9
0,Danny Wagner,1949-50,27.0,['SHE'],NBA,,11.0,,,1.7,4.9,0.352,,,,,,,,2.8,3.2,0.886,,,,1.6,,,2.0,6.3,0,26.0,,4.0,,,0,0,0,,,,,,,
0,Ralph Wells,1962-63,22.0,['CHZ'],NBA,,3.0,,16.0,0.3,2.3,0.143,,,,,,,,0.0,2.3,0.0,,,2.0,2.3,,,2.0,0.7,0,2.0,2.0,2.0,['NWESTERN'],,0,0,0,,,,,,,
0,Ennis Whatley,1983-84,21.0,['CHI' 'TOT' 'CLE' 'WSB' 'SAS' 'ATL' 'LAC' 'POR'],NBA,PG,82.0,73.0,27.0,3.4,7.1,0.508,0.1,0.3,0.25,3.4,7.0,0.522,0.508,1.8,2.5,0.909,0.8,1.9,2.7,8.3,0.3,3.4,2.8,8.5,1,21.0,8.0,22.0,['ALABAMA'],,0,0,0,13,1983,1.5,6.0,,2.0,22.6
0,Ward Williams,1948-49,25.0,['FTW'],BAA,,53.0,,,1.2,4.8,0.237,,,,,,,,1.8,2.3,0.75,,,,1.5,,,3.0,4.1,0,13.0,,5.0,['INDIANA'],,0,0,0,8,1948,,,,,
0,D.J. White,2008-09,22.0,['OKC' 'TOT' 'CHA' 'BOS'],NBA,PF,58.0,11.0,19.4,3.7,7.1,0.61,0.0,0.1,1.0,3.7,7.1,0.61,0.61,1.7,2.3,0.9,1.4,3.1,4.6,0.9,0.7,0.7,1.9,8.9,1,21.0,11.0,3.0,['INDIANA'],https://www.basketball-reference.com/req/202106291/images/headshots/whitedj01.jpg,0,0,0,29,2008,0.5,2.0,,4.0,19.1
0,D.J. Wilson,2017-18,21.0,['MIL' 'TOT' 'HOU' 'TOR'],NBA,PF,48.0,3.0,18.4,2.8,5.4,0.733,1.0,2.6,0.4,2.8,3.3,0.846,0.733,2.0,2.5,0.8,0.9,3.8,4.6,1.3,0.5,0.8,1.8,7.5,1,25.0,17.0,5.0,['MICHIGAN'],https://www.basketball-reference.com/req/202106291/images/headshots/wilsodj01.jpg,0,0,0,17,2017,1.3,5.0,,3.0,22.3
0,Earl Williams,1974-75,23.0,['PHO' 'DET' 'NYN' 'BOS'],NBA,C,79.0,,13.7,2.7,6.2,0.48,,,,,,,,3.0,6.0,0.583,2.2,3.8,5.8,1.2,1.0,1.0,2.1,6.1,0,27.0,25.0,7.0,,,0,0,0,13,1974,0.6,4.0,,2.0,20.8
0,Marcus Williams,2006-07,21.0,['NJN' 'GSW' 'MEM'],NBA,PG,79.0,7.0,16.6,2.6,6.7,0.395,1.0,2.7,0.38,2.1,4.6,0.446,0.471,0.9,1.1,0.847,0.4,1.7,2.1,3.3,0.1,1.8,1.2,6.8,0,27.0,8.0,13.0,['UCONN'],https://www.basketball-reference.com/req/202106291/images/headshots/willima03.jpg,0,0,0,22,2006,0.5,4.0,,2.0,20.4
0,Corey Williams,1992-93,22.0,['CHI' 'MIN'],NBA,PG,35.0,0.0,11.5,1.3,3.3,0.385,0.0,0.3,0.333,1.3,3.0,0.417,0.385,0.5,0.6,1.0,0.5,1.3,1.5,1.5,0.1,0.5,1.5,2.8,0,10.0,4.0,5.0,['OKSTATE'],,0,1,0,6,1992,0.5,2.0,,1.0,5.3
0,Andy Walker,1976-77,21.0,['NOJ'],NBA,SF,40.0,,11.0,1.8,3.9,0.462,,,,,,,,0.9,1.2,0.766,0.6,1.3,1.9,0.8,0.2,,1.5,4.5,0,17.0,8.0,5.0,['NIAGARA'],,0,0,0,7,1976,0.5,3.0,,2.0,
0,Isaiah Whitehead,2016-17,21.0,['BRK'],NBA,PG,73.0,26.0,22.5,2.8,7.0,0.465,0.6,2.0,0.389,2.2,4.9,0.485,0.506,1.2,1.5,0.805,0.4,2.1,2.5,2.6,0.5,1.9,2.4,7.4,0,24.0,10.0,8.0,['SETONHALL'],https://www.basketball-reference.com/req/202106291/images/headshots/whiteis01.jpg,0,0,0,12,2016,0.6,4.0,,3.0,14.9
0,Jim Wilson,1970-71,,['PTC'],ABA,,6.0,,7.3,0.2,1.3,0.125,0.0,0.0,,0.2,1.3,0.125,0.125,0.7,1.0,0.667,0.2,0.8,1.0,1.3,,0.8,0.5,1.0,0,2.0,,,,,0,0,0,11,1970,,,,,
0,John Warren,1969-70,22.0,['NYK' 'CLE'],NBA,SG,82.0,,31.8,4.6,11.0,0.486,,,,,,,,2.2,2.6,0.947,0.6,1.2,4.2,4.2,0.1,,3.6,11.5,0,27.0,12.0,13.0,['STJOHNS'],,0,1,0,11,1969,0.4,3.0,,1.0,
0,Jimmy Walker,1967-68,23.0,['DET' 'HOU' 'TOT' 'KCO' 'KCK'],NBA,SG,81.0,,40.6,8.2,17.8,0.583,,,,,,,,5.1,6.2,0.884,0.7,2.3,3.3,5.5,0.2,,2.7,21.3,1,44.0,11.0,12.0,['PROVIDENCE'],,2,0,0,1,1967,1.2,4.0,,2.0,
0,Bracey Wright,2005-06,21.0,['MIN'],NBA,SG,19.0,0.0,19.3,3.0,7.3,0.412,0.9,2.4,0.353,2.1,4.9,0.45,0.471,2.0,2.3,0.875,0.4,2.1,2.6,0.8,0.1,1.1,1.1,8.9,0,19.0,6.0,4.0,['INDIANA'],,0,0,0,17,2005,0.5,2.0,,1.0,10.8
0,Lenny Wilkens,1960-61,23.0,['STL' 'SEA' 'CLE' 'POR'],NBA,PG,82.0,,43.5,7.9,18.2,0.466,,,,,,,,6.7,8.7,0.828,1.1,2.7,6.6,9.6,0.2,,3.7,22.4,0,41.0,15.0,20.0,['PROVIDENCE'],https://www.basketball-reference.com/req/202106291/images/headshots/wilkele01.jpg,9,0,0,6,1960,1.3,7.0,13.0,4.0,
0,Jamie Watson,1994-95,22.0,['UTA' 'TOT' 'DAL' 'MIA'],NBA,SF,60.0,6.0,21.1,2.0,4.7,0.5,0.3,0.9,0.429,1.7,3.8,0.534,0.516,0.8,0.9,0.833,1.4,1.5,2.9,2.3,0.2,1.5,1.9,4.5,1,14.0,6.0,6.0,['SCAROLINA'],,0,0,0,20,1994,1.1,5.0,,1.0,12.8
0,Rex Walters,1993-94,23.0,['NJN' 'TOT' 'PHI' 'MIA'],NBA,SG,80.0,30.0,17.9,2.6,5.9,0.542,1.0,2.5,0.5,1.7,3.4,0.625,0.604,1.1,1.4,1.0,0.4,1.5,1.8,2.9,0.2,1.0,1.9,6.8,1,27.0,9.0,12.0,['NWESTERN' 'KANSAS'],,0,0,0,16,1993,0.7,5.0,,2.0,29.6
0,Mitchell Wiggins,1983-84,24.0,['CHI' 'HOU' 'PHI'],NBA,SG,82.0,52.0,28.1,6.3,12.9,0.488,0.1,0.4,0.261,6.3,12.9,0.492,0.489,2.9,3.6,0.81,2.3,2.3,4.3,2.4,0.2,1.7,3.4,15.5,0,34.0,10.0,9.0,['CLEMSON' 'FLORIDAST'],,0,0,0,23,1983,1.4,5.0,,2.0,26.6
0,Samaki Walker,1996-97,20.0,['DAL' 'SAS' 'LAL' 'MIA' 'WAS' 'IND'],NBA,PF,71.0,63.0,25.0,3.8,7.8,0.512,0.0,0.1,0.333,3.8,7.8,0.512,0.512,1.4,2.5,1.0,2.3,5.1,7.4,1.0,1.3,1.5,3.1,8.9,0,26.0,20.0,5.0,['LOUISVILLE'],https://www.basketball-reference.com/req/202106291/images/headshots/walkesa01.jpg,0,1,0,9,1996,0.7,3.0,,5.0,18.8
0,Hakim Warrick,2005-06,23.0,['MEM' 'TOT' 'MIL' 'CHI' 'PHO' 'NOH' 'CHA'],NBA,PF,82.0,43.0,26.2,4.5,8.7,0.524,0.2,0.6,0.271,4.5,8.6,0.53,0.524,3.6,4.7,1.0,1.8,3.5,5.1,0.9,0.5,2.0,2.8,12.7,1,32.0,16.0,5.0,['SYRACUSE'],https://www.basketball-reference.com/req/202106291/images/headshots/warriha01.jpg,0,0,0,19,2005,1.0,3.0,,3.0,28.8
0,Shawne Williams,2006-07,20.0,['IND' 'DAL' 'NYK' 'NJN' 'LAL' 'TOT' 'MIA' 'DET'],NBA,SG,65.0,22.0,21.0,2.6,6.0,0.469,1.4,3.6,0.401,1.8,3.6,0.519,0.55,1.2,1.6,1.0,1.3,3.9,4.6,0.9,0.8,0.9,2.6,7.1,1,25.0,12.0,4.0,['MEMPHIS'],https://www.basketball-reference.com/req/202106291/images/headshots/willish03.jpg,0,0,0,17,2006,0.6,3.0,,5.0,20.4
0,Trendon Watford,2021-22,21.0,['POR'],NBA,SF,62.0,12.0,19.1,3.0,5.6,0.56,0.4,1.0,0.391,2.8,4.8,0.602,0.599,1.5,2.0,0.755,1.2,3.2,4.1,2.1,0.6,1.1,2.4,7.6,0,27.0,14.0,8.0,['LSU'],https://www.basketball-reference.com/req/202106291/images/headshots/watfotr01.jpg,0,0,0,,,0.5,3.0,,4.0,25.7
0,Michael Wiley,1980-81,23.0,['SAS' 'SDC'],NBA,PF,61.0,1.0,16.6,3.3,5.9,0.565,0.0,0.1,0.0,3.3,5.8,0.573,0.565,1.6,2.3,0.75,1.1,1.9,3.0,0.9,0.3,1.2,2.1,8.3,0,28.0,9.0,5.0,['LONGBEACH'],,0,0,0,16,1980,0.7,3.0,,3.0,21.8
0,Win Wilfong,1957-58,24.0,['STL' 'CIN'],NBA,PG,72.0,,27.7,3.9,10.6,0.37,,,,,,,,2.3,3.4,0.809,,,4.9,3.7,,,3.2,10.1,0,25.0,11.0,11.0,['MISSOURI' 'MEMPHIS'],,0,1,0,4,1957,,,,,
0,Howard Wood,1981-82,22.0,['UTA'],NBA,SF,42.0,3.0,8.1,1.3,2.9,0.458,0.0,0.0,0.0,1.3,2.8,0.462,0.458,0.8,1.2,0.654,0.5,1.0,1.5,0.2,0.1,0.4,0.9,3.4,0,16.0,7.0,1.0,['TENNESSEE'],,0,0,0,4,1981,0.2,2.0,,2.0,12.5
0,Rickey Williams,1982-83,25.0,['UTA'],NBA,SG,44.0,0.0,7.9,1.3,3.1,0.415,0.0,0.1,0.0,1.3,3.0,0.424,0.415,0.8,1.2,0.66,0.3,0.5,0.9,0.8,0.1,0.9,1.0,3.3,0,13.0,5.0,5.0,['NMEXICO' 'LONGBEACH'],,0,0,0,4,1978,0.5,2.0,,2.0,11.5
0,Mo Williams,2003-04,21.0,['UTA' 'MIL' 'CLE' 'TOT' 'LAC' 'POR' 'MIN' 'CHO'],NBA,SG,81.0,81.0,36.5,6.9,15.4,0.48,2.3,6.6,0.436,5.7,12.1,0.512,0.548,3.1,3.4,0.912,0.8,4.0,4.8,7.1,0.3,3.0,3.0,17.8,1,52.0,11.0,15.0,['ALABAMA'],https://www.basketball-reference.com/req/202106291/images/headshots/willima01.jpg,1,1,0,18,2003,1.3,6.0,1.0,4.0,38.4
0,Marv Winkler,1970-71,22.0,['MIL' 'INA'],NBA,,20.0,,7.8,1.0,3.3,0.3,0.1,0.2,0.5,1.0,3.3,0.3,0.3,0.7,0.7,1.0,0.4,0.5,1.3,0.7,,0.6,1.0,2.7,0,7.0,4.0,4.0,,,0,1,0,16,1970,,,,,
0,Richard Washington,1976-77,21.0,['KCK' 'MIL' 'TOT' 'DAL' 'CLE'],NBA,PF,82.0,2.0,28.6,5.4,12.6,0.477,0.0,0.1,0.5,5.4,12.6,0.477,0.477,2.2,3.1,0.754,2.5,6.1,8.5,1.6,1.1,2.4,4.2,13.0,1,30.0,21.0,6.0,['UCLA'],,0,0,0,3,1976,0.9,5.0,,6.0,25.0
0,Foots Walker,1974-75,23.0,['CLE' 'NJN'],NBA,PG,81.0,54.0,31.9,3.8,8.1,0.464,0.1,0.2,0.4,3.8,8.1,0.471,0.464,2.6,3.2,0.889,1.1,2.8,3.8,8.0,0.3,2.3,2.8,10.1,0,26.0,12.0,18.0,['WGEORGIA'],,0,0,0,2,1974,2.4,8.0,2.0,3.0,27.3
0,Chris Webber,1993-94,20.0,['GSW' 'WSB' 'WAS' 'SAC' 'TOT' 'PHI' 'DET'],NBA,C,76.0,76.0,40.9,11.2,23.4,0.552,1.0,2.9,0.441,11.2,23.0,0.559,0.571,4.7,6.6,0.799,4.0,9.4,13.0,5.5,2.2,3.5,3.8,27.1,1,51.0,26.0,13.0,['MICHIGAN'],https://www.basketball-reference.com/req/202106291/images/headshots/webbech01.jpg,5,0,0,1,1993,1.8,8.0,21.0,9.0,40.7
0,Dion Waiters,2012-13,21.0,['CLE' 'TOT' 'OKC' 'MIA' 'LAL'],NBA,SG,80.0,48.0,30.6,6.1,14.4,0.433,2.7,6.6,0.471,4.8,10.6,0.558,0.538,2.6,3.5,0.875,0.6,3.7,3.7,4.3,0.7,2.3,2.3,15.9,1,33.0,10.0,11.0,['SYRACUSE'],https://www.basketball-reference.com/req/202106291/images/headshots/waitedi01.jpg,0,1,0,4,2012,1.3,5.0,,3.0,28.1
0,Chet Walker,1962-63,22.0,['SYR' 'PHI' 'CHI'],NBA,SF,82.0,,36.5,8.0,17.3,0.505,,,,,,,,6.2,7.3,0.875,1.6,4.2,10.3,2.5,0.1,,3.1,22.0,0,56.0,21.0,8.0,['BRADLEY'],https://www.basketball-reference.com/req/202106291/images/headshots/walkech01.jpg,7,1,0,5,1962,0.8,5.0,,1.0,
0,Jayson Williams,1990-91,22.0,['PHI' 'NJN'],NBA,PF,80.0,65.0,36.0,5.4,13.2,0.498,0.0,0.1,0.5,5.4,13.1,0.501,0.498,3.0,4.5,0.666,6.8,7.6,13.6,1.2,2.0,2.0,4.2,13.4,0,35.0,26.0,5.0,['STJOHNS'],https://www.basketball-reference.com/req/202106291/images/headshots/willija01.jpg,1,0,0,21,1990,0.8,3.0,,6.0,29.6
0,Donald Whiteside,1996-97,27.0,['TOR' 'ATL'],NBA,PG,27.0,1.0,9.6,0.7,2.0,0.5,0.4,1.3,0.333,0.3,0.7,1.0,0.5,0.4,0.7,0.733,0.1,0.4,0.4,1.3,0.0,0.6,0.9,2.2,0,9.0,2.0,3.0,['NILLINOIS'],,0,0,0,,,0.4,2.0,,,9.1
0,Robert Whaley,2005-06,23.0,['UTA'],NBA,C,23.0,0.0,9.2,1.0,2.5,0.404,0.0,0.0,,1.0,2.5,0.404,0.404,0.1,0.3,0.5,0.7,1.2,1.9,0.7,0.3,0.6,1.8,2.1,0,11.0,7.0,2.0,['BARTONCCC' 'CINCY' 'WALSHOH'],,0,0,0,21,2005,0.3,1.0,,2.0,5.7
0,Eric Williams,1995-96,23.0,['BOS' 'DEN' 'TOT' 'CLE' 'NJN' 'TOR' 'SAS' 'CHA'],NBA,SF,82.0,79.0,36.3,6.0,15.3,0.47,0.8,1.9,0.471,6.0,15.3,0.483,0.559,7.8,11.3,0.799,2.5,3.5,5.3,3.0,0.2,2.3,3.8,19.8,1,31.0,12.0,7.0,['PROVIDENCE'],,0,0,0,14,1995,1.0,5.0,,2.0,28.6
0,Jahidi White,1998-99,22.0,['WAS' 'TOT' 'PHO' 'CHA'],NBA,PF,80.0,69.0,23.7,3.0,6.0,0.538,0.0,0.0,0.0,3.0,6.0,0.538,0.538,2.6,4.6,0.68,2.6,5.0,7.7,0.3,1.6,2.0,3.1,8.6,1,23.0,19.0,2.0,['GEORGETOWN'],,0,0,0,14,1998,0.5,3.0,,7.0,25.2
0,John Williamson,1973-74,22.0,['NYA' 'TOT' 'NYN' 'IND' 'NJN' 'WSB'],ABA,SG,77.0,,38.8,11.8,25.9,0.491,0.3,0.7,0.421,11.8,25.9,0.494,0.492,6.0,7.0,0.864,1.0,2.3,3.2,3.7,0.4,3.1,3.4,29.5,1,50.0,10.0,12.0,['NMSTATE'],https://www.basketball-reference.com/req/202106291/images/headshots/willijo01.jpg,0,2,0,10,1973,1.6,6.0,,2.0,31.3
0,Zion Williamson,2019-20,19.0,['NOP'],NBA,PF,61.0,61.0,33.2,10.4,17.0,0.611,0.3,0.7,0.429,10.2,16.4,0.622,0.616,6.1,8.7,0.714,2.7,5.0,7.2,4.6,0.6,3.4,2.2,27.0,0,43.0,15.0,9.0,['DUKE'],https://www.basketball-reference.com/req/202106291/images/headshots/willizi01.jpg,2,0,0,1,2019,1.1,5.0,,3.0,36.4
0,Dwyane Wade,2003-04,22.0,['MIA' 'CHI' 'TOT' 'CLE'],NBA,PG,79.0,79.0,38.6,10.8,22.0,0.545,1.2,3.6,0.33,9.7,18.5,0.557,0.551,8.5,10.7,0.807,1.6,4.8,6.4,7.5,1.3,4.4,3.0,30.2,1,55.0,16.0,16.0,['MARQUETTE'],https://www.basketball-reference.com/req/202106291/images/headshots/wadedw01.jpg,13,3,1,5,2003,2.2,8.0,5.0,5.0,49.0
0,Don Washington,1974-75,22.0,['DNA' 'UTS'],ABA,SF,50.0,,9.7,2.0,3.7,0.667,0.0,0.0,0.0,2.0,3.6,0.667,0.667,0.8,1.1,0.679,0.8,1.5,2.2,0.6,0.4,1.0,3.2,4.0,0,18.0,11.0,3.0,,,0,0,0,8,1975,0.2,1.0,,1.0,5.8
0,Tony White,1987-88,22.0,['TOT' 'CHI' 'NYK' 'GSW'],NBA,PG,49.0,0.0,13.2,2.7,5.8,0.463,0.0,0.1,0.0,2.7,5.7,0.475,0.463,0.9,1.2,0.732,0.3,0.5,0.8,1.4,0.1,1.1,1.2,6.2,1,24.0,3.0,5.0,['TENNESSEE'],,0,0,0,10,1987,0.5,3.0,,1.0,16.8
0,Peyton Watson,2022-23,20.0,['DEN'],NBA,SG,23.0,2.0,8.1,1.3,2.6,0.492,0.3,0.6,0.429,1.0,2.0,0.511,0.542,0.5,0.9,0.55,0.3,1.3,1.6,0.5,0.5,0.3,0.6,3.3,0,13.0,8.0,4.0,['UCLA'],https://www.basketball-reference.com/req/202106291/images/headshots/watsope01.jpg,0,1,0,30,2022,0.1,1.0,,3.0,9.9
0,Buck Williams,1981-82,21.0,['NJN' 'POR' 'NYK'],NBA,PF,82.0,82.0,38.8,7.0,13.3,0.604,0.0,0.0,1.0,7.0,13.2,0.605,0.604,5.2,7.4,0.754,4.5,8.5,12.5,2.0,1.5,3.4,3.8,18.3,0,35.0,27.0,7.0,['MARYLAND'],https://www.basketball-reference.com/req/202106291/images/headshots/willibu01.jpg,3,0,0,3,1981,1.1,5.0,,7.0,36.9
0,Moses Wright,2021-22,23.0,['TOT' 'LAC' 'DAL'],NBA,PF,4.0,0.0,4.3,0.3,1.3,0.25,0.0,0.3,0.0,0.3,1.0,0.333,0.25,1.0,1.0,1.0,0.3,0.7,1.0,1.0,0.3,0.0,0.0,1.7,1,3.0,2.0,1.0,['GATECH'],https://www.basketball-reference.com/req/202106291/images/headshots/wrighmo01.jpg,0,0,0,,,0.0,,,1.0,4.0
0,Briante Weber,2015-16,23.0,['TOT' 'MEM' 'MIA' 'GSW' 'CHO' 'HOU'],NBA,PG,20.0,4.0,27.7,2.2,6.3,1.0,0.3,0.8,0.444,2.2,5.5,1.0,1.0,0.8,1.2,1.0,1.3,2.7,4.0,3.3,0.5,1.6,2.0,4.8,1,15.0,7.0,7.0,['VCU'],https://www.basketball-reference.com/req/202106291/images/headshots/weberbr01.jpg,0,0,0,,,1.6,3.0,,1.0,13.1
0,Bill Walton,1974-75,22.0,['POR' 'SDC' 'LAC' 'BOS'],NBA,C,80.0,46.0,34.8,7.9,15.2,0.562,0.0,0.0,0.0,7.9,15.2,0.562,0.562,3.5,5.0,0.72,3.2,11.2,14.4,5.0,3.6,3.6,3.4,18.9,0,36.0,26.0,14.0,['UCLA'],https://www.basketball-reference.com/req/202106291/images/headshots/waltobi01.jpg,2,2,0,1,1974,1.0,6.0,5.0,9.0,30.6
0,Brian Winters,1974-75,22.0,['LAL' 'MIL'],NBA,SG,80.0,13.0,35.8,8.4,18.2,0.501,0.6,1.5,0.387,8.4,18.2,0.516,0.524,3.1,3.7,0.869,1.1,2.3,3.2,4.9,0.5,3.3,3.1,19.9,0,43.0,10.0,18.0,['SCAROLINA'],https://www.basketball-reference.com/req/202106291/images/headshots/wintebr01.jpg,2,0,0,12,1974,1.6,5.0,,3.0,39.0
0,Ron Widby,1967-68,22.0,['NOB'],ABA,,20.0,,6.9,1.4,3.5,0.386,0.0,0.2,0.0,1.4,3.4,0.403,0.386,0.2,0.4,0.571,,,2.3,0.2,,0.4,0.9,2.9,0,12.0,6.0,,['TENNESSEE'],,0,0,0,3,1967,,,,,
0,Jack White,2022-23,25.0,['DEN'],NBA,SF,17.0,0.0,3.9,0.5,1.1,0.421,0.2,0.5,0.333,0.3,0.6,0.5,0.5,0.1,0.2,0.667,0.4,0.6,1.0,0.2,0.1,0.1,0.5,1.2,0,7.0,8.0,2.0,['DUKE'],https://www.basketball-reference.com/req/202106291/images/headshots/whiteja03.jpg,0,1,0,,,0.2,1.0,,2.0,7.3
0,Dajuan Wagner,2002-03,19.0,['CLE' 'GSW'],NBA,SG,47.0,24.0,29.5,4.7,12.9,1.0,1.2,3.7,1.0,3.6,9.2,0.448,1.5,2.7,3.4,0.8,0.4,1.3,1.7,2.8,0.2,1.8,2.3,13.4,0,33.0,7.0,10.0,['MEMPHIS'],,0,0,0,6,2002,0.8,3.0,,2.0,23.4
0,Dominique Wilkins,1982-83,23.0,['ATL' 'TOT' 'LAC' 'BOS' 'SAS' 'ORL'],NBA,SF,82.0,82.0,39.1,11.7,25.1,0.493,1.7,4.5,0.388,11.2,23.4,0.504,0.506,7.7,9.4,0.854,3.3,5.8,9.0,3.8,1.1,3.2,2.6,30.7,1,57.0,19.0,10.0,['GEORGIA'],https://www.basketball-reference.com/req/202106291/images/headshots/wilkido01.jpg,9,0,0,3,1982,1.8,7.0,,6.0,51.6
0,D.C. Wilcutt,1948-49,25.0,['STB'],BAA,,37.0,,,0.8,2.3,0.353,,,,,,,,0.8,1.1,0.833,,,,1.4,,,0.7,2.3,0,11.0,,5.0,['STLOUIS'],,0,0,0,,1948,,,,,
0,Dwight Waller,1968-69,23.0,['ATL' 'DNR'],NBA,,11.0,,12.4,1.4,3.4,0.5,0.0,0.1,0.0,1.4,3.3,0.5,0.5,1.3,2.7,0.474,2.3,3.1,5.4,0.6,,2.3,1.7,4.1,0,8.0,9.0,1.0,,,0,0,0,11,1968,,,,,
0,John Wallace,1996-97,22.0,['NYK' 'TOR' 'DET' 'PHO' 'MIA'],NBA,SF,82.0,36.0,28.8,5.7,11.9,0.517,0.1,0.4,0.5,5.7,11.9,0.517,0.521,2.6,3.6,0.87,1.4,3.1,4.5,1.3,1.2,2.1,2.9,14.0,0,30.0,12.0,6.0,['SYRACUSE'],,0,0,0,18,1996,0.8,4.0,,5.0,29.0
0,Sean Williams,2007-08,21.0,['NJN' 'TOT' 'DAL' 'BOS'],NBA,C,73.0,29.0,17.5,2.2,4.2,0.75,0.0,0.1,0.0,2.2,4.2,0.75,0.75,2.3,2.3,1.0,1.6,2.8,4.4,1.0,1.5,1.0,2.6,5.6,1,22.0,12.0,3.0,['BOSTONCOLL'],https://www.basketball-reference.com/req/202106291/images/headshots/willise01.jpg,0,0,0,17,2007,1.0,3.0,,8.0,19.1
0,Hassan Whiteside,2010-11,21.0,['SAC' 'MIA' 'POR' 'UTA'],NBA,C,77.0,77.0,32.6,7.0,12.6,0.652,0.1,0.2,1.0,7.0,12.6,0.652,0.652,2.9,4.6,0.703,3.9,10.3,14.1,1.2,3.7,2.0,2.9,17.0,0,33.0,25.0,7.0,['MARSHALL'],https://www.basketball-reference.com/req/202106291/images/headshots/whiteha01.jpg,0,0,0,3,2010,0.7,4.0,4.0,12.0,36.2
0,Fly Williams,1974-75,21.0,['SSL'],ABA,SG,71.0,,17.5,4.2,9.1,0.462,0.0,0.2,0.143,4.2,8.9,0.469,0.463,1.0,1.4,0.683,1.0,1.5,2.5,2.0,0.1,2.5,2.2,9.4,0,29.0,9.0,8.0,,,0,0,0,12,1976,0.9,4.0,,2.0,8.3
0,Jiří Welsch,2002-03,23.0,['GSW' 'BOS' 'TOT' 'CLE' 'MIL'],NBA,SF,81.0,68.0,26.9,3.2,7.6,0.428,0.9,2.2,0.381,2.4,5.3,0.475,0.484,2.0,2.6,0.773,0.7,2.9,3.7,2.3,0.1,1.6,2.2,9.2,1,24.0,12.0,7.0,,https://www.basketball-reference.com/req/202106291/images/headshots/welscji01.jpg,0,0,0,16,2002,1.2,4.0,,2.0,22.5
0,Dave Wohl,1971-72,22.0,['PHI' 'TOT' 'POR' 'BUF' 'HOU' 'NYN' 'NJN'],NBA,PG,79.0,,27.5,3.7,8.1,0.48,,,,,,,,2.0,2.6,1.0,0.4,1.6,2.1,4.6,0.2,1.6,3.3,8.8,1,29.0,7.0,12.0,['UPENN'],,0,0,0,11,1971,1.7,6.0,,2.0,-0.6
0,Tyson Wheeler,1998-99,23.0,['DEN'],NBA,PG,1.0,0.0,3.0,1.0,1.0,1.0,1.0,1.0,1.0,0.0,0.0,,1.5,1.0,2.0,0.5,0.0,0.0,0.0,2.0,0.0,0.0,1.0,4.0,0,4.0,,2.0,['RHODEISLE'],,0,0,0,18,1998,0.0,,,,4.3
0,Bob Warlick,1965-66,24.0,['DET' 'SFW' 'TOT' 'MIL' 'PHO' 'LAS'],NBA,SG,69.0,,24.5,3.9,10.7,0.423,0.0,0.0,0.0,3.9,10.6,0.423,0.423,2.2,3.3,0.8,1.8,2.2,3.9,2.6,,2.0,2.4,10.0,1,27.0,12.0,9.0,['PEPPERDINE'],,0,0,0,,,,,,,
0,Derrick White,2017-18,23.0,['SAS' 'TOT' 'BOS'],NBA,PG,82.0,70.0,30.3,5.2,12.6,0.485,2.3,6.8,0.615,3.3,6.4,0.548,0.606,2.8,3.3,0.875,0.6,3.2,3.7,5.6,1.0,1.8,2.5,15.4,1,33.0,10.0,14.0,['COLORADO'],https://www.basketball-reference.com/req/202106291/images/headshots/whitede01.jpg,0,0,0,29,2017,1.0,6.0,,6.0,33.7
0,Ray Williams,1977-78,23.0,['NYK' 'NJN' 'KCK' 'BOS' 'TOT' 'ATL' 'SAS'],NBA,PG,82.0,69.0,34.7,8.4,16.9,0.496,0.3,1.1,0.364,8.3,16.4,0.505,0.499,4.7,5.7,0.969,1.8,3.3,5.0,7.9,0.5,4.7,3.7,20.9,1,52.0,12.0,18.0,['MINNESOTA'],,0,0,0,10,1977,2.4,8.0,5.0,3.0,30.5
0,Matt Wenstrom,1993-94,23.0,['BOS'],NBA,C,11.0,0.0,3.4,0.5,0.9,0.6,0.0,0.0,,0.5,0.9,0.6,0.6,0.5,0.9,0.6,0.5,0.5,1.1,0.0,0.2,0.4,0.6,1.6,0,5.0,4.0,,['UNC'],,0,0,0,,,0.0,,,1.0,4.9
0,Milt Williams,1970-71,25.0,['NYK' 'ATL' 'SEA' 'SSL'],NBA,PG,53.0,,23.8,2.8,5.3,1.0,0.0,0.0,,2.8,5.3,1.0,1.0,2.1,2.9,0.724,1.0,2.3,3.3,3.0,0.0,2.5,2.5,6.7,0,24.0,5.0,8.0,,,0,0,0,5,1968,2.5,2.0,,,
0,Brandon Williams,1997-98,22.0,['GSW' 'SAS' 'ATL'],NBA,SG,9.0,2.0,15.6,1.8,5.6,0.32,0.3,1.0,0.333,1.4,4.6,0.317,0.35,0.7,1.3,0.5,0.4,1.2,1.7,0.3,0.3,1.0,2.0,4.1,0,11.0,4.0,1.0,['DAVIDSON'],https://www.basketball-reference.com/req/202106291/images/headshots/willibr01.jpg,0,1,0,,,0.7,2.0,,2.0,7.1
0,Mike Williams,1989-90,26.0,['TOT' 'SAC' 'ATL'],NBA,"PF,SF",21.0,0.0,5.5,0.4,0.9,0.429,0.0,0.1,0.0,0.4,0.8,0.462,0.429,0.2,0.4,0.5,0.3,1.1,1.4,0.1,0.4,0.2,1.8,0.9,1,4.0,4.0,1.0,['CINCY' 'BRADLEY'],,0,0,0,4,1986,0.2,1.0,,2.0,5.2
0,Rodney White,2001-02,21.0,['DET' 'DEN' 'TOT' 'GSW'],NBA,SF,72.0,19.0,21.7,3.6,8.9,0.459,0.5,1.9,0.432,3.2,7.0,0.478,0.495,1.4,1.7,0.857,0.6,2.4,3.0,1.7,0.4,2.2,1.9,9.0,1,24.0,12.0,10.0,['CHARLOTTE'],,0,0,0,9,2001,0.7,3.0,1.0,3.0,21.7
0,T.J. Warren,2014-15,21.0,['PHO' 'IND' 'TOT' 'BRK'],NBA,SF,67.0,67.0,33.0,8.1,16.4,0.536,1.8,4.2,0.428,7.8,15.0,0.614,0.581,3.0,3.9,0.819,1.9,3.3,5.1,1.5,0.7,1.3,4.0,19.8,1,53.0,16.0,6.0,['NCSTATE'],https://www.basketball-reference.com/req/202106291/images/headshots/warretj01.jpg,0,0,0,14,2014,1.2,5.0,,4.0,42.8
0,Lou Williams,2005-06,19.0,['PHI' 'ATL' 'TOR' 'LAL' 'TOT' 'HOU' 'LAC'],NBA,PG,81.0,38.0,32.8,7.4,16.9,0.47,2.4,6.6,0.444,5.1,11.3,0.527,0.527,5.7,6.5,0.884,0.5,2.6,3.1,5.6,0.4,3.0,1.7,22.6,1,50.0,10.0,13.0,,https://www.basketball-reference.com/req/202106291/images/headshots/willilo02.jpg,0,0,0,15,2005,1.3,10.0,1.0,3.0,40.6
0,A.J. Wynder,1990-91,26.0,['BOS'],NBA,PG,6.0,0.0,6.5,0.5,2.0,0.25,0.0,0.2,0.0,0.5,1.8,0.273,0.25,1.0,1.3,0.75,0.2,0.3,0.5,1.3,0.0,0.7,0.2,2.0,0,4.0,2.0,3.0,['UMASS' 'FAIRFIELD'],,0,0,0,,,0.2,1.0,,,3.7
0,Lonnie Wright,1967-68,23.0,['DNR' 'TOT' 'FLO'],ABA,SG,79.0,,36.8,6.6,15.8,0.439,0.7,2.4,0.28,6.3,14.5,0.467,0.443,3.0,4.0,0.812,0.9,3.5,4.2,2.5,,2.3,3.6,16.4,1,37.0,9.0,7.0,['COLORADOST'],,0,0,0,4,1966,,,,,
0,Walt Wesley,1966-67,22.0,['CIN' 'CHI' 'CLE' 'TOT' 'PHO' 'CAP' 'PHI' 'MIL' 'LAL'],NBA,C,82.0,,29.6,6.9,15.1,0.556,,,,,,,,4.0,5.8,0.687,1.6,1.9,8.7,1.0,0.5,,3.6,17.7,1,50.0,21.0,5.0,['KANSAS'],,0,0,0,6,1966,0.2,2.0,,1.0,
0,Andre Wakefield,1978-79,24.0,['TOT' 'CHI' 'DET' 'UTA'],NBA,SG,73.0,,8.1,0.9,2.5,0.4,0.0,0.0,,0.9,2.5,0.4,0.4,0.7,1.0,1.0,0.4,0.7,1.1,1.0,0.0,1.0,1.6,2.4,1,17.0,6.0,6.0,['LOYOLACHI'],,0,0,0,19,1978,0.3,1.0,,1.0,7.8
0,Sly Williams,1979-80,22.0,['NYK' 'ATL' 'BOS'],NBA,SF,68.0,27.0,29.5,5.8,11.2,0.556,0.1,0.7,0.267,5.8,10.7,0.561,0.557,2.8,4.0,0.783,2.4,3.8,6.2,2.8,0.3,2.3,3.0,13.9,0,34.0,15.0,8.0,['RHODEISLE'],,0,0,0,21,1979,1.7,5.0,,3.0,23.6
0,David Wesley,1993-94,23.0,['NJN' 'BOS' 'CHH' 'NOH' 'TOT' 'HOU' 'CLE'],NBA,PG,82.0,82.0,40.4,6.4,15.1,0.468,1.8,4.7,0.429,5.2,12.0,0.513,0.538,3.3,4.1,0.882,0.9,2.8,3.6,7.3,0.4,2.9,3.0,17.2,1,37.0,10.0,15.0,['BAYLOR'],https://www.basketball-reference.com/req/202106291/images/headshots/wesleda01.jpg,0,0,0,,,2.2,7.0,,2.0,37.9
0,DeJuan Wheat,1997-98,24.0,['MIN' 'VAN'],NBA,PG,46.0,0.0,12.8,1.6,4.2,0.4,0.5,1.3,0.471,1.1,2.9,0.383,0.48,0.9,1.2,0.727,0.2,0.7,1.0,2.2,0.0,1.0,1.3,4.5,0,19.0,4.0,8.0,['LOUISVILLE'],,0,0,0,23,1997,0.6,3.0,,1.0,22.1
0,Andrew Wiggins,2014-15,19.0,['MIN' 'TOT' 'GSW'],NBA,SF,82.0,82.0,37.2,8.6,19.1,0.477,2.4,6.5,0.396,7.4,15.6,0.53,0.557,5.3,7.0,0.761,1.6,4.1,5.2,3.7,1.4,2.5,2.9,23.6,1,47.0,11.0,11.0,['KANSAS'],https://www.basketball-reference.com/req/202106291/images/headshots/wiggian01.jpg,1,1,0,1,2014,1.3,6.0,1.0,5.0,37.5
0,Luke Witte,1973-74,23.0,['CLE'],NBA,C,57.0,,12.8,1.8,4.3,0.432,,,,,,,,0.8,1.1,0.742,1.4,2.6,4.0,0.7,0.6,,1.6,4.5,0,17.0,13.0,4.0,['OHIOST'],,0,0,0,5,1973,0.1,3.0,,4.0,
0,Tony Wroten,2012-13,19.0,['MEM' 'PHI'],NBA,SG,72.0,16.0,29.8,5.8,14.5,0.427,1.2,4.7,0.261,4.6,9.7,0.492,0.452,4.0,6.0,0.724,1.0,2.4,3.2,5.2,0.3,3.8,2.4,16.9,0,31.0,10.0,11.0,['WASHINGTON'],https://www.basketball-reference.com/req/202106291/images/headshots/wroteto01.jpg,0,0,0,25,2012,1.6,5.0,1.0,2.0,25.5
0,John Windsor,1963-64,23.0,['SFW'],NBA,PF,11.0,,6.2,0.9,2.5,0.37,,,,,,,,0.6,0.7,0.875,,,2.4,0.2,,,1.2,2.5,0,6.0,5.0,1.0,['STANFORD'],,0,0,0,5,1962,,,,,
0,Trevor Winter,1998-99,25.0,['MIN'],NBA,C,1.0,0.0,5.0,0.0,0.0,,0.0,0.0,,0.0,0.0,,,0.0,0.0,,1.0,2.0,3.0,0.0,0.0,0.0,5.0,0.0,0,,3.0,,['MINNESOTA'],,0,0,0,,,0.0,,,,-0.7
0,Antoine Wright,2005-06,21.0,['NJN' 'TOT' 'DAL' 'TOR' 'SAC'],NBA,SG,67.0,53.0,25.8,2.8,7.0,0.5,0.9,2.6,0.556,2.1,4.5,0.485,0.56,1.1,1.5,0.747,0.9,2.3,3.0,1.6,0.4,1.0,2.6,7.3,1,24.0,11.0,6.0,['TEXASAM'],https://www.basketball-reference.com/req/202106291/images/headshots/wrighan01.jpg,0,0,0,15,2005,0.7,4.0,,4.0,18.5
